ets Jul 29 2019 12:21:46

rst:0x1 (POWERON_RESET),boot:0x12 (SPI_FAST_FLASH_BOOT)
configsip: 0, SPIWP:0xee
clk_drv:0x00,q_drv:0x00,d_drv:0x00,cs0_drv:0x00,hd_drv:0x00,wp_drv:0x00
mode:DIO, clock div:2
load:0x3fff0040,len:6272
load:0x40078000,len:15848
load:0x40080400,len:3920
entry 0x40080644
I (27) boot: ESP-IDF v6.0 2nd stage bootloader
I (27) boot: compile time Apr 23 2026 08:09:33
I (28) boot: Multicore bootloader
I (29) boot: chip revision: v3.1
I (31) boot.esp32: SPI Speed      : 40MHz
I (35) boot.esp32: SPI Mode       : DIO
I (39) boot.esp32: SPI Flash Size : 2MB
I (42) boot: Enabling RNG early entropy source...
I (47) boot: Partition Table:
I (49) boot: ## Label            Usage          Type ST Offset   Length
I (56) boot:  0 nvs              WiFi data        01 02 00009000 00006000
I (62) boot:  1 phy_init         RF data          01 01 0000f000 00001000
I (69) boot:  2 factory          factory app      00 00 00010000 00100000
I (75) boot: End of partition table
I (79) esp_image: segment 0: paddr=00010020 vaddr=3f400020 size=09658h ( 38488) map
I (100) esp_image: segment 1: paddr=00019680 vaddr=3ffb0000 size=02a2ch ( 10796) load
I (104) esp_image: segment 2: paddr=0001c0b4 vaddr=40080000 size=03f64h ( 16228) load
I (111) esp_image: segment 3: paddr=00020020 vaddr=400d0020 size=0f5dch ( 62940) map
I (134) esp_image: segment 4: paddr=0002f604 vaddr=40083f64 size=06e18h ( 28184) load
I (145) esp_image: segment 5: paddr=00036424 vaddr=50000000 size=00028h (    40) load
I (151) boot: Loaded app from partition at offset 0x10000
I (152) boot: Disabling RNG early entropy source...
I (164) cpu_start: Multicore app
I (172) cpu_start: GPIO 3 and 1 are used as console UART I/O pins
I (172) cpu_start: Pro cpu start user code
I (172) cpu_start: cpu freq: 160000000 Hz
I (174) app_init: Application information:
I (178) app_init: Project name:     app-template
I (182) app_init: App version:      1
I (185) app_init: Compile time:     Apr 23 2026 08:07:59
I (191) app_init: ELF file SHA256:  77a17de5a...
I (195) app_init: ESP-IDF:          v6.0
I (198) efuse_init: Min chip rev:     v0.0
I (202) efuse_init: Max chip rev:     v3.99 
I (206) efuse_init: Chip rev:         v3.1
I (210) heap_init: Initializing. RAM available for dynamic allocation:
I (217) heap_init: At 3FFAE6E0 len 00001920 (6 KiB): DRAM
I (222) heap_init: At 3FFB3410 len 0002CBF0 (178 KiB): DRAM
I (227) heap_init: At 3FFE0440 len 00003AE0 (14 KiB): D/IRAM
I (232) heap_init: At 3FFE4350 len 0001BCB0 (111 KiB): D/IRAM
I (238) heap_init: At 4008AD7C len 00015284 (84 KiB): IRAM
I (244) spi_flash: detected chip: generic
I (247) spi_flash: flash io: dio
W (250) spi_flash: Detected size(4096k) larger than the size in the binary image header(2048k). Using the size in the binary image header.
I (263) main_task: Started on CPU0
I (273) main_task: Calling app_main()
1,2106,134.21,0.000000 
2,2106,134.21,1.088278 
3,2075,127.45,1.088435 
4,2100,132.90,1.200376 
5,2109,134.86,1.110399 
6,2102,133.34,1.078105 
Forno LIGADOForno LIGADOForno LIGADOForno LIGADOForno LIGADOForno LIGADOForno LIGADOForno LIGADOForno LIGADOForno LIGADOForno LIGADOForno LIGADOForno LIGADOForno LIGADO7,2103,133.55,1.103502 
8,2108,134.64,1.100055 
9,2100,132.90,1.082183 
10,2096,132.03,1.111186 
11,2105,133.99,1.125769 
12,2098,132.46,1.093477 
13,2102,133.34,1.118876 
14,2102,133.34,1.104613 
15,2112,135.52,1.104771 
16,2099,132.68,1.068870 
17,2099,132.68,1.115901 
18,2096,132.03,1.116061 
19,2096,132.03,1.127039 
20,2094,131.59,1.127201 
21,2095,131.81,1.134575 
22,2093,131.37,1.131131 
23,2096,132.03,1.138506 
24,2096,132.03,1.127851 
25,2071,126.58,1.128013 
26,2096,132.03,1.218324 
27,2095,131.81,1.128349 
28,2097,132.25,1.132117 
29,2091,130.94,1.125067 
30,2091,130.94,1.146864 
31,2089,130.50,1.147028 
32,2095,131.81,1.154404 
33,2090,130.72,1.132934 
34,2075,127.45,1.151126 
35,2088,130.28,1.205380 
36,2086,129.85,1.158675 
37,2086,129.85,1.166053 
38,2087,130.07,1.166219 
39,2090,130.72,1.162781 
40,2092,131.16,1.152129 
41,2108,134.64,1.145082 
42,2080,128.54,1.087550 
43,2092,131.16,1.188673 
44,2089,130.50,1.145571 
45,2093,131.37,1.156553 
46,2089,130.50,1.142294 
47,2093,131.37,1.156881 
48,2089,130.50,1.142623 
49,2096,132.03,1.157210 
50,2090,130.72,1.132133 
51,2091,130.94,1.153931 
52,2091,130.94,1.150489 
53,2092,131.16,1.150654 
54,2090,130.72,1.147212 
55,2080,128.54,1.154588 
56,2090,130.72,1.190812 
57,2091,130.94,1.154922 
58,2092,131.16,1.151481 
59,2096,132.03,1.148039 
60,2087,130.07,1.133779 
61,2086,129.85,1.166395 
62,2086,129.85,1.170167 
63,2094,131.59,1.170334 
64,2098,132.46,1.141653 
65,2087,130.07,1.127392 
66,2086,129.85,1.167218 
67,2090,130.72,1.170990 
68,2093,131.37,1.156733 
69,2085,129.63,1.146080 
70,2092,131.16,1.175091 
71,2083,129.19,1.150017 
72,2084,129.41,1.182634 
73,2091,130.94,1.179197 
74,2083,129.19,1.154123 
75,2082,128.98,1.183135 
76,2088,130.28,1.186909 
77,2086,129.85,1.165442 
78,2084,129.41,1.172820 
79,2080,128.54,1.180199 
80,2080,128.54,1.194791 
81,2080,128.54,1.194961 
82,2079,128.32,1.195131 
83,2078,128.10,1.198907 
84,2078,128.10,1.202683 
85,2078,128.10,1.202854 
86,2078,128.10,1.203025 
87,2077,127.89,1.203196 
88,2080,128.54,1.206973 
89,2081,128.76,1.196327 
90,2080,128.54,1.192891 
91,2080,128.54,1.196666 
92,2079,128.32,1.196836 
93,2096,132.03,1.200612 
94,2078,128.10,1.139481 
95,2077,127.89,1.204550 
96,2078,128.10,1.208327 
97,2082,128.98,1.204893 
98,2078,128.10,1.190640 
99,2085,129.63,1.205233 
100,2079,128.32,1.180162 
101,2077,127.89,1.201965 
102,2080,128.54,1.209347 
103,2076,127.67,1.198701 
104,2078,128.10,1.213295 
105,2070,126.36,1.206255 
106,2083,129.19,1.235274 
107,2074,127.23,1.188571 
108,2080,128.54,1.221193 
109,2075,127.45,1.199731 
110,2077,127.89,1.217931 
111,2068,125.92,1.210891 
112,2074,127.23,1.243516 
113,2074,127.23,1.222057 
114,2068,125.92,1.222230 
115,2067,125.71,1.244039 
116,2071,126.58,1.247821 
117,2071,126.58,1.233574 
118,2071,126.58,1.233748 
119,2070,126.36,1.233923 
120,2070,126.36,1.237704 
121,2070,126.36,1.237879 
122,2071,126.58,1.238054 
123,2071,126.58,1.234623 
124,2069,126.14,1.234798 
125,2069,126.14,1.242184 
126,2064,125.05,1.242360 
127,2071,126.58,1.260565 
128,2071,126.58,1.235502 
129,2073,127.01,1.235676 
130,2069,126.14,1.228639 
131,2089,130.50,1.243237 
132,2068,125.92,1.171293 
133,2070,126.36,1.247184 
134,2067,125.71,1.240148 
135,2069,126.14,1.251141 
136,2077,127.89,1.244106 
137,2079,128.32,1.215433 
138,2073,127.01,1.208393 
139,2070,126.36,1.230199 
140,2062,124.62,1.241191 
141,2073,127.01,1.270214 
142,2068,125.92,1.230727 
143,2070,126.36,1.248931 
144,2069,126.14,1.241895 
145,2066,125.49,1.245676 
146,2069,126.14,1.256670 
147,2068,125.92,1.246029 
148,2070,126.36,1.249811 
149,2071,126.58,1.242775 
150,2070,126.36,1.239344 
151,2068,125.92,1.243125 
152,2064,125.05,1.250512 
153,2065,125.27,1.265112 
154,2064,125.05,1.261684 
155,2074,127.23,1.265468 
156,2065,125.27,1.229586 
157,2065,125.27,1.262213 
158,2057,123.53,1.262391 
159,2064,125.05,1.291417 
160,2064,125.05,1.266357 
161,2064,125.05,1.266535 
162,2062,124.62,1.266713 
163,2062,124.62,1.274104 
164,2046,121.13,1.274283 
165,2063,124.83,1.332158 
166,2058,123.74,1.271044 
167,2065,125.27,1.289252 
168,2075,127.45,1.264192 
169,2063,124.83,1.228310 
170,2058,123.74,1.271754 
171,2059,123.96,1.289963 
172,2061,124.40,1.286538 
173,2057,123.53,1.279507 
174,2054,122.87,1.294111 
175,2060,124.18,1.305111 
176,2062,124.62,1.283658 
177,2066,125.49,1.276627 
178,2062,124.62,1.262382 
179,2062,124.62,1.276983 
180,2061,124.40,1.277163 
181,2077,127.89,1.280948 
182,2065,125.27,1.223432 
183,2061,124.40,1.266875 
184,2062,124.62,1.281477 
185,2061,124.40,1.278051 
186,2063,124.83,1.281836 
187,2064,125.05,1.274804 
188,2061,124.40,1.271377 
189,2063,124.83,1.282373 
190,2062,124.62,1.275341 
191,2055,123.09,1.279125 
192,2057,123.53,1.304547 
193,2058,123.74,1.297518 
194,2058,123.74,1.294093 
195,2062,124.62,1.294275 
196,2059,123.96,1.280032 
197,2057,123.53,1.291030 
198,2058,123.74,1.298422 
199,2059,123.96,1.294998 
200,2061,124.40,1.291574 
201,2064,125.05,1.284542 
202,2057,123.53,1.273904 
203,2042,120.26,1.299325 
204,2063,124.83,1.353596 
205,2058,123.74,1.278060 
206,2037,119.17,1.296269 
207,2058,123.74,1.372176 
208,2058,123.74,1.296642 
209,2061,124.40,1.296824 
210,2053,122.65,1.286187 
211,2053,122.65,1.315215 
212,2062,124.62,1.315399 
213,2057,123.53,1.283129 
214,2053,122.65,1.301338 
215,2047,121.35,1.315944 
216,2047,121.35,1.337764 
217,2043,120.47,1.337951 
218,2043,120.47,1.352562 
219,2043,120.47,1.352751 
220,2043,120.47,1.352940 
221,2045,120.91,1.353129 
222,2044,120.69,1.346107 
223,2042,120.26,1.349901 
224,2043,120.47,1.357301 
225,2044,120.69,1.353885 
226,2042,120.26,1.350468 
227,2047,121.35,1.357869 
228,2045,120.91,1.340029 
229,2046,121.13,1.347427 
230,2046,121.13,1.344010 
231,2054,122.87,1.344197 
232,2058,123.74,1.315537 
233,2053,122.65,1.301296 
234,2054,122.87,1.319508 
235,2053,122.65,1.316086 
236,2057,123.53,1.319875 
237,2061,124.40,1.305635 
238,2057,123.53,1.291393 
239,2058,123.74,1.305997 
240,2054,122.87,1.302573 
241,2055,123.09,1.317178 
242,2057,123.53,1.313756 
243,2061,124.40,1.306727 
244,2059,123.96,1.292485 
245,2057,123.53,1.299876 
246,2061,124.40,1.307269 
247,2058,123.74,1.293027 
248,2061,124.40,1.304025 
249,2062,124.62,1.293388 
250,2064,125.05,1.289962 
251,2064,125.05,1.282929 
252,2064,125.05,1.283108 
253,2069,126.14,1.283286 
254,2067,125.71,1.265434 
255,2073,127.01,1.272822 
256,2071,126.58,1.251363 
257,2073,127.01,1.258748 
258,2075,127.45,1.251711 
259,2075,127.45,1.244673 
260,2078,128.10,1.244845 
261,2073,127.01,1.234200 
262,2096,132.03,1.252401 
263,2074,127.23,1.169637 
264,2083,129.19,1.249130 
265,2079,128.32,1.216849 
266,2078,128.10,1.231441 
267,2079,128.32,1.235218 
268,2093,131.37,1.231783 
269,2079,128.32,1.181470 
270,2081,128.76,1.232117 
271,2095,131.81,1.225075 
272,2091,130.94,1.174761 
273,2082,128.98,1.189347 
274,2086,129.85,1.221965 
275,2089,130.50,1.207710 
276,2090,130.72,1.197059 
277,2096,132.03,1.193619 
278,2095,131.81,1.172147 
279,2096,132.03,1.175915 
280,2099,132.68,1.172471 
281,2096,132.03,1.161815 
282,2102,133.34,1.172793 
283,2096,132.03,1.151319 
284,2098,132.46,1.173113 
285,2100,132.90,1.166063 
286,2098,132.46,1.159012 
287,2102,133.34,1.166383 
288,2102,133.34,1.152120 
289,2103,133.55,1.152279 
290,2099,132.68,1.148831 
291,2107,134.43,1.163413 
292,2102,133.34,1.134725 
293,2105,133.99,1.152911 
294,2110,135.08,1.142252 
295,2112,135.52,1.124379 
296,2109,134.86,1.117321 
297,2109,134.86,1.128293 
298,2111,135.30,1.128448 
299,2117,136.61,1.121390 
300,2110,135.08,1.099908 
301,2115,136.17,1.125301 
302,2117,136.61,1.107426 
303,2125,138.35,1.100366 
304,2128,139.00,1.071668 
305,2120,137.26,1.060997 
306,2121,137.48,1.089990 
307,2128,139.00,1.086533 
308,2133,140.09,1.061440 
309,2127,138.79,1.043555 
310,2128,139.00,1.065334 
311,2128,139.00,1.061873 
312,2131,139.66,1.062019 
313,2130,139.44,1.051345 
314,2130,139.44,1.055095 
315,2135,140.53,1.055239 
316,2138,141.18,1.037353 
317,2138,141.18,1.026677 
318,2135,140.53,1.026817 
319,2134,140.31,1.037775 
320,2141,141.84,1.041522 
321,2150,143.80,1.016422 
322,2139,141.40,0.984106 
323,2140,141.62,1.023906 
324,2138,141.18,1.020440 
325,2142,142.06,1.027790 
326,2139,141.40,1.013506 
327,2145,142.71,1.024462 
328,2142,142.06,1.002965 
329,2145,142.71,1.013920 
330,2147,143.15,1.003239 
331,2146,142.93,0.996164 
332,2147,143.15,0.999905 
333,2149,143.58,0.996435 
334,2161,146.20,0.989358 
335,2151,144.02,0.946221 
336,2151,144.02,0.982408 
337,2149,143.58,0.982541 
338,2150,143.80,0.989886 
339,2155,144.89,0.986415 
340,2157,145.33,0.968518 
341,2165,147.07,0.961438 
342,2159,145.76,0.932720 
343,2159,145.76,0.954482 
344,2160,145.98,0.954611 
345,2160,145.98,0.951134 
346,2163,146.63,0.951262 
347,2175,149.25,0.940573 
348,2163,146.63,0.897428 
349,2166,147.29,0.940820 
350,2156,145.11,0.930129 
351,2170,148.16,0.966314 
352,2172,148.60,0.915961 
353,2179,150.12,0.908873 
354,2175,149.25,0.883753 
355,2171,148.38,0.898296 
356,2173,148.81,0.912840 
357,2173,148.81,0.905751 
358,2176,149.47,0.905873 
359,2176,149.47,0.895177 
360,2191,152.74,0.895297 
361,2193,153.17,0.841327 
362,2177,149.69,0.834228 
363,2178,149.90,0.892035 
364,2183,150.99,0.888548 
365,2181,150.56,0.870638 
366,2185,151.43,0.877966 
367,2186,151.65,0.863660 
368,2314,179.55,0.860169 
369,2192,152.96,0.398719 
370,2192,152.96,0.838697 
371,2191,152.74,0.838809 
372,2191,152.74,0.842527 
373,2192,152.96,0.842639 
374,2198,154.26,0.839146 
375,2192,152.96,0.817622 
376,2201,154.92,0.839367 
377,2199,154.48,0.807025 
378,2197,154.05,0.814344 
379,2195,153.61,0.821664 
380,2202,155.14,0.828985 
381,2203,155.35,0.803854 
382,2202,155.14,0.800354 
383,2210,156.88,0.804067 
384,2206,156.01,0.775325 
385,2206,156.01,0.789852 
386,2210,156.88,0.789957 
387,2208,156.44,0.775637 
388,2208,156.44,0.782952 
389,2207,156.23,0.783055 
390,2212,157.32,0.786765 
391,2209,156.66,0.768839 
392,2208,156.44,0.779759 
393,2196,153.83,0.783468 
394,2213,157.53,0.826843 
395,2209,156.66,0.765651 
396,2209,156.66,0.780176 
397,2215,157.97,0.780279 
398,2215,157.97,0.758746 
399,2213,157.53,0.758846 
400,2213,157.53,0.766158 
401,2211,157.10,0.766259 
402,2220,159.06,0.773572 
403,2198,154.26,0.741221 
404,2217,158.41,0.820649 
405,2220,159.06,0.752244 
406,2223,159.71,0.741526 
407,2216,158.19,0.730805 
408,2224,159.93,0.756143 
409,2222,159.50,0.727394 
410,2229,161.02,0.734702 
411,2220,159.06,0.709556 
412,2224,159.93,0.742103 
413,2224,159.93,0.727776 
414,2225,160.15,0.727871 
415,2227,160.59,0.724361 
416,2227,160.59,0.717243 
417,2222,159.50,0.717337 
418,2229,161.02,0.735461 
419,2235,162.33,0.710315 
420,2233,161.89,0.688772 
421,2230,161.24,0.696074 
422,2231,161.46,0.706982 
423,2237,162.77,0.703469 
424,2237,162.77,0.681924 
425,2237,162.77,0.682013 
426,2238,162.98,0.682101 
427,2234,162.11,0.678584 
428,2241,163.64,0.693096 
429,2241,163.64,0.667944 
430,2240,163.42,0.668031 
431,2251,165.82,0.671723 
432,2244,164.29,0.632145 
433,2242,163.86,0.657467 
434,2241,163.64,0.664764 
435,2256,166.91,0.668456 
436,2242,163.86,0.614453 
437,2240,163.42,0.665016 
438,2249,165.38,0.672314 
439,2243,164.07,0.639947 
440,2247,164.95,0.661665 
441,2270,169.96,0.647326 
442,2240,163.42,0.564472 
443,2250,165.60,0.672723 
444,2247,164.95,0.636750 
445,2251,165.82,0.647650 
446,2254,166.47,0.633310 
447,2250,165.60,0.622573 
448,2256,166.91,0.637076 
449,2249,165.38,0.615522 
450,2256,166.91,0.640843 
451,2254,166.47,0.615683 
452,2256,166.91,0.622974 
453,2251,165.82,0.615842 
454,2253,166.25,0.633951 
455,2257,167.13,0.626820 
456,2256,166.91,0.612476 
457,2258,167.34,0.616160 
458,2256,166.91,0.609027 
459,2259,167.56,0.616317 
460,2259,167.56,0.605578 
461,2256,166.91,0.605655 
462,2254,166.47,0.616550 
463,2261,168.00,0.623841 
464,2257,167.13,0.598678 
465,2267,169.31,0.613178 
466,2268,169.52,0.577197 
467,2257,167.13,0.573664 
468,2266,169.09,0.613402 
469,2272,170.40,0.581027 
470,2269,169.74,0.559464 
471,2266,169.09,0.570352 
472,2262,168.22,0.581242 
473,2259,167.56,0.595740 
474,2263,168.43,0.606633 
475,2262,168.22,0.592287 
476,2262,168.22,0.595968 
477,2261,168.00,0.596043 
478,2261,168.00,0.599725 
479,2263,168.43,0.599801 
480,2265,168.87,0.592665 
481,2263,168.43,0.585528 
482,2266,169.09,0.592814 
483,2293,174.97,0.582071 
484,2263,168.43,0.484784 
485,2256,166.91,0.593022 
486,2268,169.52,0.618339 
487,2272,170.40,0.575146 
488,2270,169.96,0.560795 
489,2272,170.40,0.568077 
490,2274,170.83,0.560937 
491,2277,171.49,0.553795 
492,2273,170.61,0.543047 
493,2271,170.18,0.557538 
494,2271,170.18,0.564820 
495,2274,170.83,0.564891 
496,2276,171.27,0.554144 
497,2281,172.36,0.547001 
498,2276,171.27,0.529040 
499,2259,167.56,0.547135 
500,2282,172.58,0.608506 
501,2282,172.58,0.525645 
502,2275,171.05,0.525710 
503,2276,171.27,0.551017 
504,2279,171.92,0.547480 
505,2279,171.92,0.536731 
506,2278,171.70,0.536798 
507,2286,173.45,0.540470 
508,2275,171.05,0.511690 
509,2286,173.45,0.551419 
510,2281,172.36,0.511822 
511,2275,171.05,0.529915 
512,2277,171.49,0.551616 
513,2288,173.88,0.544474 
514,2271,170.18,0.504875 
515,2286,173.45,0.566239 
516,2285,173.23,0.512220 
517,2288,173.88,0.515890 
518,2279,171.92,0.505135 
519,2282,172.58,0.537651 
520,2285,173.23,0.526900 
521,2285,173.23,0.516147 
522,2282,172.58,0.516211 
523,2285,173.23,0.527093 
524,2288,173.88,0.516340 
525,2246,164.73,0.505586 
526,2295,175.41,0.657099 
527,2288,173.88,0.480490 
528,2288,173.88,0.505790 
529,2286,173.45,0.505852 
530,2288,173.88,0.513126 
531,2282,172.58,0.505978 
532,2288,173.88,0.527675 
533,2285,173.23,0.506105 
534,2288,173.88,0.516985 
535,2286,173.45,0.506231 
536,2288,173.88,0.513505 
537,2289,174.10,0.506356 
538,2288,173.88,0.502812 
539,2288,173.88,0.506480 
540,2292,174.76,0.506542 
541,2278,171.70,0.492180 
542,2288,173.88,0.542724 
543,2289,174.10,0.506731 
544,2288,173.88,0.503187 
545,2287,173.67,0.506855 
546,2288,173.88,0.510523 
547,2291,174.54,0.506980 
548,2295,175.41,0.496224 
549,2291,174.54,0.481860 
550,2291,174.54,0.496343 
551,2294,175.19,0.496404 
552,2298,176.06,0.485646 
553,2301,176.72,0.471281 
554,2295,175.41,0.460520 
555,2295,175.41,0.482211 
556,2291,174.54,0.482270 
557,2293,174.97,0.496752 
558,2291,174.54,0.489601 
559,2292,174.76,0.496872 
560,2293,174.97,0.493327 
561,2290,174.32,0.489781 
562,2277,171.49,0.500658 
563,2288,173.88,0.547597 
564,2295,175.41,0.507999 
565,2293,174.97,0.482820 
566,2290,174.32,0.490090 
567,2293,174.97,0.500967 
568,2292,174.76,0.490211 
569,2290,174.32,0.493876 
570,2299,176.28,0.501148 
571,2258,167.34,0.468755 
572,2294,175.19,0.616657 
573,2291,174.54,0.486919 
574,2288,173.88,0.497796 
575,2291,174.54,0.508675 
576,2289,174.10,0.497919 
577,2295,175.41,0.505191 
578,2300,176.50,0.483617 
579,2295,175.41,0.465646 
580,2291,174.54,0.483732 
581,2292,174.76,0.498214 
582,2302,176.94,0.494669 
583,2295,175.41,0.458669 
584,2293,174.97,0.483966 
585,2297,175.85,0.491236 
586,2294,175.19,0.476872 
587,2292,174.76,0.487747 
588,2294,175.19,0.495018 
589,2294,175.19,0.487866 
590,2290,174.32,0.487925 
591,2295,175.41,0.502408 
592,2297,175.85,0.484439 
593,2299,176.28,0.477286 
594,2303,177.15,0.470131 
595,2304,177.37,0.455764 
596,2304,177.37,0.452212 
597,2298,176.06,0.452266 
598,2304,177.37,0.473956 
599,2304,177.37,0.452377 
600,2299,176.28,0.452431 
601,2309,178.46,0.470514 
602,2302,176.94,0.434511 
603,2306,177.81,0.459804 
604,2304,177.37,0.445435 
605,2304,177.37,0.452700 
606,2308,178.24,0.452753 
607,2304,177.37,0.438383 
608,2305,177.59,0.452859 
609,2303,177.15,0.449307 
610,2308,178.24,0.456572 
611,2303,177.15,0.438596 
612,2303,177.15,0.456678 
613,2303,177.15,0.456732 
614,2304,177.37,0.456787 
615,2302,176.94,0.453235 
616,2302,176.94,0.460501 
617,2304,177.37,0.460556 
618,2301,176.72,0.453399 
619,2300,176.50,0.464270 
620,2297,175.85,0.467932 
621,2300,176.50,0.478806 
622,2299,176.28,0.468045 
623,2300,176.50,0.471707 
624,2302,176.94,0.468157 
625,2301,176.72,0.461001 
626,2298,176.06,0.464662 
627,2301,176.72,0.475536 
628,2298,176.06,0.464774 
629,2299,176.28,0.475648 
630,2304,177.37,0.472099 
631,2301,176.72,0.454125 
632,2299,176.28,0.464997 
633,2297,175.85,0.472264 
634,2300,176.50,0.479533 
635,2301,176.72,0.468772 
636,2302,176.94,0.465222 
637,2299,176.28,0.461672 
638,2302,176.94,0.472544 
639,2303,177.15,0.461783 
640,2302,176.94,0.458232 
641,2304,177.37,0.461892 
642,2301,176.72,0.454735 
643,2302,176.94,0.465607 
644,2304,177.37,0.462056 
645,2303,177.15,0.454899 
646,2304,177.37,0.458559 
647,2305,177.59,0.455007 
648,2303,177.15,0.451455 
649,2300,176.50,0.458720 
650,2300,176.50,0.469593 
651,2301,176.72,0.469648 
652,2304,177.37,0.466098 
653,2290,174.32,0.455336 
654,2308,178.24,0.505873 
655,2299,176.28,0.441027 
656,2299,176.28,0.473532 
657,2300,176.50,0.473589 
658,2304,177.37,0.470039 
659,2306,177.81,0.455671 
660,2303,177.15,0.448513 
661,2304,177.37,0.459384 
662,2300,176.50,0.455832 
663,2300,176.50,0.470310 
664,2301,176.72,0.470366 
665,2306,177.81,0.466816 
666,2305,177.59,0.448841 
667,2274,170.83,0.452500 
668,2302,176.94,0.564339 
669,2283,172.79,0.463440 
670,2309,178.46,0.532009 
671,2304,177.37,0.438318 
672,2307,178.03,0.456399 
673,2308,178.24,0.445635 
674,2309,178.46,0.442081 
675,2309,178.46,0.438527 
676,2309,178.46,0.438578 
677,2314,179.55,0.438630 
678,2311,178.90,0.420651 
679,2309,178.46,0.431518 
680,2310,178.68,0.438780 
681,2309,178.46,0.435225 
682,2307,178.03,0.438882 
683,2309,178.46,0.446145 
684,2305,177.59,0.438985 
685,2310,178.68,0.453460 
686,2304,177.37,0.435484 
687,2304,177.37,0.457170 
688,2307,178.03,0.457224 
689,2310,178.68,0.446460 
690,2305,177.59,0.435694 
691,2303,177.15,0.453775 
692,2306,177.81,0.461040 
693,2305,177.59,0.450277 
694,2309,178.46,0.453935 
695,2309,178.46,0.439565 
696,2529,226.42,0.439616 
697,2301,176.72,-0.353648 
698,2309,178.46,0.468452 
699,2317,180.21,0.439660 
700,2338,184.78,0.410863 
701,2306,177.81,0.335185 
702,2311,178.90,0.450612 
703,2307,178.03,0.432635 
704,2320,180.86,0.447109 
705,2305,177.59,0.400284 
706,2307,178.03,0.454419 
707,2310,178.68,0.447260 
708,2298,176.06,0.436495 
709,2306,177.81,0.479817 
710,2310,178.68,0.451026 
711,2317,180.21,0.436655 
712,2309,178.46,0.411464 
713,2307,178.03,0.440359 
714,2306,177.81,0.447622 
715,2307,178.03,0.451280 
716,2305,177.59,0.447727 
717,2311,178.90,0.454991 
718,2318,180.42,0.433409 
719,2307,178.03,0.408217 
720,2315,179.77,0.447929 
721,2317,180.21,0.419134 
722,2304,177.37,0.411970 
723,2318,180.42,0.458895 
724,2306,177.81,0.408465 
725,2309,178.46,0.451783 
726,2315,179.77,0.441018 
727,2311,178.90,0.419433 
728,2321,181.08,0.433905 
729,2314,179.55,0.397896 
730,2309,178.46,0.423183 
731,2309,178.46,0.441261 
732,2310,178.68,0.441312 
733,2306,177.81,0.437758 
734,2309,178.46,0.452232 
735,2308,178.24,0.441467 
736,2304,177.37,0.445124 
737,2309,178.46,0.459600 
738,2314,179.55,0.441624 
739,2305,177.59,0.423645 
740,2310,178.68,0.456148 
741,2314,179.55,0.438171 
742,2314,179.55,0.423798 
743,2311,178.90,0.423846 
744,2317,180.21,0.434713 
745,2320,180.86,0.413127 
746,2319,180.64,0.402357 
747,2294,175.19,0.406008 
748,2314,179.55,0.496204 
749,2318,180.42,0.424143 
750,2315,179.77,0.409768 
751,2307,178.03,0.420632 
752,2315,179.77,0.449528 
753,2314,179.55,0.420732 
754,2305,177.59,0.424387 
755,2313,179.33,0.456889 
756,2311,178.90,0.428095 
757,2318,180.42,0.435356 
758,2310,178.68,0.410164 
759,2283,172.79,0.439059 
760,2311,178.90,0.536470 
761,2306,177.81,0.435568 
762,2304,177.37,0.453648 
763,2307,178.03,0.460913 
764,2308,178.24,0.450149 
765,2307,178.03,0.446595 
766,2306,177.81,0.450253 
767,2311,178.90,0.453911 
768,2315,179.77,0.435934 
769,2320,180.86,0.421560 
770,2317,180.21,0.403578 
771,2314,179.55,0.414442 
772,2330,183.04,0.425307 
773,2315,179.77,0.367660 
774,2302,176.94,0.421790 
775,2318,180.42,0.468715 
776,2317,180.21,0.411075 
777,2314,179.55,0.414727 
778,2307,178.03,0.425592 
779,2315,179.77,0.450883 
780,2319,180.64,0.422087 
781,2314,179.55,0.407711 
782,2316,179.99,0.425787 
783,2314,179.55,0.418624 
784,2314,179.55,0.425884 
785,2307,178.03,0.425932 
786,2317,180.21,0.451223 
787,2307,178.03,0.415215 
788,2312,179.12,0.451322 
789,2308,178.24,0.433344 
790,2317,180.21,0.447818 
791,2309,178.46,0.415416 
792,2304,177.37,0.444311 
793,2311,178.90,0.462392 
794,2314,179.55,0.437204 
795,2313,179.33,0.426436 
796,2309,178.46,0.430091 
797,2307,178.03,0.444564 
798,2310,178.68,0.451827 
799,2307,178.03,0.441061 
800,2310,178.68,0.451930 
801,2308,178.24,0.441164 
802,2304,177.37,0.448427 
803,2305,177.59,0.462903 
804,2308,178.24,0.459351 
805,2306,177.81,0.448586 
806,2311,178.90,0.455850 
807,2310,178.68,0.437873 
808,2310,178.68,0.441529 
809,2314,179.55,0.441579 
810,2315,179.77,0.427206 
811,2318,180.42,0.423649 
812,2318,180.42,0.412879 
813,2318,180.42,0.412926 
814,2313,179.33,0.412972 
815,2310,178.68,0.431049 
816,2317,180.21,0.441916 
817,2316,179.99,0.416725 
818,2318,180.42,0.420377 
819,2313,179.33,0.413213 
820,2310,178.68,0.431290 
821,2309,178.46,0.442157 
822,2311,178.90,0.445813 
823,2311,178.90,0.438653 
824,2310,178.68,0.438703 
825,2307,178.03,0.442359 
826,2317,180.21,0.453228 
827,2311,178.90,0.417220 
828,2313,179.33,0.438903 
829,2310,178.68,0.431741 
830,2318,180.42,0.442609 
831,2317,180.21,0.413811 
832,2316,179.99,0.417464 
833,2319,180.64,0.421117 
834,2318,180.42,0.410347 
835,2318,180.42,0.413999 
836,2317,180.21,0.414045 
837,2343,185.87,0.417698 
838,2320,180.86,0.323989 
839,2320,180.86,0.406960 
840,2326,182.17,0.407006 
841,2313,179.33,0.385416 
842,2315,179.77,0.432336 
843,2314,179.55,0.425173 
844,2309,178.46,0.428827 
845,2314,179.55,0.446905 
846,2310,178.68,0.428927 
847,2322,181.30,0.443400 
848,2310,178.68,0.400178 
849,2311,178.90,0.443495 
850,2311,178.90,0.439939 
851,2316,179.99,0.439990 
852,2314,179.55,0.422010 
853,2317,180.21,0.429269 
854,2303,177.15,0.418500 
855,2335,184.13,0.469031 
856,2315,179.77,0.353694 
857,2315,179.77,0.425851 
858,2318,180.42,0.425899 
859,2317,180.21,0.415130 
860,2314,179.55,0.418782 
861,2319,180.64,0.429647 
862,2314,179.55,0.411666 
863,2313,179.33,0.429742 
864,2314,179.55,0.433396 
865,2317,180.21,0.429840 
866,2317,180.21,0.419070 
867,2311,178.90,0.419117 
868,2318,180.42,0.440800 
869,2310,178.68,0.415609 
870,2314,179.55,0.444503 
871,2309,178.46,0.430130 
872,2306,177.81,0.448208 
873,2317,180.21,0.459078 
874,2311,178.90,0.419465 
875,2308,178.24,0.441148 
876,2316,179.99,0.452016 
877,2320,180.86,0.423219 
878,2317,180.21,0.408843 
879,2320,180.86,0.419707 
880,2319,180.64,0.408936 
881,2318,180.42,0.412587 
882,2320,180.86,0.416239 
883,2320,180.86,0.409074 
884,2317,180.21,0.409119 
885,2320,180.86,0.419983 
886,2317,180.21,0.409212 
887,2319,180.64,0.420076 
888,2320,180.86,0.412911 
889,2318,180.42,0.409351 
890,2320,180.86,0.416608 
891,2315,179.77,0.409443 
892,2307,178.03,0.427518 
893,2320,180.86,0.456414 
894,2315,179.77,0.409589 
895,2311,178.90,0.427664 
896,2311,178.90,0.442136 
897,2314,179.55,0.442186 
898,2315,179.77,0.431419 
899,2319,180.64,0.427861 
900,2347,186.75,0.413485 
901,2320,180.86,0.312564 
902,2315,179.77,0.409957 
903,2320,180.86,0.428032 
904,2317,180.21,0.410051 
905,2323,181.51,0.420914 
906,2320,180.86,0.399325 
907,2327,182.39,0.410187 
908,2320,180.86,0.384991 
909,2318,180.42,0.410275 
910,2322,181.30,0.417532 
911,2315,179.77,0.403155 
912,2314,179.55,0.428441 
913,2318,180.42,0.432095 
914,2320,180.86,0.417720 
915,2317,180.21,0.410554 
916,2322,181.30,0.421418 
917,2336,184.35,0.403435 
918,2320,180.86,0.352996 
919,2311,178.90,0.410729 
920,2313,179.33,0.443228 
921,2319,180.64,0.436066 
922,2317,180.21,0.414480 
923,2275,171.05,0.421738 
924,2320,180.86,0.573236 
925,2313,179.33,0.411036 
926,2315,179.77,0.436323 
927,2316,179.99,0.429160 
928,2319,180.64,0.425602 
929,2325,181.95,0.414832 
930,2315,179.77,0.393242 
931,2314,179.55,0.429345 
932,2317,180.21,0.432999 
933,2320,180.86,0.422230 
934,2319,180.64,0.411459 
935,2320,180.86,0.415110 
936,2320,180.86,0.411550 
937,2320,180.86,0.411596 
938,2320,180.86,0.411641 
939,2337,184.57,0.411687 
940,2320,180.86,0.350431 
941,2333,183.69,0.411769 
942,2318,180.42,0.364937 
943,2321,181.08,0.419066 
944,2317,180.21,0.408294 
945,2320,180.86,0.422763 
946,2320,180.86,0.411992 
947,2321,181.08,0.412038 
948,2320,180.86,0.408477 
949,2320,180.86,0.412128 
950,2320,180.86,0.412174 
951,2315,179.77,0.412219 
952,2318,180.42,0.430295 
953,2318,180.42,0.419525 
954,2317,180.21,0.419572 
955,2323,181.51,0.423224 
956,2333,183.69,0.401635 
957,2314,179.55,0.365619 
958,2320,180.86,0.434172 
959,2309,178.46,0.412584 
960,2314,179.55,0.452296 
961,2315,179.77,0.434317 
962,2315,179.77,0.430760 
963,2317,180.21,0.430808 
964,2313,179.33,0.423644 
965,2318,180.42,0.438115 
966,2317,180.21,0.420134 
967,2319,180.64,0.423787 
968,2317,180.21,0.416622 
969,2317,180.21,0.423880 
970,2319,180.64,0.423927 
971,2320,180.86,0.416762 
972,2319,180.64,0.413202 
973,2327,182.39,0.416854 
974,2319,180.64,0.388052 
975,2312,179.12,0.416942 
976,2318,180.42,0.442230 
977,2319,180.64,0.420643 
978,2318,180.42,0.417084 
979,2287,173.67,0.420736 
980,2322,181.30,0.532568 
981,2338,184.78,0.406421 
982,2310,178.68,0.348770 
983,2319,180.64,0.449774 
984,2320,180.86,0.417371 
985,2317,180.21,0.413811 
986,2317,180.21,0.424674 
987,2319,180.64,0.424721 
988,2320,180.86,0.417556 
989,2319,180.64,0.413996 
990,2320,180.86,0.417648 
991,2320,180.86,0.414088 
992,2319,180.64,0.414133 
993,2320,180.86,0.417785 
994,2319,180.64,0.414225 
995,2318,180.42,0.417877 
996,2240,163.42,0.421529 
997,2320,180.86,0.702842 
998,2320,180.86,0.414450 
999,2320,180.86,0.414496 
1000,2312,179.12,0.414541 
1001,2320,180.86,0.443435 
1002,2321,181.08,0.414636 
1003,2320,180.86,0.411076 
1004,2333,183.69,0.414727 
1005,2320,180.86,0.367895 
1006,2320,180.86,0.414811 
1007,2326,182.17,0.414857 
1008,2324,181.73,0.393266 
1009,2320,180.86,0.400521 
1010,2321,181.08,0.414988 
1011,2320,180.86,0.411428 
1012,2324,181.73,0.415079 
1013,2321,181.08,0.400700 
1014,2327,182.39,0.411562 
1015,2323,181.51,0.389971 
1016,2322,181.30,0.404436 
1017,2333,183.69,0.408086 
1018,2316,179.99,0.368465 
1019,2320,180.86,0.429806 
1020,2326,182.17,0.415429 
1021,2320,180.86,0.393839 
1022,2329,182.82,0.415517 
1023,2320,180.86,0.383109 
1024,2322,181.30,0.415604 
1025,2330,183.04,0.408437 
1026,2322,181.30,0.379634 
1027,2320,180.86,0.408522 
1028,2320,180.86,0.415779 
1029,2321,181.08,0.415824 
1030,2320,180.86,0.412264 
1031,2320,180.86,0.415915 
1032,2320,180.86,0.415960 
1033,2320,180.86,0.416006 
1034,2322,181.30,0.416051 
1035,2318,180.42,0.408885 
1036,2320,180.86,0.423353 
1037,2319,180.64,0.416188 
1038,2316,179.99,0.419839 
1039,2321,181.08,0.430703 
1040,2317,180.21,0.412721 
1041,2319,180.64,0.427190 
1042,2321,181.08,0.420025 
1043,2318,180.42,0.412859 
1044,2320,180.86,0.423722 
1045,2318,180.42,0.416557 
1046,2320,180.86,0.423814 
1047,2320,180.86,0.416649 
1048,2320,180.86,0.416694 
1049,2320,180.86,0.416740 
1050,2314,179.55,0.416785 
1051,2317,180.21,0.438467 
1052,2320,180.86,0.427697 
1053,2317,180.21,0.416926 
1054,2317,180.21,0.427790 
1055,2320,180.86,0.427837 
1056,2322,181.30,0.417066 
1057,2317,180.21,0.409900 
1058,2320,180.86,0.427974 
1059,2325,181.95,0.417203 
1060,2321,181.08,0.399219 
1061,2324,181.73,0.413686 
1062,2320,180.86,0.402913 
1063,2320,180.86,0.417380 
1064,2320,180.86,0.417426 
1065,2321,181.08,0.417471 
1066,2289,174.10,0.413911 
1067,2326,182.17,0.529347 
1068,2336,184.35,0.395987 
1069,2321,181.08,0.359970 
1070,2323,181.51,0.414097 
1071,2334,183.91,0.406930 
1072,2329,182.82,0.367308 
1073,2325,181.95,0.385376 
1074,2325,181.95,0.399841 
1075,2330,183.04,0.399884 
1076,2320,180.86,0.381897 
1077,2326,182.17,0.417997 
1078,2327,182.39,0.396407 
1079,2326,182.17,0.392843 
1080,2330,183.04,0.396491 
1081,2322,181.30,0.382110 
1082,2323,181.51,0.410998 
1083,2327,182.39,0.407436 
1084,2334,183.91,0.393056 
1085,2325,181.95,0.367856 
1086,2329,182.82,0.400349 
1087,2325,181.95,0.385967 
1088,2327,182.39,0.400432 
1089,2320,180.86,0.393263 
1090,2323,181.51,0.418547 
1091,2330,183.04,0.407775 
1092,2331,183.26,0.382577 
1093,2332,183.48,0.379011 
1094,2331,183.26,0.375445 
1095,2331,183.26,0.379090 
1096,2322,181.30,0.379130 
1097,2340,185.22,0.411624 
1098,2335,184.13,0.346761 
1099,2322,181.30,0.364826 
1100,2355,188.49,0.411741 
1101,2337,184.57,0.292788 
1102,2321,181.08,0.357723 
1103,2325,181.95,0.415456 
1104,2328,182.60,0.401077 
1105,2320,180.86,0.390302 
1106,2329,182.82,0.419191 
1107,2319,180.64,0.386783 
1108,2330,183.04,0.422883 
1109,2326,182.17,0.383264 
1110,2321,181.08,0.397728 
1111,2331,183.26,0.415800 
1112,2323,181.51,0.379785 
1113,2331,183.26,0.408673 
1114,2329,182.82,0.379869 
1115,2336,184.35,0.387121 
1116,2325,181.95,0.361920 
1117,2323,181.51,0.401623 
1118,2314,179.55,0.408878 
1119,2324,181.73,0.441376 
1120,2323,181.51,0.405364 
1121,2330,183.04,0.409014 
1122,2326,182.17,0.383816 
1123,2327,182.39,0.398280 
1124,2330,183.04,0.394717 
1125,2330,183.04,0.383941 
1126,2327,182.39,0.383981 
1127,2323,181.51,0.394839 
1128,2322,181.30,0.409305 
1129,2320,180.86,0.412955 
1130,2320,180.86,0.420211 
1131,2326,182.17,0.420257 
1132,2321,181.08,0.398667 
1133,2326,182.17,0.416739 
1134,2321,181.08,0.398754 
1135,2320,180.86,0.416826 
1136,2320,180.86,0.420477 
1137,2327,182.39,0.420523 
1138,2326,182.17,0.395326 
1139,2311,178.90,0.398974 
1140,2321,181.08,0.453107 
1141,2320,180.86,0.417097 
1142,2339,185.00,0.420748 
1143,2330,183.04,0.352280 
1144,2323,181.51,0.384769 
1145,2326,182.17,0.410051 
1146,2326,182.17,0.399277 
1147,2327,182.39,0.399320 
1148,2324,181.73,0.395756 
1149,2323,181.51,0.406616 
1150,2328,182.60,0.410265 
1151,2325,181.95,0.392280 
1152,2324,181.73,0.403139 
1153,2326,182.17,0.406788 
1154,2325,181.95,0.399619 
1155,2323,181.51,0.403268 
1156,2326,182.17,0.410523 
1157,2331,183.26,0.399749 
1158,2323,181.51,0.381761 
1159,2330,183.04,0.410649 
1160,2334,183.91,0.385451 
1161,2327,182.39,0.371067 
1162,2326,182.17,0.396347 
1163,2331,183.26,0.399995 
1164,2335,184.13,0.382008 
1165,2331,183.26,0.367624 
1166,2329,182.82,0.382086 
1167,2330,183.04,0.389337 
1168,2331,183.26,0.385772 
1169,2325,181.95,0.382207 
1170,2327,182.39,0.403882 
1171,2334,183.91,0.396713 
1172,2326,182.17,0.371513 
1173,2326,182.17,0.400399 
1174,2306,177.81,0.400442 
1175,2321,181.08,0.472604 
1176,2349,187.18,0.418567 
1177,2326,182.17,0.317644 
1178,2326,182.17,0.400612 
1179,2313,179.33,0.400655 
1180,2330,183.04,0.447575 
1181,2320,180.86,0.386323 
1182,2331,183.26,0.422423 
1183,2323,181.51,0.382802 
1184,2325,181.95,0.411690 
1185,2326,182.17,0.404522 
1186,2325,181.95,0.400959 
1187,2326,182.17,0.404607 
1188,2322,181.30,0.401044 
1189,2325,181.95,0.415511 
1190,2331,183.26,0.404737 
1191,2321,181.08,0.383144 
1192,2331,183.26,0.419244 
1193,2336,184.35,0.383229 
1194,2322,181.30,0.365239 
1195,2326,182.17,0.415760 
1196,2329,182.82,0.401380 
1197,2327,182.39,0.390605 
1198,2322,181.30,0.397858 
1199,2320,180.86,0.415929 
1200,2325,181.95,0.423186 
1201,2322,181.30,0.405202 
1202,2320,180.86,0.416062 
1203,2320,180.86,0.423319 
1204,2323,181.51,0.423364 
1205,2323,181.51,0.412592 
1206,2334,183.91,0.412636 
1207,2330,183.04,0.373014 
1208,2326,182.17,0.387477 
1209,2330,183.04,0.401941 
1210,2317,180.21,0.387559 
1211,2336,184.35,0.434477 
1212,2326,182.17,0.366011 
1213,2323,181.51,0.402108 
1214,2333,183.69,0.412968 
1215,2327,182.39,0.376952 
1216,2331,183.26,0.398627 
1217,2338,184.78,0.384245 
1218,2334,183.91,0.359043 
1219,2330,183.04,0.373503 
1220,2326,182.17,0.387965 
1221,2333,183.69,0.402429 
1222,2333,183.69,0.377230 
1223,2329,182.82,0.377269 
1224,2334,183.91,0.391731 
1225,2329,182.82,0.373742 
1226,2330,183.04,0.391810 
1227,2325,181.95,0.388246 
1228,2325,181.95,0.406316 
1229,2302,176.94,0.406359 
1230,2325,181.95,0.489339 
1231,2329,182.82,0.406456 
1232,2322,181.30,0.392075 
1233,2323,181.51,0.417358 
1234,2326,182.17,0.413796 
1235,2331,183.26,0.403023 
1236,2322,181.30,0.385035 
1237,2322,181.30,0.417529 
1238,2325,181.95,0.417573 
1239,2326,182.17,0.406800 
1240,2334,183.91,0.403237 
1241,2330,183.04,0.374431 
1242,2287,173.67,0.388894 
1243,2329,182.82,0.543991 
1244,2330,183.04,0.392602 
1245,2329,182.82,0.389037 
1246,2320,180.86,0.392684 
1247,2330,183.04,0.425178 
1248,2327,182.39,0.389164 
1249,2333,183.69,0.400022 
1250,2327,182.39,0.378428 
1251,2330,183.04,0.400103 
1252,2333,183.69,0.389327 
1253,2331,183.26,0.378549 
1254,2332,183.48,0.385800 
1255,2336,184.35,0.382234 
1256,2335,184.13,0.367849 
1257,2351,187.62,0.371492 
1258,2334,183.91,0.313835 
1259,2331,183.26,0.375166 
1260,2334,183.91,0.386022 
1261,2331,183.26,0.375244 
1262,2334,183.91,0.386100 
1263,2331,183.26,0.375322 
1264,2346,186.53,0.386178 
1265,2311,178.90,0.332128 
1266,2327,182.39,0.458370 
1267,2331,183.26,0.400724 
1268,2341,185.44,0.386342 
1269,2332,183.48,0.350322 
1270,2330,183.04,0.382811 
1271,2329,182.82,0.390062 
1272,2332,183.48,0.393708 
1273,2324,181.73,0.382931 
1274,2325,181.95,0.411818 
1275,2320,180.86,0.408256 
1276,2337,184.57,0.426328 
1277,2337,184.57,0.365072 
1278,2333,183.69,0.365109 
1279,2329,182.82,0.379570 
1280,2339,185.00,0.394032 
1281,2334,183.91,0.358013 
1282,2334,183.91,0.376079 
1283,2336,184.35,0.376117 
1284,2322,181.30,0.368943 
1285,2330,183.04,0.419464 
1286,2331,183.26,0.390661 
1287,2323,181.51,0.387096 
1288,2332,183.48,0.415983 
1289,2331,183.26,0.383573 
1290,2322,181.30,0.387219 
1291,2331,183.26,0.419712 
1292,2331,183.26,0.387303 
1293,2333,183.69,0.387343 
1294,2334,183.91,0.380171 
1295,2326,182.17,0.376603 
1296,2326,182.17,0.405490 
1297,2334,183.91,0.405532 
1298,2332,183.48,0.376726 
1299,2332,183.48,0.383977 
1300,2334,183.91,0.384016 
1301,2331,183.26,0.376843 
1302,2336,184.35,0.387700 
1303,2334,183.91,0.369709 
1304,2320,180.86,0.376959 
1305,2336,184.35,0.427481 
1306,2339,185.00,0.369830 
1307,2335,184.13,0.359050 
1308,2338,184.78,0.373509 
1309,2338,184.78,0.362729 
1310,2322,181.30,0.362765 
1311,2343,185.87,0.420497 
1312,2334,183.91,0.344816 
1313,2334,183.91,0.377304 
1314,2330,183.04,0.377342 
1315,2333,183.69,0.391804 
1316,2330,183.04,0.381026 
1317,2331,183.26,0.391883 
1318,2330,183.04,0.388318 
1319,2335,184.13,0.391963 
1320,2332,183.48,0.373974 
1321,2334,183.91,0.384829 
1322,2323,181.51,0.377657 
1323,2331,183.26,0.417361 
1324,2330,183.04,0.388557 
1325,2329,182.82,0.392203 
1326,2330,183.04,0.395849 
1327,2330,183.04,0.392284 
1328,2329,182.82,0.392324 
1329,2331,183.26,0.395970 
1330,2334,183.91,0.388800 
1331,2331,183.26,0.378021 
1332,2320,180.86,0.388878 
1333,2327,182.39,0.428583 
1334,2325,181.95,0.403387 
1335,2326,182.17,0.410641 
1336,2326,182.17,0.407078 
1337,2330,183.04,0.407120 
1338,2330,183.04,0.392739 
1339,2329,182.82,0.392779 
1340,2327,182.39,0.396425 
1341,2330,183.04,0.403678 
1342,2331,183.26,0.392902 
1343,2331,183.26,0.389336 
1344,2313,179.33,0.389376 
1345,2331,183.26,0.454324 
1346,2336,184.35,0.389465 
1347,2334,183.91,0.371475 
1348,2336,184.35,0.378724 
1349,2332,183.48,0.371550 
1350,2333,183.69,0.386012 
1351,2334,183.91,0.382445 
1352,2338,184.78,0.378878 
1353,2335,184.13,0.364492 
1354,2343,185.87,0.375346 
1355,2338,184.78,0.346536 
1356,2335,184.13,0.364600 
1357,2337,184.57,0.375454 
1358,2334,183.91,0.368280 
1359,2339,185.00,0.379134 
1360,2341,185.44,0.361143 
1361,2335,184.13,0.353966 
1362,2341,185.44,0.375637 
1363,2334,183.91,0.354039 
1364,2337,184.57,0.379315 
1365,2334,183.91,0.368536 
1366,2331,183.26,0.379390 
1367,2335,184.13,0.390246 
1368,2334,183.91,0.375862 
1369,2342,185.66,0.379506 
1370,2335,184.13,0.350696 
1371,2330,183.04,0.375972 
1372,2365,190.67,0.394040 
1373,2334,183.91,0.267871 
1374,2327,182.39,0.379679 
1375,2329,182.82,0.404959 
1376,2330,183.04,0.397789 
1377,2338,184.78,0.394224 
1378,2332,183.48,0.365416 
1379,2333,183.69,0.387088 
1380,2332,183.48,0.383521 
1381,2339,185.00,0.387166 
1382,2336,184.35,0.361964 
1383,2337,184.57,0.372817 
1384,2334,183.91,0.369249 
1385,2337,184.57,0.380103 
1386,2341,185.44,0.369324 
1387,2338,184.78,0.354936 
1388,2335,184.13,0.365789 
1389,2336,184.35,0.376643 
1390,2343,185.87,0.373075 
1391,2329,182.82,0.347870 
1392,2342,185.66,0.398387 
1393,2337,184.57,0.351551 
1394,2331,183.26,0.369615 
1395,2337,184.57,0.391287 
1396,2337,184.57,0.369691 
1397,2335,184.13,0.369728 
1398,2336,184.35,0.376976 
1399,2337,184.57,0.373408 
1400,2342,185.66,0.369840 
1401,2337,184.57,0.351846 
1402,2333,183.69,0.369910 
1403,2352,187.84,0.384371 
1404,2331,183.26,0.315896 
1405,2333,183.69,0.391651 
1406,2335,184.13,0.384479 
1407,2336,184.35,0.377305 
1408,2338,184.78,0.373737 
1409,2385,195.03,0.366562 
1410,2333,183.69,0.197118 
1411,2331,183.26,0.384640 
1412,2333,183.69,0.391891 
1413,2333,183.69,0.384719 
1414,2335,184.13,0.384758 
1415,2334,183.91,0.377584 
1416,2338,184.78,0.381228 
1417,2333,183.69,0.366843 
1418,2334,183.91,0.384909 
1419,2333,183.69,0.381341 
1420,2337,184.57,0.384986 
1421,2335,184.13,0.370601 
1422,2334,183.91,0.377849 
1423,2334,183.91,0.381493 
1424,2336,184.35,0.381531 
1425,2338,184.78,0.374357 
1426,2337,184.57,0.367183 
1427,2337,184.57,0.370825 
1428,2343,185.87,0.370862 
1429,2342,185.66,0.349263 
1430,2342,185.66,0.352902 
1431,2340,185.22,0.352936 
1432,2339,185.00,0.360182 
1433,2337,184.57,0.363823 
1434,2337,184.57,0.371071 
1435,2337,184.57,0.371108 
1436,2340,185.22,0.371145 
1437,2341,185.44,0.360363 
1438,2337,184.57,0.356792 
1439,2339,185.00,0.371251 
1440,2337,184.57,0.364076 
1441,2339,185.00,0.371323 
1442,2352,187.84,0.364148 
1443,2335,184.13,0.317306 
1444,2334,183.91,0.378637 
1445,2320,180.86,0.382280 
1446,2336,184.35,0.432802 
1447,2335,184.13,0.375152 
1448,2348,186.96,0.378795 
1449,2336,184.35,0.331955 
1450,2339,185.00,0.375258 
1451,2334,183.91,0.364477 
1452,2331,183.26,0.382543 
1453,2334,183.91,0.393399 
1454,2336,184.35,0.382621 
1455,2332,183.48,0.375447 
1456,2322,181.30,0.389909 
1457,2336,184.35,0.426008 
1458,2334,183.91,0.375568 
1459,2341,185.44,0.382818 
1460,2334,183.91,0.357614 
1461,2326,182.17,0.382890 
1462,2334,183.91,0.411777 
1463,2333,183.69,0.382971 
1464,2336,184.35,0.386615 
1465,2334,183.91,0.375836 
1466,2336,184.35,0.383085 
1467,2339,185.00,0.375912 
1468,2339,185.00,0.365131 
1469,2339,185.00,0.365167 
1470,2338,184.78,0.365202 
1471,2340,185.22,0.368844 
1472,2335,184.13,0.361668 
1473,2338,184.78,0.379733 
1474,2340,185.22,0.368953 
1475,2338,184.78,0.361777 
1476,2338,184.78,0.369025 
1477,2334,183.91,0.369061 
1478,2336,184.35,0.383521 
1479,2337,184.57,0.376347 
1480,2338,184.78,0.372778 
1481,2338,184.78,0.369209 
1482,2339,185.00,0.369245 
1483,2341,185.44,0.365675 
1484,2338,184.78,0.358499 
1485,2335,184.13,0.369352 
1486,2337,184.57,0.380206 
1487,2335,184.13,0.373032 
1488,2336,184.35,0.380280 
1489,2340,185.22,0.376712 
1490,2338,184.78,0.362325 
1491,2340,185.22,0.369573 
1492,2339,185.00,0.362397 
1493,2335,184.13,0.366038 
1494,2333,183.69,0.380497 
1495,2338,184.78,0.387747 
1496,2336,184.35,0.369756 
1497,2331,183.26,0.377004 
1498,2336,184.35,0.395071 
1499,2339,185.00,0.377081 
1500,2206,156.01,0.366301 
1501,2339,185.00,0.845932 
1502,2334,183.91,0.366441 
1503,2329,182.82,0.384506 
1504,2337,184.57,0.402574 
1505,2335,184.13,0.373768 
1506,2336,184.35,0.381016 
1507,2337,184.57,0.377448 
1508,2335,184.13,0.373879 
1509,2338,184.78,0.381128 
1510,2322,181.30,0.370348 
1511,2346,186.53,0.428080 
1512,2335,184.13,0.341581 
1513,2331,183.26,0.381278 
1514,2327,182.39,0.395740 
1515,2336,184.35,0.410204 
1516,2335,184.13,0.377792 
1517,2342,185.66,0.381435 
1518,2334,183.91,0.356231 
1519,2331,183.26,0.385113 
1520,2341,185.44,0.395969 
1521,2336,184.35,0.359949 
1522,2346,186.53,0.378014 
1523,2337,184.57,0.341991 
1524,2338,184.78,0.374477 
1525,2336,184.35,0.370908 
1526,2335,184.13,0.378156 
1527,2336,184.35,0.381799 
1528,2335,184.13,0.378231 
1529,2333,183.69,0.381874 
1530,2339,185.00,0.389124 
1531,2338,184.78,0.367527 
1532,2332,183.48,0.371168 
1533,2339,185.00,0.392840 
1534,2338,184.78,0.367638 
1535,2337,184.57,0.371280 
1536,2333,183.69,0.374922 
1537,2332,183.48,0.389382 
1538,2337,184.57,0.393027 
1539,2341,185.44,0.375037 
1540,2335,184.13,0.360649 
1541,2339,185.00,0.382320 
1542,2271,170.18,0.367934 
1543,2333,183.69,0.613176 
1544,2336,184.35,0.389676 
1545,2384,194.81,0.378897 
1546,2320,180.86,0.205847 
1547,2336,184.35,0.436642 
1548,2335,184.13,0.378992 
1549,2338,184.78,0.382635 
1550,2361,189.80,0.371855 
1551,2336,184.35,0.288954 
1552,2338,184.78,0.379127 
1553,2338,184.78,0.371953 
1554,2341,185.44,0.371989 
1555,2342,185.66,0.361207 
1556,2343,185.87,0.357636 
1557,2335,184.13,0.354064 
1558,2343,185.87,0.382945 
1559,2342,185.66,0.354135 
1560,2338,184.78,0.357775 
1561,2346,186.53,0.372233 
1562,2339,185.00,0.343421 
1563,2340,185.22,0.368695 
1564,2335,184.13,0.365125 
1565,2336,184.35,0.383190 
1566,2338,184.78,0.379622 
1567,2341,185.44,0.372447 
1568,2347,186.75,0.361665 
1569,2318,180.42,0.340064 
1570,2343,185.87,0.444669 
1571,2343,185.87,0.354566 
1572,2340,185.22,0.354600 
1573,2345,186.31,0.365451 
1574,2341,185.44,0.347456 
1575,2331,183.26,0.361913 
1576,2342,185.66,0.398007 
1577,2337,184.57,0.358381 
1578,2338,184.78,0.376445 
1579,2340,185.22,0.372876 
1580,2333,183.69,0.365700 
1581,2338,184.78,0.390977 
1582,2339,185.00,0.372986 
1583,2351,187.62,0.369416 
1584,2330,183.04,0.326180 
1585,2338,184.78,0.401935 
1586,2341,185.44,0.373128 
1587,2339,185.00,0.362346 
1588,2334,183.91,0.369593 
1589,2325,181.95,0.387658 
1590,2333,183.69,0.420150 
1591,2310,178.68,0.391345 
1592,2330,183.04,0.474322 
1593,2341,185.44,0.402253 
1594,2339,185.00,0.362627 
1595,2338,184.78,0.369874 
1596,2334,183.91,0.373516 
1597,2322,181.30,0.387976 
1598,2330,183.04,0.431286 
1599,2332,183.48,0.402483 
1600,2336,184.35,0.395311 
1601,2335,184.13,0.380926 
1602,2336,184.35,0.384569 
1603,2336,184.35,0.381001 
1604,2331,183.26,0.381038 
1605,2329,182.82,0.399106 
1606,2331,183.26,0.406357 
1607,2327,182.39,0.399186 
1608,2336,184.35,0.413650 
1609,2331,183.26,0.381238 
1610,2338,184.78,0.399305 
1611,2332,183.48,0.374103 
1612,2335,184.13,0.395775 
1613,2335,184.13,0.384996 
1614,2334,183.91,0.385034 
1615,2352,187.84,0.388678 
1616,2337,184.57,0.323809 
1617,2334,183.91,0.377927 
1618,2337,184.57,0.388782 
1619,2336,184.35,0.378002 
1620,2334,183.91,0.381645 
1621,2338,184.78,0.388894 
1622,2336,184.35,0.374509 
1623,2337,184.57,0.381756 
1624,2337,184.57,0.378188 
1625,2336,184.35,0.378225 
1626,2338,184.78,0.381867 
1627,2338,184.78,0.374693 
1628,2336,184.35,0.374729 
1629,2320,180.86,0.381977 
1630,2337,184.57,0.439710 
1631,2336,184.35,0.378454 
1632,2339,185.00,0.382096 
1633,2339,185.00,0.371316 
1634,2346,186.53,0.371351 
1635,2340,185.22,0.346145 
1636,2335,184.13,0.367813 
1637,2319,180.64,0.385878 
1638,2339,185.00,0.443612 
1639,2349,187.18,0.371538 
1640,2347,186.75,0.335514 
1641,2336,184.35,0.342756 
1642,2344,186.09,0.382453 
1643,2340,185.22,0.353643 
1644,2340,185.22,0.368100 
1645,2343,185.87,0.368135 
1646,2342,185.66,0.357352 
1647,2343,185.87,0.360992 
1648,2337,184.57,0.357420 
1649,2341,185.44,0.379090 
1650,2342,185.66,0.364702 
1651,2338,184.78,0.361131 
1652,2335,184.13,0.375589 
1653,2336,184.35,0.386443 
1654,2341,185.44,0.382875 
1655,2337,184.57,0.364882 
1656,2336,184.35,0.379341 
1657,2342,185.66,0.382983 
1658,2335,184.13,0.361385 
1659,2340,185.22,0.386661 
1660,2338,184.78,0.368669 
1661,2337,184.57,0.375916 
1662,2336,184.35,0.379558 
1663,2335,184.13,0.383200 
1664,2337,184.57,0.386844 
1665,2340,185.22,0.379670 
1666,2346,186.53,0.368888 
1667,2341,185.44,0.347288 
1668,2342,185.66,0.365350 
1669,2331,183.26,0.361778 
1670,2338,184.78,0.401478 
1671,2337,184.57,0.376276 
1672,2346,186.53,0.379918 
1673,2339,185.00,0.347501 
1674,2341,185.44,0.372775 
1675,2338,184.78,0.365599 
1676,2331,183.26,0.376451 
1677,2347,186.75,0.401729 
1678,2339,185.00,0.344073 
1679,2342,185.66,0.372953 
1680,2338,184.78,0.362171 
1681,2337,184.57,0.376629 
1682,2339,185.00,0.380271 
1683,2337,184.57,0.373096 
1684,2336,184.35,0.380343 
1685,2338,184.78,0.383986 
1686,2345,186.31,0.376811 
1687,2335,184.13,0.351606 
1688,2335,184.13,0.387698 
1689,2333,183.69,0.387736 
1690,2335,184.13,0.394985 
1691,2336,184.35,0.387812 
1692,2336,184.35,0.384244 
1693,2336,184.35,0.384281 
1694,2338,184.78,0.384318 
1695,2329,182.82,0.377144 
1696,2310,178.68,0.409634 
1697,2338,184.78,0.478188 
1698,2335,184.13,0.377271 
1699,2350,187.40,0.388125 
1700,2338,184.78,0.334074 
1701,2336,184.35,0.377375 
1702,2339,185.00,0.384623 
1703,2336,184.35,0.373843 
1704,2348,186.96,0.384696 
1705,2339,185.00,0.341462 
1706,2337,184.57,0.373947 
1707,2334,183.91,0.381194 
1708,2340,185.22,0.392049 
1709,2333,183.69,0.370451 
1710,2339,185.00,0.395728 
1711,2347,186.75,0.374131 
1712,2335,184.13,0.345319 
1713,2337,184.57,0.388622 
1714,2337,184.57,0.381448 
1715,2337,184.57,0.381485 
1716,2341,185.44,0.381522 
1717,2338,184.78,0.367134 
1718,2335,184.13,0.377987 
1719,2338,184.78,0.388841 
1720,2339,185.00,0.378061 
1721,2336,184.35,0.374491 
1722,2339,185.00,0.385345 
1723,2338,184.78,0.374564 
1724,2338,184.78,0.378206 
1725,2345,186.31,0.378242 
1726,2341,185.44,0.353036 
1727,2330,183.04,0.367493 
1728,2346,186.53,0.407193 
1729,2336,184.35,0.349538 
1730,2341,185.44,0.385629 
1731,2337,184.57,0.367637 
1732,2346,186.53,0.382095 
1733,2341,185.44,0.349678 
1734,2342,185.66,0.367740 
1735,2334,183.91,0.364169 
1736,2342,185.66,0.393051 
1737,2341,185.44,0.364241 
1738,2338,184.78,0.367881 
1739,2364,190.45,0.378734 
1740,2338,184.78,0.285015 
1741,2340,185.22,0.378793 
1742,2349,187.18,0.371617 
1743,2345,186.31,0.339198 
1744,2346,186.53,0.353653 
1745,2343,185.87,0.350079 
1746,2341,185.44,0.360929 
1747,2339,185.00,0.368175 
1748,2339,185.00,0.375422 
1749,2342,185.66,0.375457 
1750,2337,184.57,0.364675 
1751,2344,186.09,0.382739 
1752,2342,185.66,0.357534 
1753,2343,185.87,0.364779 
1754,2323,181.51,0.361207 
1755,2339,185.00,0.433360 
1756,2336,184.35,0.375708 
1757,2339,185.00,0.386562 
1758,2331,183.26,0.375781 
1759,2342,185.66,0.404665 
1760,2315,179.77,0.365039 
1761,2337,184.57,0.462434 
1762,2341,185.44,0.383151 
1763,2342,185.66,0.368764 
1764,2339,185.00,0.365192 
1765,2342,185.66,0.376045 
1766,2342,185.66,0.365262 
1767,2336,184.35,0.365296 
1768,2337,184.57,0.386966 
1769,2342,185.66,0.383398 
1770,2337,184.57,0.365404 
1771,2339,185.00,0.383469 
1772,2330,183.04,0.376293 
1773,2340,185.22,0.408783 
1774,2337,184.57,0.372763 
1775,2339,185.00,0.383616 
1776,2346,186.53,0.376441 
1777,2343,185.87,0.351235 
1778,2352,187.84,0.362085 
1779,2341,185.44,0.329665 
1780,2341,185.44,0.369359 
1781,2341,185.44,0.369394 
1782,2349,187.18,0.369429 
1783,2340,185.22,0.340615 
1784,2341,185.44,0.373100 
1785,2355,188.49,0.369529 
1786,2338,184.78,0.319080 
1787,2337,184.57,0.380409 
1788,2337,184.57,0.384051 
1789,2337,184.57,0.384088 
1790,2335,184.13,0.384125 
1791,2339,185.00,0.391373 
1792,2343,185.87,0.376987 
1793,2341,185.44,0.362599 
1794,2338,184.78,0.369844 
1795,2338,184.78,0.380697 
1796,2343,185.87,0.380733 
1797,2345,186.31,0.362739 
1798,2346,186.53,0.355561 
1799,2347,186.75,0.351988 
1800,2349,187.18,0.348414 
1801,2341,185.44,0.341233 
1802,2342,185.66,0.370111 
1803,2338,184.78,0.366540 
1804,2342,185.66,0.380998 
1805,2345,186.31,0.366610 
1806,2342,185.66,0.355827 
1807,2345,186.31,0.366677 
1808,2337,184.57,0.355893 
1809,2343,185.87,0.384774 
1810,2341,185.44,0.363175 
1811,2341,185.44,0.370420 
1812,2340,185.22,0.370455 
1813,2340,185.22,0.374095 
1814,2345,186.31,0.374130 
1815,2338,184.78,0.356136 
1816,2341,185.44,0.381410 
1817,2333,183.69,0.370628 
1818,2336,184.35,0.399511 
1819,2339,185.00,0.388732 
1820,2340,185.22,0.377951 
1821,2342,185.66,0.374381 
1822,2336,184.35,0.367204 
1823,2342,185.66,0.388874 
1824,2331,183.26,0.367275 
1825,2339,185.00,0.406975 
1826,2335,184.13,0.378167 
1827,2338,184.78,0.392627 
1828,2337,184.57,0.381847 
1829,2340,185.22,0.385489 
1830,2338,184.78,0.374707 
1831,2340,185.22,0.381955 
1832,2337,184.57,0.374779 
1833,2342,185.66,0.385632 
1834,2342,185.66,0.367639 
1835,2338,184.78,0.367673 
1836,2342,185.66,0.382131 
1837,2347,186.75,0.367743 
1838,2345,186.31,0.349747 
1839,2343,185.87,0.356991 
1840,2346,186.53,0.364235 
1841,2342,185.66,0.353451 
1842,2342,185.66,0.367907 
1843,2342,185.66,0.367941 
1844,2338,184.78,0.367975 
1845,2343,185.87,0.382433 
1846,2338,184.78,0.364440 
1847,2338,184.78,0.382503 
1848,2338,184.78,0.382539 
1849,2345,186.31,0.382575 
1850,2341,185.44,0.357370 
1851,2338,184.78,0.371826 
1852,2343,185.87,0.382679 
1853,2342,185.66,0.364685 
1854,2334,183.91,0.368325 
1855,2337,184.57,0.397207 
1856,2343,185.87,0.386427 
1857,2341,185.44,0.364828 
1858,2341,185.44,0.372073 
1859,2352,187.84,0.372108 
1860,2338,184.78,0.332477 
1861,2343,185.87,0.382990 
1862,2343,185.87,0.364996 
1863,2316,179.99,0.365029 
1864,2338,184.78,0.462424 
1865,2340,185.22,0.383141 
1866,2347,186.75,0.375965 
1867,2347,186.75,0.350758 
1868,2370,191.76,0.350789 
1869,2342,185.66,0.267884 
1870,2351,187.62,0.368870 
1871,2350,187.40,0.336451 
1872,2348,186.96,0.340086 
1873,2336,184.35,0.347328 
1874,2298,176.06,0.390631 
1875,2342,185.66,0.527695 
1876,2348,186.96,0.369089 
1877,2342,185.66,0.347487 
1878,2342,185.66,0.369154 
1879,2340,185.22,0.369188 
1880,2347,186.75,0.376435 
1881,2338,184.78,0.351228 
1882,2342,185.66,0.383713 
1883,2341,185.44,0.369325 
1884,2345,186.31,0.372965 
1885,2348,186.96,0.358576 
1886,2346,186.53,0.347791 
1887,2352,187.84,0.355034 
1888,2346,186.53,0.333430 
1889,2406,199.61,0.355095 
1890,2335,184.13,0.138768 
1891,2345,186.31,0.394793 
1892,2342,185.66,0.358772 
1893,2343,185.87,0.369622 
1894,2323,181.51,0.366050 
1895,2352,187.84,0.438203 
1896,2345,186.31,0.333674 
1897,2344,186.09,0.358945 
1898,2351,187.62,0.362583 
1899,2341,185.44,0.337375 
1900,2349,187.18,0.373464 
1901,2346,186.53,0.344650 
1902,2349,187.18,0.355499 
1903,2350,187.40,0.344713 
1904,2410,200.48,0.341138 
1905,2349,187.18,0.124809 
1906,2354,188.27,0.344772 
1907,2352,187.84,0.326773 
1908,2351,187.62,0.334013 
1909,2348,186.96,0.337648 
1910,2351,187.62,0.348495 
1911,2352,187.84,0.337708 
1912,2350,187.40,0.334132 
1913,2351,187.62,0.341373 
1914,2345,186.31,0.337797 
1915,2352,187.84,0.359462 
1916,2352,187.84,0.334253 
1917,2351,187.62,0.334282 
1918,2350,187.40,0.337916 
1919,2351,187.62,0.341552 
1920,2347,186.75,0.337976 
1921,2348,186.96,0.352429 
1922,2352,187.84,0.348855 
1923,2347,186.75,0.334462 
1924,2351,187.62,0.352521 
1925,2340,185.22,0.338128 
1926,2346,186.53,0.377823 
1927,2343,185.87,0.356223 
1928,2341,185.44,0.367073 
1929,2345,186.31,0.374318 
1930,2352,187.84,0.359929 
1931,2344,186.09,0.334720 
1932,2346,186.53,0.363597 
1933,2348,186.96,0.356418 
1934,2346,186.53,0.349238 
1935,2350,187.40,0.356481 
1936,2346,186.53,0.342089 
1937,2352,187.84,0.356543 
1938,2348,186.96,0.334939 
1939,2349,187.18,0.349392 
1940,2339,185.00,0.345817 
1941,2339,185.00,0.381907 
1942,2351,187.62,0.381943 
1943,2350,187.40,0.338707 
1944,2346,186.53,0.342342 
1945,2349,187.18,0.356796 
1946,2350,187.40,0.346010 
1947,2351,187.62,0.342435 
1948,2352,187.84,0.338859 
1949,2352,187.84,0.335282 
1950,2352,187.84,0.335311 
1951,2352,187.84,0.335340 
1952,2350,187.40,0.335369 
1953,2349,187.18,0.342610 
1954,2349,187.18,0.346245 
1955,2352,187.84,0.346276 
1956,2349,187.18,0.335489 
1957,2341,185.44,0.346335 
1958,2349,187.18,0.375214 
1959,2349,187.18,0.346400 
1960,2351,187.62,0.346431 
1961,2336,184.35,0.339250 
1962,2350,187.40,0.393369 
1963,2349,187.18,0.342922 
1964,2336,184.35,0.346558 
1965,2346,186.53,0.393466 
1966,2352,187.84,0.357444 
1967,2347,186.75,0.335840 
1968,2350,187.40,0.353899 
1969,2345,186.31,0.343113 
1970,2342,185.66,0.361172 
1971,2343,185.87,0.372023 
1972,2350,187.40,0.368451 
1973,2352,187.84,0.343243 
1974,2325,181.95,0.336061 
1975,2346,186.53,0.433451 
1976,2341,185.44,0.357768 
1977,2345,186.31,0.375830 
1978,2349,187.18,0.361441 
1979,2327,182.39,0.347050 
1980,2344,186.09,0.426412 
1981,2343,185.87,0.365152 
1982,2350,187.40,0.368791 
1983,2343,185.87,0.343583 
1984,2342,185.66,0.368855 
1985,2346,186.53,0.372494 
1986,2346,186.53,0.358104 
1987,2331,183.26,0.358136 
1988,2349,187.18,0.412258 
1989,2346,186.53,0.347390 
1990,2346,186.53,0.358239 
1991,2346,186.53,0.358271 
1992,2350,187.40,0.358303 
1993,2352,187.84,0.343911 
1994,2366,190.89,0.336729 
1995,2347,186.75,0.286274 
1996,2352,187.84,0.354809 
1997,2362,190.02,0.336811 
1998,2350,187.40,0.300780 
1999,2352,187.84,0.344076 
2000,2351,187.62,0.336894 
2001,2347,186.75,0.340529 
2002,2349,187.18,0.354982 
2003,2352,187.84,0.347802 
2004,2352,187.84,0.337014 
2005,2351,187.62,0.337043 
2006,2352,187.84,0.340678 
2007,2352,187.84,0.337102 
2008,2350,187.40,0.337130 
2009,2347,186.75,0.344371 
2010,2351,187.62,0.355219 
2011,2354,188.27,0.340827 
2012,2349,187.18,0.330038 
2013,2352,187.84,0.348096 
2014,2352,187.84,0.337309 
2015,2350,187.40,0.337338 
2016,2350,187.40,0.344579 
2017,2348,186.96,0.344609 
2018,2349,187.18,0.351850 
2019,2375,192.85,0.348275 
2020,2349,187.18,0.254550 
2021,2350,187.40,0.348323 
2022,2349,187.18,0.344748 
2023,2352,187.84,0.348383 
2024,2350,187.40,0.337596 
2025,2347,186.75,0.344837 
2026,2352,187.84,0.355685 
2027,2352,187.84,0.337686 
2028,2352,187.84,0.337715 
2029,2350,187.40,0.337744 
2030,2354,188.27,0.344985 
2031,2344,186.09,0.330591 
2032,2348,186.96,0.366679 
2033,2345,186.31,0.352288 
2034,2347,186.75,0.363137 
2035,2350,187.40,0.355958 
2036,2352,187.84,0.345171 
2037,2371,191.98,0.337989 
2038,2342,185.66,0.269505 
2039,2341,185.44,0.374097 
2040,2352,187.84,0.377737 
2041,2343,185.87,0.338106 
2042,2346,186.53,0.370589 
2043,2342,185.66,0.359804 
2044,2348,186.96,0.374260 
2045,2346,186.53,0.352658 
2046,2350,187.40,0.359902 
2047,2351,187.62,0.345510 
2048,2350,187.40,0.341934 
2049,2341,185.44,0.345569 
2050,2346,186.53,0.378053 
2051,2342,185.66,0.360058 
2052,2347,186.75,0.374513 
2053,2339,185.00,0.356518 
2054,2348,186.96,0.385397 
2055,2350,187.40,0.352979 
2056,2347,186.75,0.345798 
2057,2342,185.66,0.356646 
2058,2347,186.75,0.374707 
2059,2346,186.53,0.356712 
2060,2352,187.84,0.360349 
2061,2350,187.40,0.338745 
2062,2351,187.62,0.345986 
2063,2343,185.87,0.342410 
2064,2341,185.44,0.371287 
2065,2352,187.84,0.378533 
2066,2347,186.75,0.338902 
2067,2337,184.57,0.356961 
2068,2343,185.87,0.393052 
2069,2345,186.31,0.371453 
2070,2339,185.00,0.364274 
2071,2342,185.66,0.385943 
2072,2336,184.35,0.375161 
2073,2349,187.18,0.396830 
2074,2348,186.96,0.349990 
2075,2346,186.53,0.353626 
2076,2345,186.31,0.360870 
2077,2347,186.75,0.364508 
2078,2342,185.66,0.357328 
2079,2345,186.31,0.375389 
2080,2342,185.66,0.364606 
2081,2335,184.13,0.375456 
2082,2352,187.84,0.400732 
2083,2350,187.40,0.339468 
2084,2341,185.44,0.346709 
2085,2351,187.62,0.379193 
2086,2347,186.75,0.343168 
2087,2343,185.87,0.357621 
2088,2346,186.53,0.372077 
2089,2350,187.40,0.361292 
2090,2343,185.87,0.346901 
2091,2345,186.31,0.372172 
2092,2345,186.31,0.364994 
2093,2349,187.18,0.365026 
2094,2350,187.40,0.350635 
2095,2342,185.66,0.347060 
2096,2349,187.18,0.375937 
2097,2343,185.87,0.350730 
2098,2345,186.31,0.372396 
2099,2345,186.31,0.365218 
2100,2337,184.57,0.365250 
2101,2344,186.09,0.394131 
2102,2341,185.44,0.368926 
2103,2350,187.40,0.379776 
2104,2338,184.78,0.347357 
2105,2341,185.44,0.390659 
2106,2342,185.66,0.379877 
2107,2342,185.66,0.376306 
2108,2346,186.53,0.376340 
2109,2341,185.44,0.361950 
2110,2331,183.26,0.380012 
2111,2348,186.96,0.416107 
2112,2338,184.78,0.354845 
2113,2327,182.39,0.390936 
2114,2343,185.87,0.430638 
2115,2342,185.66,0.372984 
2116,2342,185.66,0.376623 
2117,2341,185.44,0.376657 
2118,2338,184.78,0.380298 
2119,2342,185.66,0.391150 
2120,2338,184.78,0.376762 
2121,2349,187.18,0.391221 
2122,2350,187.40,0.351591 
2123,2342,185.66,0.348015 
2124,2388,195.68,0.376893 
2125,2340,185.22,0.211052 
2126,2341,185.44,0.384149 
2127,2345,186.31,0.380579 
2128,2335,184.13,0.366189 
2129,2349,187.18,0.402282 
2130,2343,185.87,0.351836 
2131,2346,186.53,0.373502 
2132,2357,188.93,0.362718 
2133,2343,185.87,0.323084 
2134,2341,185.44,0.373594 
2135,2352,187.84,0.380840 
2136,2338,184.78,0.341209 
2137,2337,184.57,0.391721 
2138,2337,184.57,0.395363 
2139,2331,183.26,0.395400 
2140,2339,185.00,0.417073 
2141,2339,185.00,0.388265 
2142,2346,186.53,0.388300 
2143,2343,185.87,0.363094 
2144,2342,185.66,0.373944 
2145,2340,185.22,0.377584 
2146,2336,184.35,0.384830 
2147,2336,184.35,0.399289 
2148,2343,185.87,0.399326 
2149,2348,186.96,0.374122 
2150,2342,185.66,0.356125 
2151,2339,185.00,0.377792 
2152,2348,186.96,0.388644 
2153,2343,185.87,0.356226 
2154,2346,186.53,0.374287 
2155,2347,186.75,0.363503 
2156,2351,187.62,0.359929 
2157,2344,186.09,0.345536 
2158,2350,187.40,0.370808 
2159,2352,187.84,0.349205 
2160,2351,187.62,0.342023 
2161,2345,186.31,0.345658 
2162,2348,186.96,0.367323 
2163,2350,187.40,0.356537 
2164,2350,187.40,0.349357 
2165,2306,177.81,0.349387 
2166,2344,186.09,0.508080 
2167,2347,186.75,0.371105 
2168,2346,186.53,0.360320 
2169,2407,199.83,0.363958 
2170,2341,185.44,0.144025 
2171,2341,185.44,0.382020 
2172,2341,185.44,0.382055 
2173,2352,187.84,0.382089 
2174,2343,185.87,0.342458 
2175,2339,185.00,0.374941 
2176,2343,185.87,0.389399 
2177,2338,184.78,0.375010 
2178,2346,186.53,0.393074 
2179,2341,185.44,0.364262 
2180,2337,184.57,0.382324 
2181,2341,185.44,0.396783 
2182,2342,185.66,0.382395 
2183,2334,183.91,0.378824 
2184,2339,185.00,0.407706 
2185,2336,184.35,0.389714 
2186,2336,184.35,0.400568 
2187,2338,184.78,0.400605 
2188,2342,185.66,0.393431 
2189,2338,184.78,0.379043 
2190,2343,185.87,0.393501 
2191,2330,183.04,0.375507 
2192,2339,185.00,0.422419 
2193,2342,185.66,0.390005 
2194,2351,187.62,0.379223 
2195,2343,185.87,0.346803 
2196,2338,184.78,0.375680 
2197,2339,185.00,0.393744 
2198,2339,185.00,0.390174 
2199,2346,186.53,0.390210 
2200,2342,185.66,0.365004 
2201,2343,185.87,0.379459 
2202,2338,184.78,0.375888 
2203,2342,185.66,0.393951 
2204,2342,185.66,0.379563 
2205,2341,185.44,0.379597 
2206,2342,185.66,0.383238 
2207,2370,191.76,0.379666 
2208,2345,186.31,0.278733 
2209,2341,185.44,0.368902 
2210,2336,184.35,0.383358 
2211,2345,186.31,0.401423 
2212,2342,185.66,0.369006 
2213,2342,185.66,0.379857 
2214,2341,185.44,0.379891 
2215,2345,186.31,0.383531 
2216,2349,187.18,0.369142 
2217,2346,186.53,0.354750 
2218,2343,185.87,0.365599 
2219,2337,184.57,0.376449 
2220,2346,186.53,0.398118 
2221,2339,185.00,0.365701 
2222,2330,183.04,0.390975 
2223,2347,186.75,0.423465 
2224,2349,187.18,0.362203 
2225,2350,187.40,0.355023 
2226,2343,185.87,0.351448 
2227,2348,186.96,0.376719 
2228,2346,186.53,0.358723 
2229,2361,189.80,0.365966 
2230,2341,185.44,0.311908 
2231,2348,186.96,0.384052 
2232,2343,185.87,0.358845 
2233,2342,185.66,0.376906 
2234,2341,185.44,0.380545 
2235,2339,185.00,0.384185 
2236,2334,183.91,0.391432 
2237,2347,186.75,0.409498 
2238,2341,185.44,0.362658 
2239,2340,185.22,0.384326 
2240,2327,182.39,0.387966 
2241,2343,185.87,0.434879 
2242,2347,186.75,0.377225 
2243,2346,186.53,0.362835 
2244,2341,185.44,0.366473 
2245,2346,186.53,0.384534 
2246,2344,186.09,0.366539 
2247,2351,187.62,0.373783 
2248,2350,187.40,0.348574 
2249,2347,186.75,0.352210 
2250,2347,186.75,0.363058 
2251,2347,186.75,0.363089 
2252,2352,187.84,0.363121 
2253,2351,187.62,0.345122 
2254,2352,187.84,0.348757 
2255,2352,187.84,0.345181 
2256,2352,187.84,0.345210 
2257,2350,187.40,0.345239 
2258,2355,188.49,0.352480 
2259,2362,190.02,0.334480 
2260,2333,183.69,0.309265 
2261,2358,189.14,0.413862 
2262,2352,187.84,0.323752 
2263,2349,187.18,0.345413 
2264,2346,186.53,0.356260 
2265,2352,187.84,0.367109 
2266,2346,186.53,0.345505 
2267,2350,187.40,0.367170 
2268,2352,187.84,0.352778 
2269,2349,187.18,0.345596 
2270,2384,194.81,0.356442 
2271,2349,187.18,0.230264 
2272,2345,186.31,0.356485 
2273,2341,185.44,0.370940 
2274,2327,182.39,0.385396 
2275,2343,185.87,0.435915 
2276,2340,185.22,0.378261 
2277,2366,190.89,0.389112 
2278,2343,185.87,0.295392 
2279,2342,185.66,0.378351 
2280,2337,184.57,0.381991 
2281,2347,186.75,0.400055 
2282,2347,186.75,0.364032 
2283,2341,185.44,0.364063 
2284,2346,186.53,0.385731 
2285,2349,187.18,0.367735 
2286,2341,185.44,0.356949 
2287,2350,187.40,0.385828 
2288,2347,186.75,0.353409 
2289,2349,187.18,0.364257 
2290,2352,187.84,0.357076 
2291,2352,187.84,0.346289 
2292,2346,186.53,0.346318 
2293,2349,187.18,0.367982 
2294,2345,186.31,0.357196 
2295,2351,187.62,0.371651 
2296,2346,186.53,0.350048 
2297,2347,186.75,0.368107 
2298,2350,187.40,0.364533 
2299,2348,186.96,0.353747 
2300,2352,187.84,0.360988 
2301,2347,186.75,0.346596 
2302,2342,185.66,0.364654 
2303,2347,186.75,0.382716 
2304,2350,187.40,0.364720 
2305,2343,185.87,0.353934 
2306,2345,186.31,0.379206 
2307,2347,186.75,0.372027 
2308,2346,186.53,0.364848 
2309,2352,187.84,0.368485 
2310,2352,187.84,0.346881 
2311,2348,186.96,0.346910 
2312,2348,186.96,0.361363 
2313,2346,186.53,0.361394 
2314,2345,186.31,0.368637 
2315,2367,191.11,0.372275 
2316,2337,184.57,0.292976 
2317,2341,185.44,0.401177 
2318,2351,187.62,0.386790 
2319,2348,186.96,0.350764 
2320,2345,186.31,0.361612 
2321,2352,187.84,0.372461 
2322,2348,186.96,0.347251 
2323,2351,187.62,0.361704 
2324,2346,186.53,0.350917 
2325,2351,187.62,0.368977 
2326,2353,188.05,0.350979 
2327,2352,187.84,0.343796 
2328,2354,188.27,0.347431 
2329,2349,187.18,0.340248 
2330,2357,188.93,0.358305 
2331,2352,187.84,0.329488 
2332,2354,188.27,0.347544 
2333,2352,187.84,0.340361 
2334,2351,187.62,0.347601 
2335,2352,187.84,0.351236 
2336,2345,186.31,0.347660 
2337,2351,187.62,0.372930 
2338,2341,185.44,0.351327 
2339,2342,185.66,0.387416 
2340,2351,187.62,0.383845 
2341,2349,187.18,0.351425 
2342,2348,186.96,0.358667 
2343,2349,187.18,0.362303 
2344,2347,186.75,0.358728 
2345,2350,187.40,0.365971 
2346,2352,187.84,0.355184 
2347,2359,189.36,0.348002 
2348,2352,187.84,0.322789 
2349,2352,187.84,0.348056 
2350,2355,188.49,0.348085 
2351,2354,188.27,0.337296 
2352,2349,187.18,0.340930 
2353,2320,180.86,0.358987 
2354,2353,188.05,0.463591 
2355,2350,187.40,0.344640 
2356,2352,187.84,0.355486 
2357,2352,187.84,0.348304 
2358,2346,186.53,0.348333 
2359,2343,185.87,0.369998 
2360,2351,187.62,0.380848 
2361,2352,187.84,0.352033 
2362,2352,187.84,0.348457 
2363,2348,186.96,0.348486 
2364,2351,187.62,0.362939 
2365,2327,182.39,0.352152 
2366,2358,189.14,0.438725 
2367,2352,187.84,0.326981 
2368,2351,187.62,0.348643 
2369,2360,189.58,0.352278 
2370,2352,187.84,0.319853 
2371,2351,187.62,0.348726 
2372,2352,187.84,0.352361 
2373,2352,187.84,0.348785 
2374,2375,192.85,0.348813 
2375,2349,187.18,0.265905 
2376,2352,187.84,0.359677 
2377,2349,187.18,0.348890 
2378,2352,187.84,0.359737 
2379,2349,187.18,0.348949 
2380,2343,185.87,0.359796 
2381,2386,195.25,0.381463 
2382,2338,184.78,0.226439 
2383,2352,187.84,0.399537 
2384,2348,186.96,0.349090 
2385,2347,186.75,0.363543 
2386,2354,188.27,0.367180 
2387,2352,187.84,0.341969 
2388,2352,187.84,0.349209 
2389,2352,187.84,0.349238 
2390,2352,187.84,0.349267 
2391,2347,186.75,0.349296 
2392,2351,187.62,0.367355 
2393,2352,187.84,0.352962 
2394,2351,187.62,0.349386 
2395,2346,186.53,0.353021 
2396,2320,180.86,0.371080 
2397,2346,186.53,0.464868 
2398,2348,186.96,0.371158 
2399,2338,184.78,0.363978 
2400,2348,186.96,0.400069 
2401,2347,186.75,0.364045 
2402,2337,184.57,0.367682 
2403,2354,188.27,0.403773 
2404,2345,186.31,0.342508 
2405,2347,186.75,0.374990 
2406,2348,186.96,0.367811 
2407,2354,188.27,0.364236 
2408,2350,187.40,0.342631 
2409,2352,187.84,0.357083 
2410,2352,187.84,0.349901 
2411,2351,187.62,0.349930 
2412,2351,187.62,0.353565 
2413,2354,188.27,0.353594 
2414,2352,187.84,0.342806 
2415,2346,186.53,0.350046 
2416,2349,187.18,0.371711 
2417,2343,185.87,0.360925 
2418,2349,187.18,0.382591 
2419,2350,187.40,0.360989 
2420,2339,185.00,0.357413 
2421,2352,187.84,0.397109 
2422,2348,186.96,0.350267 
2423,2352,187.84,0.364720 
2424,2349,187.18,0.350327 
2425,2352,187.84,0.361174 
2426,2342,185.66,0.350386 
2427,2339,185.00,0.386475 
2428,2351,187.62,0.397327 
2429,2353,188.05,0.354091 
2430,2352,187.84,0.346908 
2431,2348,186.96,0.350543 
2432,2350,187.40,0.364996 
2433,2347,186.75,0.357815 
2434,2352,187.84,0.368663 
2435,2347,186.75,0.350664 
2436,2345,186.31,0.368723 
2437,2352,187.84,0.375967 
2438,2348,186.96,0.350757 
2439,2339,185.00,0.365210 
2440,2347,186.75,0.397695 
2441,2348,186.96,0.368883 
2442,2352,187.84,0.365308 
2443,2336,184.35,0.350915 
2444,2350,187.40,0.408640 
2445,2350,187.40,0.358194 
2446,2352,187.84,0.358224 
2447,2353,188.05,0.351042 
2448,2350,187.40,0.347465 
2449,2352,187.84,0.358311 
2450,2355,188.49,0.351129 
2451,2353,188.05,0.340340 
2452,2354,188.27,0.347579 
2453,2352,187.84,0.344002 
2454,2352,187.84,0.351242 
2455,2352,187.84,0.351270 
2456,2352,187.84,0.351299 
2457,2352,187.84,0.351328 
2458,2349,187.18,0.351357 
2459,2351,187.62,0.362204 
2460,2351,187.62,0.355023 
2461,2350,187.40,0.355052 
2462,2353,188.05,0.358688 
2463,2373,192.41,0.347899 
2464,2352,187.84,0.275808 
2465,2354,188.27,0.351552 
2466,2350,187.40,0.344369 
2467,2353,188.05,0.358821 
2468,2349,187.18,0.348033 
2469,2362,190.02,0.362485 
2470,2358,189.14,0.315638 
2471,2352,187.84,0.330086 
2472,2349,187.18,0.351747 
2473,2345,186.31,0.362594 
2474,2340,185.22,0.377049 
2475,2352,187.84,0.395111 
2476,2351,187.62,0.351874 
2477,2352,187.84,0.355509 
2478,2352,187.84,0.351933 
2479,2354,188.27,0.351962 
2480,2353,188.05,0.344779 
2481,2352,187.84,0.348413 
2482,2352,187.84,0.352047 
2483,2352,187.84,0.352076 
2484,2352,187.84,0.352105 
2485,2355,188.49,0.352134 
2486,2352,187.84,0.341345 
2487,2353,188.05,0.352190 
2488,2352,187.84,0.348613 
2489,2351,187.62,0.352247 
2490,2350,187.40,0.355882 
2491,2347,186.75,0.359518 
2492,2359,189.36,0.370366 
2493,2389,195.90,0.327125 
2494,2355,188.49,0.218971 
2495,2352,187.84,0.341584 
2496,2348,186.96,0.352430 
2497,2352,187.84,0.366882 
2498,2352,187.84,0.352490 
2499,2352,187.84,0.352519 
2500,2352,187.84,0.352547 
2501,2357,188.93,0.352576 
2502,2347,186.75,0.334576 
2503,2352,187.84,0.370662 
2504,2353,188.05,0.352663 
2505,2353,188.05,0.349086 
2506,2353,188.05,0.349115 
2507,2352,187.84,0.349143 
2508,2351,187.62,0.352777 
2509,2345,186.31,0.356412 
2510,2352,187.84,0.378078 
2511,2347,186.75,0.352868 
2512,2352,187.84,0.370927 
2513,2352,187.84,0.352929 
2514,2352,187.84,0.352958 
2515,2351,187.62,0.352987 
2516,2358,189.14,0.356622 
2517,2352,187.84,0.331409 
2518,2352,187.84,0.353071 
2519,2356,188.71,0.353100 
2520,2352,187.84,0.338705 
2521,2353,188.05,0.353156 
2522,2352,187.84,0.349578 
2523,2351,187.62,0.353213 
2524,2345,186.31,0.356848 
2525,2352,187.84,0.378513 
2526,2353,188.05,0.353304 
2527,2353,188.05,0.349727 
2528,2352,187.84,0.349755 
2529,2355,188.49,0.353390 
2530,2357,188.93,0.342600 
2531,2355,188.49,0.335416 
2532,2352,187.84,0.342654 
2533,2353,188.05,0.353500 
2534,2352,187.84,0.349923 
2535,2359,189.36,0.353557 
2536,2351,187.62,0.328344 
2537,2351,187.62,0.357217 
2538,2347,186.75,0.357247 
2539,2371,191.98,0.371700 
2540,2352,187.84,0.285188 
2541,2354,188.27,0.353721 
2542,2346,186.53,0.346538 
2543,2352,187.84,0.375413 
2544,2352,187.84,0.353810 
2545,2357,188.93,0.353839 
2546,2330,183.04,0.335838 
2547,2352,187.84,0.433225 
2548,2358,189.14,0.353934 
2549,2352,187.84,0.332327 
2550,2352,187.84,0.353989 
2551,2352,187.84,0.354018 
2552,2332,183.48,0.354047 
2553,2350,187.40,0.426195 
2554,2352,187.84,0.361327 
2555,2347,186.75,0.354145 
2556,2352,187.84,0.372204 
2557,2354,188.27,0.354205 
2558,2353,188.05,0.347022 
2559,2384,194.81,0.350656 
2560,2343,185.87,0.238899 
2561,2339,185.00,0.386757 
2562,2353,188.05,0.401214 
2563,2343,185.87,0.350766 
2564,2346,186.53,0.386855 
2565,2348,186.96,0.376070 
2566,2352,187.84,0.368890 
2567,2336,184.35,0.354497 
2568,2351,187.62,0.412222 
2569,2368,191.32,0.358169 
2570,2345,186.31,0.296897 
2571,2361,189.80,0.379855 
2572,2355,188.49,0.322192 
2573,2355,188.49,0.343852 
2574,2366,190.89,0.343880 
2575,2355,188.49,0.304241 
2576,2370,191.76,0.343929 
2577,2347,186.75,0.289867 
2578,2349,187.18,0.372824 
2579,2354,188.27,0.365643 
2580,2362,190.02,0.347644 
2581,2368,191.32,0.318824 
2582,2370,191.76,0.297212 
2583,2350,187.40,0.290020 
2584,2350,187.40,0.362160 
2585,2347,186.75,0.362190 
2586,2368,191.32,0.373037 
2587,2337,184.57,0.297343 
2588,2337,184.57,0.409149 
2589,2358,189.14,0.409186 
2590,2362,190.02,0.333497 
2591,2346,186.53,0.319099 
2592,2352,187.84,0.376819 
2593,2349,187.18,0.355215 
2594,2364,190.45,0.366062 
2595,2368,191.32,0.312002 
2596,2359,189.36,0.297601 
2597,2364,190.45,0.330076 
2598,2359,189.36,0.312071 
2599,2338,184.78,0.330124 
2600,2353,188.05,0.405875 
2601,2368,191.32,0.351821 
2602,2338,184.78,0.297760 
2603,2343,185.87,0.405960 
2604,2336,184.35,0.387966 
2605,2338,184.78,0.413241 
2606,2350,187.40,0.406067 
2607,2359,189.36,0.362831 
2608,2340,185.22,0.330407 
2609,2347,186.75,0.398946 
2610,2336,184.35,0.373740 
2611,2332,183.48,0.413437 
2612,2352,187.84,0.427898 
2613,2352,187.84,0.355818 
2614,2352,187.84,0.355847 
2615,2352,187.84,0.355876 
2616,2339,185.00,0.355905 
2617,2368,191.32,0.402811 
2618,2338,184.78,0.298273 
2619,2351,187.62,0.406474 
2620,2339,185.00,0.359632 
2621,2331,183.26,0.402933 
2622,2338,184.78,0.431817 
2623,2363,190.23,0.406615 
2624,2359,189.36,0.316501 
2625,2339,185.00,0.330948 
2626,2335,184.13,0.403093 
2627,2363,190.23,0.417553 
2628,2337,184.57,0.316623 
2629,2359,189.36,0.410402 
2630,2340,185.22,0.331107 
2631,2336,184.35,0.399646 
2632,2352,187.84,0.414105 
2633,2308,178.24,0.356447 
2634,2362,190.02,0.515139 
2635,2363,190.23,0.320467 
2636,2343,185.87,0.316885 
2637,2338,184.78,0.389028 
2638,2356,188.71,0.407092 
2639,2351,187.62,0.342220 
2640,2351,187.62,0.360277 
2641,2364,190.45,0.360306 
2642,2359,189.36,0.313458 
2643,2340,185.22,0.331511 
2644,2333,183.69,0.400050 
2645,2336,184.35,0.425327 
2646,2356,188.71,0.414547 
2647,2364,190.45,0.342465 
2648,2338,184.78,0.313644 
2649,2353,188.05,0.407422 
2650,2348,186.96,0.353369 
2651,2339,185.00,0.371427 
2652,2342,185.66,0.403912 
2653,2352,187.84,0.393130 
2654,2337,184.57,0.357104 
2655,2337,184.57,0.411223 
2656,2368,191.32,0.411259 
2657,2353,188.05,0.299511 
2658,2366,190.89,0.353621 
2659,2335,184.13,0.306772 
2660,2365,190.67,0.418579 
2661,2337,184.57,0.310437 
2662,2361,189.80,0.411427 
2663,2343,185.87,0.324920 
2664,2367,191.11,0.389852 
2665,2350,187.40,0.303342 
2666,2352,187.84,0.364665 
2667,2346,186.53,0.357483 
2668,2346,186.53,0.379148 
2669,2349,187.18,0.379180 
2670,2345,186.31,0.368394 
2671,2354,188.27,0.382848 
2672,2365,190.67,0.350427 
2673,2351,187.62,0.310789 
2674,2353,188.05,0.361295 
2675,2359,189.36,0.354112 
2676,2346,186.53,0.332505 
2677,2377,193.29,0.379408 
2678,2354,188.27,0.267655 
2679,2368,191.32,0.350608 
2680,2359,189.36,0.300152 
2681,2345,186.31,0.332627 
2682,2352,187.84,0.383136 
2683,2342,185.66,0.357926 
2684,2358,189.14,0.394015 
2685,2367,191.11,0.336354 
2686,2354,188.27,0.303926 
2687,2352,187.84,0.350824 
2688,2364,190.45,0.358064 
2689,2352,187.84,0.314822 
2690,2339,185.00,0.358116 
2691,2367,191.11,0.405023 
2692,2369,191.54,0.304091 
2693,2352,187.84,0.296900 
2694,2354,188.27,0.358222 
2695,2370,191.76,0.351039 
2696,2368,191.32,0.293371 
2697,2371,191.98,0.300603 
2698,2367,191.11,0.289805 
2699,2370,191.76,0.304248 
2700,2367,191.11,0.293452 
2701,2359,189.36,0.304289 
2702,2343,185.87,0.333158 
2703,2353,188.05,0.390879 
2704,2350,187.40,0.354853 
2705,2345,186.31,0.365699 
2706,2364,190.45,0.383759 
2707,2346,186.53,0.315278 
2708,2348,186.96,0.380208 
2709,2343,185.87,0.373028 
2710,2345,186.31,0.391089 
2711,2357,188.93,0.383911 
2712,2362,190.02,0.340672 
2713,2354,188.27,0.322668 
2714,2359,189.36,0.351540 
2715,2347,186.75,0.333538 
2716,2346,186.53,0.376835 
2717,2347,186.75,0.380472 
2718,2368,191.32,0.376898 
2719,2342,185.66,0.301204 
2720,2365,190.67,0.394980 
2721,2373,192.41,0.312077 
2722,2353,188.05,0.283251 
2723,2346,186.53,0.355389 
2724,2294,175.19,0.380659 
2725,2361,189.80,0.568202 
2726,2340,185.22,0.326661 
2727,2341,185.44,0.402410 
2728,2363,190.23,0.398840 
2729,2343,185.87,0.319543 
2730,2342,185.66,0.391686 
2731,2345,186.31,0.395325 
2732,2362,190.02,0.384541 
2733,2345,186.31,0.323272 
2734,2353,188.05,0.384598 
2735,2358,189.14,0.355782 
2736,2352,187.84,0.337781 
2737,2347,186.75,0.359443 
2738,2372,192.20,0.377501 
2739,2363,190.23,0.287383 
2740,2345,186.31,0.319856 
2741,2369,191.54,0.384787 
2742,2357,188.93,0.298276 
2743,2347,186.75,0.341568 
2744,2354,188.27,0.377654 
2745,2370,191.76,0.352443 
2746,2348,186.96,0.294776 
2747,2350,187.40,0.374127 
2748,2352,187.84,0.366946 
2749,2351,187.62,0.359764 
2750,2367,191.11,0.363399 
2751,2380,193.94,0.305732 
2752,2349,187.18,0.258876 
2753,2368,191.32,0.370676 
2754,2352,187.84,0.302193 
2755,2355,188.49,0.359909 
2756,2355,188.49,0.349120 
2757,2375,192.85,0.349147 
2758,2352,187.84,0.277055 
2759,2368,191.32,0.360010 
2760,2350,187.40,0.302343 
2761,2352,187.84,0.367271 
2762,2358,189.14,0.360089 
2763,2363,190.23,0.338482 
2764,2357,188.93,0.320478 
2765,2341,185.44,0.342137 
2766,2339,185.00,0.399859 
2767,2357,188.93,0.407106 
2768,2359,189.36,0.342234 
2769,2381,194.16,0.335048 
2770,2348,186.96,0.255742 
2771,2368,191.32,0.374753 
2772,2368,191.32,0.302665 
2773,2362,190.02,0.302685 
2774,2366,190.89,0.324342 
2775,2368,191.32,0.309942 
2776,2359,189.36,0.302751 
2777,2351,187.62,0.335226 
2778,2363,190.23,0.364099 
2779,2358,189.14,0.320857 
2780,2369,191.54,0.338910 
2781,2346,186.53,0.299270 
2782,2366,190.89,0.382227 
2783,2346,186.53,0.310140 
2784,2342,185.66,0.382281 
2785,2352,187.84,0.396737 
2786,2365,190.67,0.360711 
2787,2363,190.23,0.313863 
2788,2368,191.32,0.321097 
2789,2357,188.93,0.303090 
2790,2390,196.12,0.342777 
2791,2370,191.76,0.223806 
2792,2369,191.54,0.295934 
2793,2363,190.23,0.299560 
2794,2375,192.85,0.321216 
2795,2352,187.84,0.277967 
2796,2367,191.11,0.360922 
2797,2368,191.32,0.306861 
2798,2356,188.71,0.303276 
2799,2363,190.23,0.346569 
2800,2352,187.84,0.321354 
2801,2368,191.32,0.361043 
2802,2363,190.23,0.303376 
2803,2371,191.98,0.321427 
2804,2369,191.54,0.292602 
2805,2347,186.75,0.299833 
2806,2342,185.66,0.379185 
2807,2345,186.31,0.397246 
2808,2359,189.36,0.386462 
2809,2366,190.89,0.336011 
2810,2353,188.05,0.310795 
2811,2360,189.58,0.357694 
2812,2368,191.32,0.332480 
2813,2341,185.44,0.303657 
2814,2347,186.75,0.401039 
2815,2362,190.02,0.379438 
2816,2341,185.44,0.325380 
2817,2354,188.27,0.401129 
2818,2365,190.67,0.354286 
2819,2343,185.87,0.314648 
2820,2352,187.84,0.394002 
2821,2352,187.84,0.361582 
2822,2350,187.40,0.361611 
2823,2347,186.75,0.368852 
2824,2343,185.87,0.379700 
2825,2350,187.40,0.394155 
2826,2371,191.98,0.368947 
2827,2386,195.25,0.293251 
2828,2381,194.16,0.239181 
2829,2351,187.62,0.257222 
2830,2368,191.32,0.365415 
2831,2375,192.85,0.304143 
2832,2371,191.98,0.278922 
2833,2352,187.84,0.293363 
2834,2347,186.75,0.361895 
2835,2353,188.05,0.379954 
2836,2362,190.02,0.358350 
2837,2372,192.20,0.325924 
2838,2352,187.84,0.289888 
2839,2364,190.45,0.362027 
2840,2352,187.84,0.318784 
2841,2370,191.76,0.362078 
2842,2368,191.32,0.297200 
2843,2351,187.62,0.304431 
2844,2369,191.54,0.365753 
2845,2336,184.35,0.300875 
2846,2359,189.36,0.419892 
2847,2368,191.32,0.336992 
2848,2378,193.50,0.304564 
2849,2355,188.49,0.268525 
2850,2358,189.14,0.351477 
2851,2354,188.27,0.340687 
2852,2365,190.67,0.355137 
2853,2368,191.32,0.315499 
2854,2368,191.32,0.304703 
2855,2336,184.35,0.304724 
2856,2374,192.63,0.420136 
2857,2373,192.41,0.283146 
2858,2373,192.41,0.286769 
2859,2355,188.49,0.286787 
2860,2352,187.84,0.351713 
2861,2368,191.32,0.362558 
2862,2362,190.02,0.304891 
2863,2368,191.32,0.326548 
2864,2373,192.41,0.304936 
2865,2371,191.98,0.286927 
2866,2346,186.53,0.294157 
2867,2369,191.54,0.384325 
2868,2354,188.27,0.301420 
2869,2352,187.84,0.355529 
2870,2350,187.40,0.362769 
2871,2352,187.84,0.370010 
2872,2367,191.11,0.362828 
2873,2352,187.84,0.308767 
2874,2358,189.14,0.362878 
2875,2358,189.14,0.341271 
2876,2355,188.49,0.341297 
2877,2369,191.54,0.352141 
2878,2343,185.87,0.301685 
2879,2351,187.62,0.395460 
2880,2368,191.32,0.366646 
2881,2373,192.41,0.305374 
2882,2374,192.63,0.287365 
2883,2369,191.54,0.283777 
2884,2351,187.62,0.301824 
2885,2350,187.40,0.366752 
2886,2364,190.45,0.370387 
2887,2362,190.02,0.319934 
2888,2370,191.76,0.327168 
2889,2350,187.40,0.298344 
2890,2361,189.80,0.370483 
2891,2346,186.53,0.330847 
2892,2373,192.41,0.384961 
2893,2373,192.41,0.287632 
2894,2368,191.32,0.287650 
2895,2345,186.31,0.305698 
2896,2350,187.40,0.388656 
2897,2367,191.11,0.370659 
2898,2352,187.84,0.309387 
2899,2369,191.54,0.363498 
2900,2367,191.11,0.302225 
2901,2373,192.41,0.309457 
2902,2361,189.80,0.287843 
2903,2349,187.18,0.331132 
2904,2345,186.31,0.374428 
2905,2357,188.93,0.388883 
2906,2363,190.23,0.345644 
2907,2349,187.18,0.324034 
2908,2371,191.98,0.374541 
2909,2368,191.32,0.295240 
2910,2368,191.32,0.306077 
2911,2346,186.53,0.306098 
2912,2366,190.89,0.385450 
2913,2365,190.67,0.313362 
2914,2346,186.53,0.316990 
2915,2352,187.84,0.385526 
2916,2358,189.14,0.363922 
2917,2346,186.53,0.342315 
2918,2373,192.41,0.385612 
2919,2348,186.96,0.288283 
2920,2361,189.80,0.378451 
2921,2371,191.98,0.331604 
2922,2358,189.14,0.295568 
2923,2345,186.31,0.342465 
2924,2377,193.29,0.389369 
2925,2367,191.11,0.274010 
2926,2355,188.49,0.310086 
2927,2363,190.23,0.353379 
2928,2370,191.76,0.324558 
2929,2367,191.11,0.299340 
2930,2380,193.94,0.310177 
2931,2357,188.93,0.263320 
2932,2346,186.53,0.346272 
2933,2367,191.11,0.385965 
2934,2352,187.84,0.310271 
2935,2349,187.18,0.364382 
2936,2352,187.84,0.375229 
2937,2343,185.87,0.364441 
2938,2368,191.32,0.396924 
2939,2349,187.18,0.306808 
2940,2343,185.87,0.375342 
2941,2349,187.18,0.397009 
2942,2342,185.66,0.375406 
2943,2366,190.89,0.400679 
2944,2336,184.35,0.314169 
2945,2345,186.31,0.422370 
2946,2350,187.40,0.389954 
2947,2353,188.05,0.371957 
2948,2343,185.87,0.361169 
2949,2342,185.66,0.397257 
2950,2346,186.53,0.400896 
2951,2337,184.57,0.386507 
2952,2347,186.75,0.418993 
2953,2351,187.62,0.382969 
2954,2352,187.84,0.368577 
2955,2365,190.67,0.365000 
2956,2351,187.62,0.318152 
2957,2352,187.84,0.368658 
2958,2391,196.34,0.365081 
2959,2343,185.87,0.224477 
2960,2363,190.23,0.397573 
2961,2349,187.18,0.325487 
2962,2352,187.84,0.375993 
2963,2356,188.71,0.365206 
2964,2353,188.05,0.350811 
2965,2320,180.86,0.361656 
2966,2326,182.17,0.480681 
2967,2337,184.57,0.459091 
2968,2338,184.78,0.419468 
2969,2363,190.23,0.415899 
2970,2339,185.00,0.325785 
2971,2371,191.98,0.412352 
2972,2338,184.78,0.296996 
2973,2371,191.98,0.416013 
2974,2369,191.54,0.297052 
2975,2362,190.02,0.304282 
2976,2369,191.54,0.329544 
2977,2350,187.40,0.304326 
2978,2342,185.66,0.372860 
2979,2372,192.20,0.401738 
2980,2370,191.76,0.293593 
2981,2337,184.57,0.300823 
2982,2352,187.84,0.419840 
2983,2367,191.11,0.365787 
2984,2349,187.18,0.311726 
2985,2396,197.43,0.376655 
2986,2345,186.31,0.207205 
2987,2353,188.05,0.391116 
2988,2372,192.20,0.362300 
2989,2355,188.49,0.293815 
2990,2352,187.84,0.355135 
2991,2352,187.84,0.365981 
2992,2365,190.67,0.366010 
2993,2352,187.84,0.319161 
2994,2348,186.96,0.366061 
2995,2341,185.44,0.380514 
2996,2344,186.09,0.405786 
2997,2352,187.84,0.395003 
2998,2375,192.85,0.366188 
2999,2365,190.67,0.283280 
3000,2352,187.84,0.319357 
3001,2371,191.98,0.366257 
3002,2395,197.21,0.297772 
3003,2366,190.89,0.211247 
3004,2352,187.84,0.315828 
3005,2366,190.89,0.366333 
3006,2339,185.00,0.315878 
3007,2347,186.75,0.413261 
3008,2369,191.54,0.384449 
3009,2334,183.91,0.305149 
3010,2335,184.13,0.431378 
3011,2354,188.27,0.427811 
3012,2343,185.87,0.359335 
3013,2338,184.78,0.399029 
3014,2354,188.27,0.417092 
3015,2366,190.89,0.359433 
3016,2342,185.66,0.316189 
3017,2336,184.35,0.402754 
3018,2347,186.75,0.424424 
3019,2347,186.75,0.384795 
3020,2351,187.62,0.384827 
3021,2341,185.44,0.370435 
3022,2361,189.80,0.406524 
3023,2348,186.96,0.334439 
3024,2341,185.44,0.381341 
3025,2351,187.62,0.406614 
3026,2365,190.67,0.370589 
3027,2350,187.40,0.320134 
3028,2366,190.89,0.374246 
3029,2357,188.93,0.316580 
3030,2367,191.11,0.349056 
3031,2358,189.14,0.313022 
3032,2352,187.84,0.345497 
3033,2355,188.49,0.367159 
3034,2350,187.40,0.356370 
3035,2355,188.49,0.374427 
3036,2352,187.84,0.356427 
3037,2352,187.84,0.367273 
3038,2358,189.14,0.367302 
3039,2351,187.62,0.345695 
3040,2353,188.05,0.370962 
3041,2353,188.05,0.363780 
3042,2367,191.11,0.363808 
3043,2343,185.87,0.313353 
3044,2365,190.67,0.399918 
3045,2350,187.40,0.320620 
3046,2355,188.49,0.374732 
3047,2346,186.53,0.356732 
3048,2352,187.84,0.389213 
3049,2348,186.96,0.367609 
3050,2354,188.27,0.382062 
3051,2373,192.41,0.360457 
3052,2345,186.31,0.291971 
3053,2347,186.75,0.392957 
3054,2337,184.57,0.385777 
3055,2353,188.05,0.421869 
3056,2365,190.67,0.364210 
3057,2358,189.14,0.320966 
3058,2349,187.18,0.346230 
3059,2358,189.14,0.378710 
3060,2365,190.67,0.346287 
3061,2373,192.41,0.321071 
3062,2354,188.27,0.292245 
3063,2359,189.36,0.360777 
3064,2355,188.49,0.342775 
3065,2364,190.45,0.357224 
3066,2351,187.62,0.324798 
3067,2366,190.89,0.371698 
3068,2357,188.93,0.317638 
3069,2371,191.98,0.350113 
3070,2351,187.62,0.299656 
3071,2346,186.53,0.371795 
3072,2372,192.20,0.389854 
3073,2368,191.32,0.296130 
3074,2370,191.76,0.310573 
3075,2350,187.40,0.303382 
3076,2359,189.36,0.375521 
3077,2367,191.11,0.343097 
3078,2349,187.18,0.314274 
3079,2403,198.95,0.379203 
3080,2378,193.50,0.184511 
3081,2367,191.11,0.274663 
3082,2372,192.20,0.314344 
3083,2362,190.02,0.296335 
3084,2349,187.18,0.332413 
3085,2368,191.32,0.379315 
3086,2345,186.31,0.310832 
3087,2358,189.14,0.393790 
3088,2347,186.75,0.346945 
3089,2342,185.66,0.386636 
3090,2335,184.13,0.404698 
3091,2365,190.67,0.429974 
3092,2351,187.62,0.321832 
3093,2365,190.67,0.372338 
3094,2363,190.23,0.321884 
3095,2365,190.67,0.329118 
3096,2371,191.98,0.321929 
3097,2350,187.40,0.300316 
3098,2341,185.44,0.376060 
3099,2339,185.00,0.408544 
3100,2350,187.40,0.415791 
3101,2352,187.84,0.376161 
3102,2349,187.18,0.368979 
3103,2361,189.80,0.379825 
3104,2350,187.40,0.336584 
3105,2352,187.84,0.376274 
3106,2334,183.91,0.369092 
3107,2355,188.49,0.434029 
3108,2366,190.89,0.358341 
3109,2350,187.40,0.318703 
3110,2358,189.14,0.376420 
3111,2356,188.71,0.347603 
3112,2368,191.32,0.354840 
3113,2359,189.36,0.311595 
3114,2352,187.84,0.344070 
3115,2343,185.87,0.369337 
3116,2376,193.07,0.401820 
3117,2366,190.89,0.282856 
3118,2367,191.11,0.318932 
3119,2350,187.40,0.315348 
3120,2370,191.76,0.376671 
3121,2359,189.36,0.304581 
3122,2362,190.02,0.344267 
3123,2343,185.87,0.333474 
3124,2336,184.35,0.402011 
3125,2343,185.87,0.427287 
3126,2369,191.54,0.402082 
3127,2371,191.98,0.308360 
3128,2358,189.14,0.301168 
3129,2353,188.05,0.348065 
3130,2368,191.32,0.366121 
3131,2354,188.27,0.312060 
3132,2349,187.18,0.362564 
3133,2358,189.14,0.380622 
3134,2355,188.49,0.348199 
3135,2344,186.09,0.359042 
3136,2359,189.36,0.398735 
3137,2354,188.27,0.344679 
3138,2351,187.62,0.362734 
3139,2354,188.27,0.373580 
3140,2351,187.62,0.362791 
3141,2368,191.32,0.373637 
3142,2349,187.18,0.312365 
3143,2368,191.32,0.380899 
3144,2350,187.40,0.312416 
3145,2366,190.89,0.377344 
3146,2367,191.11,0.319679 
3147,2381,194.16,0.316094 
3148,2361,189.80,0.265632 
3149,2359,189.36,0.337765 
3150,2366,190.89,0.345001 
3151,2351,187.62,0.319785 
3152,2357,188.93,0.373896 
3153,2348,186.96,0.352290 
3154,2369,191.54,0.384770 
3155,2355,188.49,0.309075 
3156,2371,191.98,0.359579 
3157,2368,191.32,0.301911 
3158,2362,190.02,0.312748 
3159,2351,187.62,0.334404 
3160,2355,188.49,0.374094 
3161,2366,190.89,0.359699 
3162,2352,187.84,0.320061 
3163,2356,188.71,0.370567 
3164,2371,191.98,0.356172 
3165,2347,186.75,0.302109 
3166,2353,188.05,0.388671 
3167,2349,187.18,0.367067 
3168,2352,187.84,0.381519 
3169,2369,191.54,0.370732 
3170,2366,190.89,0.309459 
3171,2347,186.75,0.320297 
3172,2357,188.93,0.388832 
3173,2352,187.84,0.352804 
3174,2358,189.14,0.370860 
3175,2354,188.27,0.349254 
3176,2342,185.66,0.363703 
3177,2369,191.54,0.407003 
3178,2347,186.75,0.309675 
3179,2368,191.32,0.389027 
3180,2352,187.84,0.313333 
3181,2352,187.84,0.371049 
3182,2356,188.71,0.371078 
3183,2363,190.23,0.356684 
3184,2366,190.89,0.331469 
3185,2363,190.23,0.320674 
3186,2348,186.96,0.331513 
3187,2373,192.41,0.385626 
3188,2372,192.20,0.295508 
3189,2355,188.49,0.299132 
3190,2368,191.32,0.360452 
3191,2354,188.27,0.313602 
3192,2384,194.81,0.364106 
3193,2352,187.84,0.255955 
3194,2352,187.84,0.371358 
3195,2352,187.84,0.371387 
3196,2362,190.02,0.371416 
3197,2352,187.84,0.335385 
3198,2375,192.85,0.371469 
3199,2353,188.05,0.288560 
3200,2363,190.23,0.367909 
3201,2371,191.98,0.331877 
3202,2352,187.84,0.303053 
3203,2352,187.84,0.371585 
3204,2368,191.32,0.371614 
3205,2352,187.84,0.313947 
3206,2339,185.00,0.371664 
3207,2359,189.36,0.418571 
3208,2351,187.62,0.346487 
3209,2345,186.31,0.375360 
3210,2352,187.84,0.397025 
3211,2367,191.11,0.371816 
3212,2358,189.14,0.317755 
3213,2354,188.27,0.350230 
3214,2363,190.23,0.364680 
3215,2368,191.32,0.332254 
3216,2350,187.40,0.314247 
3217,2361,189.80,0.379176 
3218,2352,187.84,0.339540 
3219,2340,185.22,0.372018 
3220,2366,190.89,0.415318 
3221,2354,188.27,0.321598 
3222,2353,188.05,0.364891 
3223,2391,196.34,0.368525 
3224,2353,188.05,0.231527 
3225,2349,187.18,0.368562 
3226,2351,187.62,0.383015 
3227,2352,187.84,0.375833 
3228,2382,194.38,0.372257 
3229,2365,190.67,0.264106 
3230,2370,191.76,0.325421 
3231,2366,190.89,0.307414 
3232,2361,189.80,0.321857 
3233,2352,187.84,0.339909 
3234,2360,189.58,0.372387 
3235,2352,187.84,0.343568 
3236,2352,187.84,0.372441 
3237,2354,188.27,0.372470 
3238,2369,191.54,0.365286 
3239,2375,192.85,0.311225 
3240,2386,195.25,0.289609 
3241,2370,191.76,0.249960 
3242,2382,194.38,0.307667 
3243,2373,192.41,0.264415 
3244,2363,190.23,0.296882 
3245,2374,192.63,0.332960 
3246,2371,191.98,0.293317 
3247,2350,187.40,0.304153 
3248,2367,191.11,0.379898 
3249,2362,190.02,0.318626 
3250,2350,187.40,0.336677 
3251,2350,187.40,0.379973 
3252,2337,184.57,0.380002 
3253,2352,187.84,0.426910 
3254,2346,186.53,0.372857 
3255,2365,190.67,0.394522 
3256,2336,184.35,0.326040 
3257,2355,188.49,0.430636 
3258,2369,191.54,0.362159 
3259,2337,184.57,0.311703 
3260,2365,190.67,0.427115 
3261,2374,192.63,0.326184 
3262,2368,191.32,0.293752 
3263,2335,184.13,0.315406 
3264,2352,187.84,0.434424 
3265,2374,192.63,0.373160 
3266,2370,191.76,0.293857 
3267,2372,192.20,0.308299 
3268,2351,187.62,0.301106 
3269,2363,190.23,0.376850 
3270,2374,192.63,0.333608 
3271,2373,192.41,0.293965 
3272,2242,163.86,0.297589 
3273,2365,190.67,0.769990 
3274,2352,187.84,0.326541 
3275,2354,188.27,0.373441 
3276,2380,193.94,0.366258 
3277,2349,187.18,0.272530 
3278,2357,188.93,0.384330 
3279,2381,194.16,0.355513 
3280,2321,181.08,0.268995 
3281,2384,194.81,0.485368 
3282,2352,187.84,0.258236 
3283,2375,192.85,0.373640 
3284,2366,190.89,0.290731 
3285,2369,191.54,0.323202 
3286,2352,187.84,0.312406 
3287,2353,188.05,0.373728 
3288,2368,191.32,0.370151 
3289,2374,192.63,0.316089 
3290,2356,188.71,0.294474 
3291,2352,187.84,0.359400 
3292,2370,191.76,0.373850 
3293,2370,191.76,0.308972 
3294,2352,187.84,0.308991 
3295,2356,188.71,0.373918 
3296,2377,193.29,0.359523 
3297,2363,190.23,0.283825 
3298,2326,182.17,0.334324 
3299,2365,190.67,0.467769 
3300,2352,187.84,0.327178 
3301,2369,191.54,0.374078 
3302,2352,187.84,0.312805 
3303,2370,191.76,0.374127 
3304,2366,190.89,0.309248 
3305,2358,189.14,0.323692 
3306,2366,190.89,0.352561 
3307,2365,190.67,0.323739 
3308,2352,187.84,0.327367 
3309,2351,187.62,0.374267 
3310,2368,191.32,0.377902 
3311,2363,190.23,0.316629 
3312,2355,188.49,0.334680 
3313,2341,185.44,0.363551 
3314,2368,191.32,0.414062 
3315,2347,186.75,0.316735 
3316,2370,191.76,0.392482 
3317,2347,186.75,0.309576 
3318,2370,191.76,0.392533 
3319,2352,187.84,0.309627 
3320,2356,188.71,0.374554 
3321,2347,186.75,0.360159 
3322,2346,186.53,0.392640 
3323,2364,190.45,0.396277 
3324,2368,191.32,0.331402 
3325,2357,188.93,0.317000 
3326,2352,187.84,0.356687 
3327,2354,188.27,0.374743 
3328,2348,186.96,0.367560 
3329,2305,177.59,0.389224 
3330,2359,189.36,0.544312 
3331,2352,187.84,0.349642 
3332,2348,186.96,0.374909 
3333,2349,187.18,0.389362 
3334,2369,191.54,0.385787 
3335,2370,191.76,0.313698 
3336,2351,187.62,0.310112 
3337,2355,188.49,0.378646 
3338,2352,187.84,0.364251 
3339,2349,187.18,0.375096 
3340,2352,187.84,0.385943 
3341,2349,187.18,0.375156 
3342,2350,187.40,0.386003 
3343,2371,191.98,0.382427 
3344,2352,187.84,0.306732 
3345,2355,188.49,0.375264 
3346,2353,188.05,0.364475 
3347,2371,191.98,0.371715 
3348,2352,187.84,0.306835 
3349,2352,187.84,0.375368 
3350,2352,187.84,0.375397 
3351,2368,191.32,0.375426 
3352,2368,191.32,0.317759 
3353,2372,192.20,0.317780 
3354,2352,187.84,0.303377 
3355,2447,208.55,0.375515 
3356,2352,187.84,0.032976 
3357,2339,185.00,0.375523 
3358,2353,188.05,0.422430 
3359,2352,187.84,0.371982 
3360,2353,188.05,0.375616 
3361,2368,191.32,0.372039 
3362,2354,188.27,0.317978 
3363,2375,192.85,0.368482 
3364,2358,189.14,0.292785 
3365,2375,192.85,0.354103 
3366,2353,188.05,0.292827 
3367,2359,189.36,0.372176 
3368,2365,190.67,0.350569 
3369,2353,188.05,0.328958 
3370,2369,191.54,0.372252 
3371,2368,191.32,0.314585 
3372,2345,186.31,0.318211 
3373,2365,190.67,0.401169 
3374,2370,191.76,0.329082 
3375,2361,189.80,0.311074 
3376,2352,187.84,0.343548 
3377,2366,190.89,0.376026 
3378,2370,191.76,0.325571 
3379,2352,187.84,0.311169 
3380,2357,188.93,0.376096 
3381,2347,186.75,0.358095 
3382,2368,191.32,0.394181 
3383,2359,189.36,0.318487 
3384,2354,188.27,0.350962 
3385,2351,187.62,0.369017 
3386,2367,191.11,0.379863 
3387,2368,191.32,0.322196 
3388,2354,188.27,0.318611 
3389,2352,187.84,0.369116 
3390,2373,192.41,0.376356 
3391,2334,183.91,0.300659 
3392,2366,190.89,0.441310 
3393,2374,192.63,0.325957 
3394,2355,188.49,0.297131 
3395,2353,188.05,0.365662 
3396,2347,186.75,0.372902 
3397,2365,190.67,0.394566 
3398,2345,186.31,0.329690 
3399,2353,188.05,0.401832 
3400,2369,191.54,0.373016 
3401,2352,187.84,0.315349 
3402,2352,187.84,0.376671 
3403,2352,187.84,0.376700 
3404,2366,190.89,0.376729 
3405,2366,190.89,0.326274 
3406,2350,187.40,0.326295 
3407,2353,188.05,0.384013 
3408,2351,187.62,0.373225 
3409,2349,187.18,0.380465 
3410,2311,178.90,0.387707 
3411,2368,191.32,0.524764 
3412,2374,192.63,0.319274 
3413,2356,188.71,0.297658 
3414,2368,191.32,0.362584 
3415,2359,189.36,0.319339 
3416,2354,188.27,0.351813 
3417,2373,192.41,0.369868 
3418,2352,187.84,0.301383 
3419,2352,187.84,0.377126 
3420,2347,186.75,0.377155 
3421,2352,187.84,0.395214 
3422,2351,187.62,0.377216 
3423,2314,179.55,0.380851 
3424,2400,198.30,0.514301 
3425,2377,193.29,0.204236 
3426,2349,187.18,0.287177 
3427,2352,187.84,0.388161 
3428,2352,187.84,0.377373 
3429,2368,191.32,0.377402 
3430,2353,188.05,0.319735 
3431,2371,191.98,0.373846 
3432,2369,191.54,0.308967 
3433,2355,188.49,0.316197 
3434,2368,191.32,0.366701 
3435,2355,188.49,0.319851 
3436,2363,190.23,0.366749 
3437,2367,191.11,0.337929 
3438,2351,187.62,0.323528 
3439,2345,186.31,0.381245 
3440,2370,191.76,0.402910 
3441,2347,186.75,0.312794 
3442,2380,193.94,0.395751 
3443,2365,190.67,0.276785 
3444,2354,188.27,0.330889 
3445,2368,191.32,0.370577 
3446,2362,190.02,0.320121 
3447,2371,191.98,0.341777 
3448,2354,188.27,0.309348 
3449,2432,205.28,0.370668 
3450,2353,188.05,0.089430 
3451,2379,193.72,0.374290 
3452,2363,190.23,0.280562 
3453,2371,191.98,0.338273 
3454,2352,187.84,0.309449 
3455,2368,191.32,0.377981 
3456,2373,192.41,0.320314 
3457,2349,187.18,0.302305 
3458,2359,189.36,0.388867 
3459,2351,187.62,0.352837 
3460,2371,191.98,0.381711 
3461,2354,188.27,0.309620 
3462,2365,190.67,0.370941 
3463,2362,190.02,0.331303 
3464,2343,185.87,0.342143 
3465,2357,188.93,0.410681 
3466,2364,190.45,0.360231 
3467,2361,189.80,0.335015 
3468,2364,190.45,0.345856 
3469,2379,193.72,0.335062 
3470,2377,193.29,0.280995 
3471,2353,188.05,0.288222 
3472,2380,193.94,0.374781 
3473,2368,191.32,0.277448 
3474,2379,193.72,0.320735 
3475,2378,193.50,0.281089 
3476,2379,193.72,0.284710 
3477,2375,192.85,0.281120 
3478,2362,190.02,0.295559 
3479,2370,191.76,0.342453 
3480,2354,188.27,0.313629 
3481,2354,188.27,0.371345 
3482,2350,187.40,0.371372 
3483,2375,192.85,0.385824 
3484,2370,191.76,0.295705 
3485,2354,188.27,0.313752 
3486,2352,187.84,0.371467 
3487,2352,187.84,0.378707 
3488,2349,187.18,0.378736 
3489,2365,190.67,0.389583 
3490,2368,191.32,0.331917 
3491,2352,187.84,0.321122 
3492,2363,190.23,0.378838 
3493,2365,190.67,0.339201 
3494,2352,187.84,0.332012 
3495,2374,192.63,0.378912 
3496,2354,188.27,0.299610 
3497,2352,187.84,0.371747 
3498,2355,188.49,0.378987 
3499,2354,188.27,0.368198 
3500,2359,189.36,0.371831 
3501,2378,193.50,0.353829 
3502,2352,187.84,0.285341 
3503,2350,187.40,0.379112 
3504,2357,188.93,0.386353 
3505,2353,188.05,0.361141 
3506,2352,187.84,0.375591 
3507,2373,192.41,0.379225 
3508,2355,188.49,0.303529 
3509,2352,187.84,0.368454 
3510,2365,190.67,0.379300 
3511,2354,188.27,0.332451 
3512,2358,189.14,0.372139 
3513,2374,192.63,0.357743 
3514,2370,191.76,0.300073 
3515,2357,188.93,0.314514 
3516,2352,187.84,0.361412 
3517,2371,191.98,0.379468 
3518,2357,188.93,0.310983 
3519,2356,188.71,0.361486 
3520,2352,187.84,0.365119 
3521,2354,188.27,0.379569 
3522,2363,190.23,0.372386 
3523,2374,192.63,0.339960 
3524,2355,188.49,0.300318 
3525,2365,190.67,0.368849 
3526,2354,188.27,0.332816 
3527,2358,189.14,0.372504 
3528,2357,188.93,0.358108 
3529,2352,187.84,0.361740 
3530,2368,191.32,0.379796 
3531,2366,190.89,0.322130 
3532,2373,192.41,0.329362 
3533,2352,187.84,0.304142 
3534,2352,187.84,0.379886 
3535,2362,190.02,0.379915 
3536,2352,187.84,0.343884 
3537,2363,190.23,0.379967 
3538,2357,188.93,0.340331 
3539,2366,190.89,0.361990 
3540,2359,189.36,0.329562 
3541,2353,188.05,0.354826 
3542,2371,191.98,0.376487 
3543,2375,192.85,0.311608 
3544,2362,190.02,0.297203 
3545,2379,193.72,0.344097 
3546,2367,191.11,0.282820 
3547,2352,187.84,0.326106 
3548,2354,188.27,0.380217 
3549,2355,188.49,0.373034 
3550,2352,187.84,0.369456 
3551,2353,188.05,0.380301 
3552,2352,187.84,0.376724 
3553,2362,190.02,0.380359 
3554,2363,190.23,0.344328 
3555,2362,190.02,0.340746 
3556,2366,190.89,0.344375 
3557,2363,190.23,0.329975 
3558,2353,188.05,0.340814 
3559,2357,188.93,0.376897 
3560,2362,190.02,0.362502 
3561,2368,191.32,0.344498 
3562,2349,187.18,0.322886 
3563,2352,187.84,0.391420 
3564,2352,187.84,0.380633 
3565,2354,188.27,0.380662 
3566,2352,187.84,0.373479 
3567,2352,187.84,0.380719 
3568,2366,190.89,0.380747 
3569,2348,186.96,0.330293 
3570,2351,187.62,0.395222 
3571,2354,188.27,0.384435 
3572,2362,190.02,0.373647 
3573,2355,188.49,0.344827 
3574,2362,190.02,0.370092 
3575,2352,187.84,0.344878 
3576,2364,190.45,0.380961 
3577,2373,192.41,0.337719 
3578,2354,188.27,0.305287 
3579,2357,188.93,0.373819 
3580,2371,191.98,0.363029 
3581,2353,188.05,0.312572 
3582,2351,187.62,0.377498 
3583,2372,192.20,0.384739 
3584,2370,191.76,0.309043 
3585,2371,191.98,0.316273 
3586,2380,193.94,0.312687 
3587,2352,187.84,0.280252 
3588,2373,192.41,0.381234 
3589,2352,187.84,0.305537 
3590,2355,188.49,0.381281 
3591,2353,188.05,0.370492 
3592,2365,190.67,0.377731 
3593,2372,192.20,0.334488 
3594,2336,184.35,0.309268 
3595,2364,190.45,0.439102 
3596,2354,188.27,0.338172 
3597,2365,190.67,0.374254 
3598,2363,190.23,0.334616 
3599,2378,193.50,0.341851 
3600,2355,188.49,0.287784 
3601,2372,192.20,0.370737 
3602,2356,188.71,0.309463 
3603,2366,190.89,0.367177 
3604,2352,187.84,0.331144 
3605,2382,194.38,0.381649 
3606,2369,191.54,0.273499 
3607,2368,191.32,0.320390 
3608,2359,189.36,0.324016 
3609,2368,191.32,0.356491 
3610,2369,191.54,0.324062 
3611,2366,190.89,0.320477 
3612,2354,188.27,0.331315 
3613,2220,159.06,0.374608 
3614,2367,191.11,0.857837 
3615,2373,192.41,0.327856 
3616,2421,202.88,0.306241 
3617,2371,191.98,0.133172 
3618,2368,191.32,0.313464 
3619,2350,187.40,0.324301 
3620,2371,191.98,0.389230 
3621,2357,188.93,0.313534 
3622,2370,191.76,0.364037 
3623,2335,184.13,0.317185 
3624,2348,186.96,0.443414 
3625,2379,193.72,0.396574 
3626,2345,186.31,0.284820 
3627,2379,193.72,0.407438 
3628,2377,193.29,0.284867 
3629,2374,192.63,0.292094 
3630,2362,190.02,0.302928 
3631,2359,189.36,0.346217 
3632,2352,187.84,0.357059 
3633,2357,188.93,0.382326 
3634,2373,192.41,0.364325 
3635,2369,191.54,0.306656 
3636,2368,191.32,0.321098 
3637,2354,188.27,0.324724 
3638,2369,191.54,0.375228 
3639,2378,193.50,0.321166 
3640,2358,189.14,0.288733 
3641,2359,189.36,0.360868 
3642,2379,193.72,0.357288 
3643,2370,191.76,0.285193 
3644,2380,193.94,0.317662 
3645,2368,191.32,0.281622 
3646,2365,190.67,0.324908 
3647,2350,187.40,0.335747 
3648,2378,193.50,0.389859 
3649,2353,188.05,0.288921 
3650,2353,188.05,0.379086 
3651,2352,187.84,0.379115 
3652,2368,191.32,0.382749 
3653,2371,191.98,0.325082 
3654,2378,193.50,0.314285 
3655,2362,190.02,0.289062 
3656,2371,191.98,0.346773 
3657,2330,183.04,0.314343 
3658,2375,192.85,0.462207 
3659,2369,191.54,0.299979 
3660,2350,187.40,0.321631 
3661,2373,192.41,0.390165 
3662,2347,186.75,0.307258 
3663,2352,187.84,0.401031 
3664,2351,187.62,0.383033 
3665,2369,191.54,0.386668 
3666,2367,191.11,0.321789 
3667,2363,190.23,0.329022 
3668,2350,187.40,0.343467 
3669,2371,191.98,0.390368 
3670,2352,187.84,0.314672 
3671,2364,190.45,0.383205 
3672,2377,193.29,0.339962 
3673,2355,188.49,0.293107 
3674,2383,194.59,0.372454 
3675,2368,191.32,0.271515 
3676,2356,188.71,0.325617 
3677,2354,188.27,0.368909 
3678,2352,187.84,0.376148 
3679,2370,191.76,0.383388 
3680,2365,190.67,0.318509 
3681,2334,183.91,0.336559 
3682,2384,194.81,0.448366 
3683,2353,188.05,0.268106 
3684,2365,190.67,0.379903 
3685,2349,187.18,0.336660 
3686,2367,191.11,0.394378 
3687,2369,191.54,0.329501 
3688,2371,191.98,0.322310 
3689,2362,190.02,0.315118 
3690,2354,188.27,0.347591 
3691,2361,189.80,0.376462 
3692,2381,194.16,0.351249 
3693,2358,189.14,0.279153 
3694,2358,189.14,0.362105 
3695,2369,191.54,0.362131 
3696,2384,194.81,0.322490 
3697,2378,193.50,0.268421 
3698,2380,193.94,0.290069 
3699,2367,191.11,0.282873 
3700,2349,187.18,0.329765 
3701,2358,189.14,0.394693 
3702,2379,193.72,0.362270 
3703,2355,188.49,0.286571 
3704,2358,189.14,0.373129 
3705,2378,193.50,0.362338 
3706,2376,193.07,0.290245 
3707,2372,192.20,0.297472 
3708,2365,190.67,0.311912 
3709,2357,188.93,0.337173 
3710,2372,192.20,0.366043 
3711,2354,188.27,0.311980 
3712,2350,187.40,0.376906 
3713,2367,191.11,0.391358 
3714,2381,194.16,0.330086 
3715,2358,189.14,0.279623 
3716,2353,188.05,0.362575 
3717,2372,192.20,0.380630 
3718,2352,187.84,0.312145 
3719,2357,188.93,0.384283 
3720,2352,187.84,0.366283 
3721,2349,187.18,0.384339 
3722,2359,189.36,0.395185 
3723,2358,189.14,0.359156 
3724,2352,187.84,0.362788 
3725,2352,187.84,0.384449 
3726,2367,191.11,0.384478 
3727,2357,188.93,0.330417 
3728,2362,190.02,0.366498 
3729,2361,189.80,0.348495 
3730,2370,191.76,0.352124 
3731,2365,190.67,0.319695 
3732,2381,194.16,0.337745 
3733,2373,192.41,0.280071 
3734,2352,187.84,0.308933 
3735,2378,193.50,0.384676 
3736,2374,192.63,0.290950 
3737,2368,191.32,0.305389 
3738,2373,192.41,0.327042 
3739,2366,190.89,0.309033 
3740,2367,191.11,0.334293 
3741,2382,194.38,0.330709 
3742,2378,193.50,0.276640 
3743,2375,192.85,0.291078 
3744,2355,188.49,0.301911 
3745,2355,188.49,0.374048 
3746,2377,193.29,0.374075 
3747,2368,191.32,0.294771 
3748,2378,193.50,0.327241 
3749,2352,187.84,0.291202 
3750,2354,188.27,0.384972 
3751,2378,193.50,0.377789 
3752,2378,193.50,0.291274 
3753,2370,191.76,0.291289 
3754,2357,188.93,0.320153 
3755,2377,193.29,0.367050 
3756,2368,191.32,0.294957 
3757,2364,190.45,0.327426 
3758,2383,194.59,0.341871 
3759,2377,193.29,0.273380 
3760,2352,187.84,0.295029 
3761,2362,190.02,0.385194 
3762,2354,188.27,0.349163 
3763,2373,192.41,0.378035 
3764,2381,194.16,0.309549 
3765,2353,188.05,0.280719 
3766,2352,187.84,0.381701 
3767,2359,189.36,0.385335 
3768,2383,194.59,0.360122 
3769,2352,187.84,0.273604 
3770,2352,187.84,0.385402 
3771,2352,187.84,0.385431 
3772,2351,187.62,0.385460 
3773,2368,191.32,0.389095 
3774,2378,193.50,0.327823 
3775,2369,191.54,0.291784 
3776,2369,191.54,0.324253 
3777,2366,190.89,0.324273 
3778,2370,191.76,0.335111 
3779,2366,190.89,0.320709 
3780,2352,187.84,0.335152 
3781,2370,191.76,0.385658 
3782,2351,187.62,0.320779 
3783,2375,192.85,0.389312 
3784,2461,211.60,0.302798 
3785,2347,186.75,-0.007299 
3786,2371,191.98,0.403755 
3787,2354,188.27,0.317243 
3788,2372,192.20,0.378564 
3789,2374,192.63,0.313684 
3790,2352,187.84,0.306491 
3791,2367,191.11,0.385840 
3792,2373,192.41,0.331779 
3793,2369,191.54,0.310164 
3794,2379,193.72,0.324606 
3795,2388,195.68,0.288566 
3796,2362,190.02,0.256128 
3797,2382,194.38,0.349893 
3798,2358,189.14,0.277797 
3799,2378,193.50,0.364354 
3800,2353,188.05,0.292261 
3801,2359,189.36,0.382426 
3802,2368,191.32,0.360818 
3803,2374,192.63,0.328389 
3804,2379,193.72,0.306774 
3805,2352,187.84,0.288762 
3806,2353,188.05,0.386138 
3807,2362,190.02,0.382561 
3808,2378,193.50,0.350136 
3809,2363,190.23,0.292464 
3810,2387,195.47,0.346569 
3811,2362,190.02,0.260049 
3812,2352,187.84,0.350209 
3813,2370,191.76,0.386293 
3814,2326,182.17,0.321414 
3815,2363,190.23,0.480097 
3816,2352,187.84,0.346718 
3817,2354,188.27,0.386407 
3818,2357,188.93,0.379224 
3819,2371,191.98,0.368434 
3820,2354,188.27,0.317976 
3821,2358,189.14,0.379297 
3822,2348,186.96,0.364901 
3823,2369,191.54,0.400987 
3824,2360,189.58,0.325292 
3825,2368,191.32,0.357766 
3826,2371,191.98,0.328943 
3827,2359,189.36,0.318146 
3828,2362,190.02,0.361437 
3829,2357,188.93,0.350644 
3830,2360,189.58,0.368698 
3831,2343,185.87,0.357906 
3832,2365,190.67,0.419232 
3833,2368,191.32,0.339934 
3834,2361,189.80,0.329139 
3835,2376,193.07,0.354401 
3836,2346,186.53,0.300336 
3837,2369,191.54,0.408532 
3838,2358,189.14,0.325626 
3839,2372,192.20,0.365312 
3840,2368,191.32,0.314854 
3841,2352,187.84,0.329297 
3842,2354,188.27,0.387013 
3843,2352,187.84,0.379830 
3844,2351,187.62,0.387070 
3845,2354,188.27,0.390705 
3846,2362,190.02,0.379916 
3847,2351,187.62,0.351096 
3848,2354,188.27,0.390786 
3849,2380,193.94,0.379997 
3850,2379,193.72,0.286270 
3851,2368,191.32,0.289890 
3852,2352,187.84,0.329571 
3853,2357,188.93,0.387287 
3854,2378,193.50,0.369286 
3855,2353,188.05,0.293587 
3856,2371,191.98,0.383752 
3857,2368,191.32,0.318873 
3858,2373,192.41,0.329710 
3859,2357,188.93,0.311700 
3860,2418,202.22,0.369414 
3861,2368,191.32,0.149476 
3862,2374,192.63,0.329769 
3863,2378,193.50,0.308154 
3864,2368,191.32,0.293748 
3865,2356,188.71,0.329823 
3866,2352,187.84,0.373115 
3867,2363,190.23,0.387566 
3868,2352,187.84,0.347929 
3869,2357,188.93,0.387618 
3870,2369,191.54,0.369617 
3871,2357,188.93,0.326372 
3872,2368,191.32,0.369664 
3873,2358,189.14,0.330024 
3874,2367,191.11,0.366105 
3875,2374,192.63,0.333677 
3876,2361,189.80,0.308456 
3877,2354,188.27,0.355351 
3878,2366,190.89,0.380617 
3879,2362,190.02,0.337374 
3880,2371,191.98,0.351819 
3881,2361,189.80,0.319389 
3882,2352,187.84,0.355468 
3883,2378,193.50,0.387946 
3884,2347,186.75,0.294220 
3885,2352,187.84,0.406020 
3886,2381,194.16,0.388022 
3887,2375,192.85,0.283477 
3888,2343,185.87,0.305127 
3889,2365,190.67,0.420536 
3890,2378,193.50,0.341238 
3891,2358,189.14,0.294382 
3892,2368,191.32,0.366517 
3893,2378,193.50,0.330483 
3894,2375,192.85,0.294444 
3895,2363,190.23,0.305277 
3896,2378,193.50,0.348566 
3897,2384,194.81,0.294500 
3898,2352,187.84,0.272879 
3899,2378,193.50,0.388283 
3900,2359,189.36,0.294556 
3901,2422,203.10,0.363086 
3902,2372,192.20,0.135934 
3903,2381,194.16,0.316226 
3904,2351,187.62,0.283790 
3905,2368,191.32,0.391984 
3906,2368,191.32,0.330711 
3907,2380,193.94,0.330732 
3908,2368,191.32,0.287481 
3909,2368,191.32,0.330767 
3910,2357,188.93,0.330788 
3911,2368,191.32,0.370474 
3912,2370,191.76,0.330835 
3913,2383,194.59,0.323644 
3914,2402,198.74,0.276785 
3915,2382,194.38,0.208285 
3916,2370,191.76,0.280407 
3917,2373,192.41,0.323692 
3918,2372,192.20,0.312894 
3919,2368,191.32,0.316518 
3920,2379,193.72,0.330960 
3921,2355,188.49,0.291315 
3922,2368,191.32,0.377874 
3923,2357,188.93,0.331023 
3924,2374,192.63,0.370710 
3925,2364,190.45,0.309434 
3926,2365,190.67,0.345512 
3927,2370,191.76,0.341929 
3928,2371,191.98,0.323921 
3929,2350,187.40,0.320335 
3930,2352,187.84,0.396079 
3931,2354,188.27,0.388897 
3932,2377,193.29,0.381714 
3933,2384,194.81,0.298805 
3934,2383,194.59,0.273579 
3935,2370,191.76,0.277197 
3936,2371,191.98,0.324088 
3937,2363,190.23,0.320501 
3938,2373,192.41,0.349368 
3939,2366,190.89,0.313331 
3940,2375,192.85,0.338591 
3941,2356,188.71,0.306159 
3942,2378,193.50,0.374690 
3943,2349,187.18,0.295385 
3944,2370,191.76,0.399974 
3945,2343,185.87,0.324279 
3946,2354,188.27,0.421660 
3947,2354,188.27,0.382028 
3948,2368,191.32,0.382056 
3949,2377,193.29,0.331600 
3950,2350,187.40,0.299167 
3951,2373,192.41,0.396544 
3952,2370,191.76,0.313637 
3953,2375,192.85,0.324473 
3954,2367,191.11,0.306462 
3955,2359,189.36,0.335327 
3956,2365,190.67,0.364196 
3957,2355,188.49,0.342586 
3958,2356,188.71,0.378667 
3959,2371,191.98,0.375089 
3960,2373,192.41,0.321026 
3961,2366,190.89,0.313833 
3962,2363,190.23,0.339093 
3963,2352,187.84,0.349933 
3964,2354,188.27,0.389622 
3965,2356,188.71,0.382439 
3966,2368,191.32,0.375255 
3967,2384,194.81,0.332010 
3968,2356,188.71,0.274335 
3969,2370,191.76,0.375315 
3970,2362,190.02,0.324858 
3971,2349,187.18,0.353725 
3972,2359,189.36,0.400626 
3973,2379,193.72,0.364597 
3974,2369,191.54,0.292503 
3975,2358,189.14,0.328577 
3976,2355,188.49,0.368264 
3977,2372,192.20,0.379107 
3978,2373,192.41,0.317833 
3979,2363,190.23,0.314246 
3980,2358,189.14,0.350324 
3981,2367,191.11,0.368377 
3982,2371,191.98,0.335948 
3983,2377,193.29,0.321546 
3984,2358,189.14,0.299929 
3985,2352,187.84,0.368459 
3986,2338,184.78,0.390120 
3987,2362,190.02,0.440633 
3988,2358,189.14,0.354125 
3989,2352,187.84,0.368573 
3990,2352,187.84,0.390235 
3991,2361,189.80,0.390264 
3992,2377,193.29,0.357839 
3993,2363,190.23,0.300168 
3994,2342,185.66,0.350667 
3995,2362,190.02,0.426416 
3996,2373,192.41,0.354330 
3997,2361,189.80,0.314689 
3998,2368,191.32,0.357978 
3999,2351,187.62,0.332761 
4000,2373,192.41,0.394083 
4001,2366,190.89,0.314781 
4002,2375,192.85,0.340041 
4003,2358,189.14,0.307609 
4004,2363,190.23,0.368927 
4005,2367,191.11,0.350923 
4006,2367,191.11,0.336523 
4007,2364,190.45,0.336544 
4008,2383,194.59,0.347383 
4009,2380,193.94,0.278892 
4010,2358,189.14,0.289723 
4011,2363,190.23,0.369069 
4012,2378,193.50,0.351065 
4013,2355,188.49,0.296998 
4014,2354,188.27,0.379951 
4015,2378,193.50,0.383584 
4016,2351,187.62,0.297069 
4017,2386,195.25,0.394446 
4018,2366,190.89,0.268266 
4019,2358,189.14,0.340397 
4020,2379,193.72,0.369266 
4021,2358,189.14,0.293567 
4022,2377,193.29,0.369307 
4023,2373,192.41,0.300819 
4024,2380,193.94,0.315259 
4025,2374,192.63,0.290035 
4026,2384,194.81,0.311686 
4027,2377,193.29,0.275643 
4028,2381,194.16,0.300898 
4029,2363,190.23,0.286490 
4030,2355,188.49,0.351411 
4031,2379,193.72,0.380282 
4032,2363,190.23,0.293766 
4033,2371,191.98,0.351477 
4034,2354,188.27,0.322652 
4035,2358,189.14,0.383973 
4036,2357,188.93,0.369577 
4037,2384,194.81,0.373209 
4038,2378,193.50,0.275874 
4039,2362,190.02,0.297522 
4040,2357,188.93,0.355233 
4041,2353,188.05,0.373287 
4042,2352,187.84,0.387737 
4043,2373,192.41,0.391371 
4044,2359,189.36,0.315674 
4045,2383,194.59,0.366176 
4046,2362,190.02,0.279658 
4047,2358,189.14,0.355396 
4048,2358,189.14,0.369844 
4049,2358,189.14,0.369870 
4050,2357,188.93,0.369896 
4051,2351,187.62,0.373528 
4052,2359,189.36,0.395190 
4053,2353,188.05,0.366371 
4054,2354,188.27,0.388033 
4055,2354,188.27,0.384455 
4056,2371,191.98,0.384483 
4057,2361,189.80,0.323209 
4058,2351,187.62,0.359288 
4059,2368,191.32,0.395372 
4060,2370,191.76,0.334100 
4061,2366,190.89,0.326909 
4062,2384,194.81,0.341352 
4063,2358,189.14,0.276466 
4064,2373,192.41,0.370234 
4065,2354,188.27,0.316170 
4066,2383,194.59,0.384702 
4067,2377,193.29,0.280156 
4068,2375,192.85,0.301805 
4069,2370,191.76,0.309033 
4070,2383,194.59,0.327080 
4071,2368,191.32,0.280222 
4072,2354,188.27,0.334324 
4073,2369,191.54,0.384828 
4074,2359,189.36,0.330767 
4075,2359,189.36,0.366847 
4076,2361,189.80,0.366872 
4077,2379,193.72,0.359685 
4078,2357,188.93,0.294802 
4079,2352,187.84,0.374148 
4080,2353,188.05,0.392205 
4081,2365,190.67,0.388628 
4082,2357,188.93,0.345384 
4083,2364,190.45,0.374254 
4084,2359,189.36,0.349039 
4085,2368,191.32,0.367091 
4086,2384,194.81,0.334663 
4087,2363,190.23,0.276988 
4088,2373,192.41,0.352726 
4089,2358,189.14,0.316689 
4090,2362,190.02,0.370797 
4091,2365,190.67,0.356399 
4092,2366,190.89,0.345605 
4093,2375,192.85,0.342021 
4094,2370,191.76,0.309589 
4095,2369,191.54,0.327636 
4096,2359,189.36,0.331261 
4097,2362,190.02,0.367341 
4098,2361,189.80,0.356548 
4099,2379,193.72,0.360178 
4100,2384,194.81,0.295295 
4101,2371,191.98,0.277280 
4102,2358,189.14,0.324170 
4103,2357,188.93,0.371067 
4104,2383,194.59,0.374699 
4105,2372,192.20,0.280970 
4106,2373,192.41,0.320648 
4107,2370,191.76,0.317061 
4108,2371,191.98,0.327897 
4109,2352,187.84,0.324310 
4110,2374,192.63,0.392843 
4111,2368,191.32,0.313540 
4112,2352,187.84,0.335194 
4113,2377,193.29,0.392910 
4114,2375,192.85,0.302790 
4115,2353,188.05,0.310017 
4116,2380,193.94,0.389366 
4117,2370,191.76,0.292033 
4118,2374,192.63,0.328107 
4119,2396,197.43,0.313703 
4120,2378,193.50,0.234389 
4121,2381,194.16,0.299303 
4122,2369,191.54,0.288500 
4123,2363,190.23,0.331786 
4124,2356,188.71,0.353442 
4125,2352,187.84,0.378707 
4126,2363,190.23,0.393158 
4127,2370,191.76,0.353521 
4128,2395,197.21,0.328302 
4129,2384,194.81,0.238172 
4130,2355,188.49,0.277845 
4131,2355,188.49,0.382430 
4132,2367,191.11,0.382458 
4133,2374,192.63,0.339213 
4134,2358,189.14,0.313993 
4135,2357,188.93,0.371706 
4136,2381,194.16,0.375338 
4137,2372,192.20,0.288820 
4138,2372,192.20,0.321288 
4139,2361,189.80,0.321307 
4140,2363,190.23,0.360991 
4141,2383,194.59,0.353803 
4142,2384,194.81,0.281707 
4143,2377,193.29,0.278114 
4144,2354,188.27,0.303368 
4145,2366,190.89,0.386322 
4146,2352,187.84,0.343078 
4147,2371,191.98,0.393583 
4148,2356,188.71,0.325098 
4149,2375,192.85,0.379207 
4150,2361,189.80,0.310720 
4151,2361,189.80,0.361221 
4152,2369,191.54,0.361245 
4153,2358,189.14,0.332422 
4154,2380,193.94,0.372108 
4155,2368,191.32,0.292802 
4156,2379,193.72,0.336088 
4157,2374,192.63,0.296443 
4158,2375,192.85,0.314488 
4159,2370,191.76,0.310899 
4160,2355,188.49,0.328946 
4161,2461,211.60,0.383056 
4162,2375,192.85,0.000849 
4163,2377,193.29,0.310936 
4164,2345,186.31,0.303741 
4165,2379,193.72,0.419148 
4166,2375,192.85,0.296577 
4167,2352,187.84,0.311016 
4168,2352,187.84,0.393971 
4169,2375,192.85,0.394000 
4170,2374,192.63,0.311091 
4171,2367,191.11,0.314714 
4172,2364,190.45,0.339973 
4173,2370,191.76,0.350813 
4174,2379,193.72,0.329200 
4175,2358,189.14,0.296765 
4176,2352,187.84,0.372506 
4177,2361,189.80,0.394167 
4178,2354,188.27,0.361742 
4179,2373,192.41,0.387009 
4180,2352,187.84,0.318523 
4181,2366,190.89,0.394267 
4182,2364,190.45,0.343812 
4183,2375,192.85,0.351045 
4184,2369,191.54,0.311402 
4185,2373,192.41,0.333055 
4186,2372,192.20,0.318651 
4187,2373,192.41,0.322275 
4188,2352,187.84,0.318688 
4189,2359,189.36,0.394432 
4190,2365,190.67,0.369219 
4191,2363,190.23,0.347608 
4192,2359,189.36,0.354842 
4193,2378,193.50,0.369289 
4194,2357,188.93,0.300801 
4195,2373,192.41,0.376542 
4196,2352,187.84,0.318873 
4197,2358,189.14,0.394616 
4198,2377,193.29,0.373010 
4199,2353,188.05,0.304522 
4200,2379,193.72,0.391081 
4201,2383,194.59,0.297354 
4202,2368,191.32,0.282945 
4203,2356,188.71,0.337048 
4204,2378,193.50,0.380340 
4205,2361,189.80,0.301035 
4206,2370,191.76,0.362352 
4207,2346,186.53,0.329923 
4208,2356,188.71,0.416486 
4209,2367,191.11,0.380458 
4210,2384,194.81,0.340819 
4211,2361,189.80,0.279539 
4212,2384,194.81,0.362489 
4213,2379,193.72,0.279576 
4214,2378,193.50,0.297618 
4215,2369,191.54,0.301239 
4216,2361,189.80,0.333708 
4217,2370,191.76,0.362576 
4218,2352,187.84,0.330146 
4219,2355,188.49,0.395074 
4220,2368,191.32,0.384284 
4221,2366,190.89,0.337434 
4222,2381,194.16,0.344667 
4223,2359,189.36,0.290599 
4224,2368,191.32,0.369944 
4225,2355,188.49,0.337516 
4226,2354,188.27,0.384414 
4227,2374,192.63,0.388047 
4228,2354,188.27,0.315956 
4229,2353,188.05,0.388093 
4230,2371,191.98,0.391727 
4231,2366,190.89,0.326847 
4232,2368,191.32,0.344896 
4233,2357,188.93,0.337706 
4234,2363,190.23,0.377393 
4235,2352,187.84,0.355783 
4236,2370,191.76,0.395472 
4237,2373,192.41,0.330593 
4238,2375,192.85,0.319795 
4239,2354,188.27,0.312601 
4240,2388,195.68,0.388344 
4241,2364,190.45,0.265768 
4242,2367,191.11,0.352322 
4243,2366,190.89,0.341527 
4244,2363,190.23,0.345154 
4245,2357,188.93,0.355994 
4246,2323,181.51,0.377653 
4247,2377,193.29,0.500282 
4248,2362,190.02,0.305603 
4249,2359,189.36,0.359709 
4250,2384,194.81,0.370551 
4251,2381,194.16,0.280427 
4252,2382,194.38,0.291257 
4253,2362,190.02,0.287665 
4254,2377,193.29,0.359798 
4255,2365,190.67,0.305732 
4256,2352,187.84,0.349019 
4257,2355,188.49,0.395919 
4258,2378,193.50,0.385130 
4259,2383,194.59,0.302220 
4260,2357,188.93,0.284206 
4261,2381,194.16,0.377974 
4262,2368,191.32,0.291457 
4263,2358,189.14,0.338348 
4264,2361,189.80,0.374429 
4265,2378,193.50,0.363637 
4266,2373,192.41,0.302359 
4267,2374,192.63,0.320405 
4268,2363,190.23,0.316817 
4269,2379,193.72,0.356500 
4270,2377,193.29,0.298828 
4271,2352,187.84,0.306055 
4272,2373,192.41,0.396220 
4273,2365,190.67,0.320523 
4274,2368,191.32,0.349389 
4275,2363,190.23,0.338593 
4276,2355,188.49,0.356644 
4277,2374,192.63,0.385515 
4278,2378,193.50,0.317029 
4279,2352,187.84,0.302623 
4280,2370,191.76,0.396393 
4281,2366,190.89,0.331515 
4282,2354,188.27,0.345958 
4283,2380,193.94,0.389252 
4284,2358,189.14,0.295524 
4285,2368,191.32,0.374870 
4286,2368,191.32,0.338836 
4287,2354,188.27,0.338857 
4288,2382,194.38,0.389361 
4289,2364,190.45,0.288421 
4290,2368,191.32,0.353343 
4291,2369,191.54,0.338941 
4292,2373,192.41,0.335356 
4293,2352,187.84,0.320952 
4294,2359,189.36,0.396696 
4295,2352,187.84,0.371483 
4296,2359,189.36,0.396750 
4297,2358,189.14,0.371537 
4298,2374,192.63,0.375168 
4299,2362,190.02,0.317499 
4300,2386,195.25,0.360788 
4301,2384,194.81,0.274268 
4302,2358,189.14,0.281491 
4303,2371,191.98,0.375259 
4304,2347,186.75,0.328407 
4305,2368,191.32,0.414970 
4306,2362,190.02,0.339276 
4307,2374,192.63,0.360932 
4308,2374,192.63,0.317684 
4309,2355,188.49,0.317702 
4310,2353,188.05,0.386233 
4311,2368,191.32,0.393472 
4312,2366,190.89,0.339411 
4313,2383,194.59,0.346644 
4314,2359,189.36,0.285364 
4315,2358,189.14,0.371920 
4316,2367,191.11,0.375551 
4317,2352,187.84,0.343123 
4318,2366,190.89,0.397234 
4319,2374,192.63,0.346779 
4320,2375,192.85,0.317953 
4321,2374,192.63,0.314365 
4322,2384,194.81,0.317988 
4323,2395,197.21,0.281945 
4324,2374,192.63,0.242292 
4325,2378,193.50,0.318024 
4326,2358,189.14,0.303618 
4327,2369,191.54,0.375753 
4328,2371,191.98,0.336113 
4329,2363,190.23,0.328921 
4330,2363,190.23,0.357788 
4331,2375,192.85,0.357811 
4332,2381,194.16,0.314563 
4333,2357,188.93,0.292944 
4334,2371,191.98,0.379501 
4335,2352,187.84,0.329044 
4336,2356,188.71,0.397577 
4337,2352,187.84,0.383182 
4338,2352,187.84,0.397632 
4339,2394,196.99,0.397661 
4340,2357,188.93,0.246239 
4341,2355,188.49,0.379667 
4342,2358,189.14,0.386906 
4343,2384,194.81,0.376115 
4344,2384,194.81,0.282386 
4345,2377,193.29,0.282398 
4346,2374,192.63,0.307652 
4347,2367,191.11,0.318486 
4348,2357,188.93,0.343745 
4349,2366,190.89,0.379826 
4350,2377,193.29,0.347399 
4351,2353,188.05,0.307755 
4352,2348,186.96,0.394314 
4353,2375,192.85,0.412372 
4354,2362,190.02,0.315042 
4355,2368,191.32,0.361937 
4356,2380,193.94,0.340325 
4357,2384,194.81,0.297074 
4358,2339,185.00,0.282664 
4359,2383,194.59,0.444945 
4360,2364,190.45,0.286318 
4361,2370,191.76,0.354845 
4362,2365,190.67,0.333231 
4363,2353,188.05,0.351281 
4364,2368,191.32,0.394575 
4365,2376,193.07,0.340513 
4366,2372,192.20,0.311686 
4367,2365,190.67,0.326127 
4368,2387,195.47,0.351387 
4369,2356,188.71,0.272078 
4370,2382,194.38,0.383874 
4371,2354,188.27,0.290145 
4372,2352,187.84,0.391126 
4373,2358,189.14,0.398366 
4374,2352,187.84,0.376759 
4375,2355,188.49,0.398421 
4376,2367,191.11,0.387632 
4377,2361,189.80,0.344387 
4378,2368,191.32,0.366044 
4379,2358,189.14,0.340827 
4380,2373,192.41,0.376907 
4381,2360,189.58,0.322843 
4382,2382,194.38,0.369739 
4383,2372,192.20,0.290432 
4384,2356,188.71,0.326506 
4385,2359,189.36,0.384220 
4386,2356,188.71,0.373429 
4387,2382,194.38,0.384272 
4388,2368,191.32,0.290543 
4389,2382,194.38,0.341040 
4390,2381,194.16,0.290577 
4391,2371,191.98,0.294197 
4392,2364,190.45,0.330270 
4393,2374,192.63,0.355531 
4394,2363,190.23,0.319494 
4395,2352,187.84,0.359178 
4396,2357,188.93,0.398867 
4397,2358,189.14,0.380866 
4398,2350,187.40,0.377286 
4399,2357,188.93,0.406160 
4400,2367,191.11,0.380948 
4401,2357,188.93,0.344914 
4402,2367,191.11,0.380995 
4403,2370,191.76,0.344962 
4404,2374,192.63,0.334165 
4405,2377,193.29,0.319761 
4406,2373,192.41,0.308960 
4407,2377,193.29,0.323400 
4408,2373,192.41,0.308994 
4409,2374,192.63,0.323434 
4410,2368,191.32,0.319846 
4411,2395,197.21,0.341499 
4412,2378,193.50,0.244159 
4413,2337,184.57,0.305467 
4414,2357,188.93,0.453328 
4415,2352,187.84,0.381245 
4416,2364,190.45,0.399301 
4417,2372,192.20,0.356058 
4418,2354,188.27,0.327233 
4419,2383,194.59,0.392159 
4420,2378,193.50,0.287614 
4421,2368,191.32,0.305656 
4422,2378,193.50,0.341732 
4423,2383,194.59,0.305693 
4424,2365,190.67,0.287678 
4425,2379,193.72,0.352599 
4426,2377,193.29,0.302137 
4427,2356,188.71,0.309364 
4428,2382,194.38,0.385106 
4429,2354,188.27,0.291377 
4430,2365,190.67,0.392358 
4431,2385,195.03,0.352720 
4432,2362,190.02,0.280622 
4433,2381,194.16,0.363572 
4434,2355,188.49,0.295082 
4435,2353,188.05,0.388851 
4436,2398,197.86,0.396091 
4437,2352,187.84,0.233850 
4438,2196,153.83,0.399730 
4439,2365,190.67,0.962292 
4440,2362,190.02,0.352991 
4441,2369,191.54,0.363831 
4442,2384,194.81,0.338613 
4443,2428,204.40,0.284544 
4444,2378,193.50,0.125893 
4445,2383,194.59,0.306181 
4446,2358,189.14,0.288167 
4447,2373,192.41,0.378329 
4448,2349,187.18,0.324265 
4449,2354,188.27,0.410827 
4450,2353,188.05,0.392827 
4451,2374,192.63,0.396461 
4452,2411,200.70,0.320764 
4453,2384,194.81,0.187360 
4454,2366,190.89,0.284720 
4455,2375,192.85,0.349640 
4456,2369,191.54,0.317208 
4457,2362,190.02,0.338861 
4458,2353,188.05,0.364123 
4459,2383,194.59,0.396600 
4460,2352,187.84,0.288450 
4461,2368,191.32,0.400248 
4462,2371,191.98,0.342581 
4463,2359,189.36,0.331784 
4464,2369,191.54,0.375075 
4465,2360,189.58,0.339040 
4466,2378,193.50,0.371514 
4467,2358,189.14,0.306631 
4468,2380,193.94,0.378766 
4469,2380,193.94,0.299460 
4470,2378,193.50,0.299475 
4471,2358,189.14,0.306701 
4472,2369,191.54,0.378836 
4473,2369,191.54,0.339196 
4474,2383,194.59,0.339216 
4475,2358,189.14,0.288753 
4476,2368,191.32,0.378915 
4477,2382,194.38,0.342881 
4478,2368,191.32,0.292418 
4479,2382,194.38,0.342915 
4480,2382,194.38,0.292452 
4481,2368,191.32,0.292465 
4482,2369,191.54,0.342963 
4483,2374,192.63,0.339377 
4484,2377,193.29,0.321367 
4485,2384,194.81,0.310567 
4486,2380,193.94,0.285341 
4487,2384,194.81,0.299777 
4488,2363,190.23,0.285368 
4489,2381,194.16,0.361106 
4490,2366,190.89,0.296221 
4491,2383,194.59,0.350325 
4492,2355,188.49,0.289045 
4493,2359,189.36,0.390025 
4494,2375,192.85,0.375629 
4495,2374,192.63,0.317958 
4496,2352,187.84,0.321581 
4497,2365,190.67,0.400930 
4498,2377,193.29,0.354082 
4499,2365,190.67,0.310832 
4500,2375,192.85,0.354120 
4501,2375,192.85,0.318082 
4502,2371,191.98,0.318099 
4503,2364,190.45,0.332540 
4504,2381,194.16,0.357801 
4505,2383,194.59,0.296522 
4506,2381,194.16,0.289324 
4507,2377,193.29,0.296549 
4508,2368,191.32,0.310987 
4509,2370,191.76,0.343456 
4510,2352,187.84,0.336265 
4511,2379,193.72,0.401192 
4512,2384,194.81,0.303860 
4513,2349,187.18,0.285845 
4514,2370,191.76,0.412066 
4515,2367,191.11,0.336372 
4516,2363,190.23,0.347209 
4517,2374,192.63,0.361654 
4518,2352,187.84,0.322011 
4519,2368,191.32,0.401361 
4520,2379,193.72,0.343694 
4521,2362,190.02,0.304049 
4522,2363,190.23,0.365365 
4523,2365,190.67,0.361783 
4524,2382,194.38,0.354594 
4525,2384,194.81,0.293315 
4526,2360,189.58,0.286116 
4527,2369,191.54,0.372672 
4528,2367,191.11,0.340243 
4529,2359,189.36,0.347475 
4530,2375,192.85,0.376344 
4531,2354,188.27,0.318674 
4532,2383,194.59,0.394416 
4533,2357,188.93,0.289871 
4534,2354,188.27,0.383639 
4535,2384,194.81,0.394483 
4536,2358,189.14,0.286332 
4537,2366,190.89,0.380100 
4538,2368,191.32,0.351278 
4539,2365,190.67,0.344087 
4540,2384,194.81,0.354926 
4541,2384,194.81,0.286435 
4542,2353,188.05,0.286447 
4543,2358,189.14,0.398245 
4544,2369,191.54,0.380243 
4545,2380,193.94,0.340603 
4546,2384,194.81,0.300958 
4547,2369,191.54,0.286548 
4548,2359,189.36,0.340650 
4549,2367,191.11,0.376730 
4550,2373,192.41,0.347907 
4551,2373,192.41,0.326293 
4552,2375,192.85,0.326311 
4553,2371,191.98,0.319117 
4554,2362,190.02,0.333558 
4555,2363,190.23,0.366031 
4556,2363,190.23,0.362449 
4557,2366,190.89,0.362472 
4558,2384,194.81,0.351677 
4559,2371,191.98,0.286791 
4560,2366,190.89,0.333681 
4561,2383,194.59,0.351730 
4562,2391,196.34,0.290450 
4563,2357,188.93,0.261615 
4564,2395,197.21,0.384227 
4565,2366,190.89,0.247226 
4566,2372,192.20,0.351806 
4567,2381,194.16,0.330192 
4568,2390,196.12,0.297757 
4569,2366,190.89,0.265317 
4570,2374,192.63,0.351870 
4571,2382,194.38,0.323043 
4572,2367,191.11,0.294213 
4573,2383,194.59,0.348316 
4574,2385,195.03,0.290642 
4575,2395,197.21,0.283443 
4576,2373,192.41,0.247395 
4577,2359,189.36,0.326733 
4578,2361,189.80,0.377235 
4579,2370,191.76,0.370048 
4580,2368,191.32,0.337618 
4581,2387,195.47,0.344850 
4582,2389,195.90,0.276357 
4583,2365,190.67,0.269156 
4584,2362,190.02,0.355709 
4585,2394,196.99,0.366549 
4586,2372,192.20,0.251182 
4587,2382,194.38,0.330520 
4588,2364,190.45,0.294479 
4589,2383,194.59,0.359400 
4590,2370,191.76,0.290909 
4591,2380,193.94,0.337800 
4592,2384,194.81,0.301760 
4593,2384,194.81,0.287350 
4594,2383,194.59,0.287362 
4595,2371,191.98,0.290981 
4596,2372,192.20,0.334265 
4597,2372,192.20,0.330678 
4598,2367,191.11,0.330697 
4599,2377,193.29,0.348745 
4600,2374,192.63,0.312707 
4601,2386,195.25,0.323541 
4602,2559,232.96,0.280286 
4603,2373,192.41,-0.343537 
4604,2369,191.54,0.327097 
4605,2383,194.59,0.341539 
4606,2358,189.14,0.291076 
4607,2370,191.76,0.381238 
4608,2358,189.14,0.337992 
4609,2384,194.81,0.381283 
4610,2382,194.38,0.287554 
4611,2365,190.67,0.294778 
4612,2370,191.76,0.356093 
4613,2371,191.98,0.338085 
4614,2382,194.38,0.334499 
4615,2345,186.31,0.294852 
4616,2367,191.11,0.428287 
4617,2373,192.41,0.348988 
4618,2385,195.03,0.327373 
4619,2362,190.02,0.284119 
4620,2384,194.81,0.367069 
4621,2371,191.98,0.287761 
4622,2363,190.23,0.334651 
4623,2382,194.38,0.363518 
4624,2355,188.49,0.295027 
4625,2375,192.85,0.392402 
4626,2363,190.23,0.320310 
4627,2383,194.59,0.363599 
4628,2368,191.32,0.291503 
4629,2384,194.81,0.345605 
4630,2384,194.81,0.287930 
4631,2391,196.34,0.287942 
4632,2363,190.23,0.262713 
4633,2371,191.98,0.363689 
4634,2376,193.07,0.334864 
4635,2367,191.11,0.316854 
4636,2365,190.67,0.349324 
4637,2373,192.41,0.356557 
4638,2371,191.98,0.327731 
4639,2358,189.14,0.334961 
4640,2379,193.72,0.381858 
4641,2369,191.54,0.306158 
4642,2367,191.11,0.342233 
4643,2378,193.50,0.349465 
4644,2367,191.11,0.309821 
4645,2372,192.20,0.349502 
4646,2384,194.81,0.331493 
4647,2368,191.32,0.288240 
4648,2412,200.92,0.345948 
4649,2367,191.11,0.187305 
4650,2370,191.76,0.349572 
4651,2368,191.32,0.338776 
4652,2369,191.54,0.346007 
4653,2379,193.72,0.342422 
4654,2365,190.67,0.306382 
4655,2384,194.81,0.356881 
4656,2365,190.67,0.288389 
4657,2384,194.81,0.356915 
4658,2364,190.45,0.288424 
4659,2384,194.81,0.360556 
4660,2359,189.36,0.288459 
4661,2375,192.85,0.378621 
4662,2362,190.02,0.320950 
4663,2377,193.29,0.367845 
4664,2384,194.81,0.313779 
4665,2384,194.81,0.288553 
4666,2386,195.25,0.288566 
4667,2381,194.16,0.281366 
4668,2378,193.50,0.299407 
4669,2364,190.45,0.310239 
4670,2378,193.50,0.360738 
4671,2372,192.20,0.310277 
4672,2380,193.94,0.331928 
4673,2362,190.02,0.303099 
4674,2363,190.23,0.368021 
4675,2369,191.54,0.364439 
4676,2354,188.27,0.342826 
4677,2383,194.59,0.396936 
4678,2383,194.59,0.292391 
4679,2393,196.77,0.292404 
4680,2391,196.34,0.256357 
4681,2380,193.94,0.263576 
4682,2365,190.67,0.303251 
4683,2384,194.81,0.357355 
4684,2360,189.58,0.288863 
4685,2367,191.11,0.375419 
4686,2367,191.11,0.350202 
4687,2371,191.98,0.350223 
4688,2361,189.80,0.335821 
4689,2364,190.45,0.371899 
4690,2359,189.36,0.361106 
4691,2377,193.29,0.379158 
4692,2363,190.23,0.314276 
4693,2371,191.98,0.364776 
4694,2366,190.89,0.335951 
4695,2383,194.59,0.354000 
4696,2374,192.63,0.292720 
4697,2381,194.16,0.325187 
4698,2362,190.02,0.299962 
4699,2384,194.81,0.368490 
4700,2382,194.38,0.289182 
4701,2383,194.59,0.296406 
4702,2372,192.20,0.292814 
4703,2384,194.81,0.332492 
4704,2367,191.11,0.289239 
4705,2367,191.11,0.350553 
4706,2383,194.59,0.350574 
4707,2381,194.16,0.292900 
4708,2377,193.29,0.300125 
4709,2369,191.54,0.314563 
4710,2373,192.41,0.343426 
4711,2384,194.81,0.329022 
4712,2361,189.80,0.289375 
4713,2384,194.81,0.372325 
4714,2358,189.14,0.289411 
4715,2382,194.38,0.383179 
4716,2380,193.94,0.296661 
4717,2361,189.80,0.303887 
4718,2393,196.77,0.372415 
4719,2384,194.81,0.257048 
4720,2383,194.59,0.289509 
4721,2365,190.67,0.293128 
4722,2365,190.67,0.358048 
4723,2386,195.25,0.358070 
4724,2396,197.43,0.282367 
4725,2370,191.76,0.246319 
4726,2368,191.32,0.340080 
4727,2371,191.98,0.347311 
4728,2450,209.20,0.336514 
4729,2364,190.45,0.051661 
4730,2368,191.32,0.361753 
4731,2384,194.81,0.347352 
4732,2378,193.50,0.289677 
4733,2386,195.25,0.311325 
4734,2383,194.59,0.282493 
4735,2364,190.45,0.293322 
4736,2378,193.50,0.361849 
4737,2365,190.67,0.311388 
4738,2370,191.76,0.358281 
4739,2363,190.23,0.340273 
4740,2362,190.02,0.365535 
4741,2371,191.98,0.369164 
4742,2372,192.20,0.336734 
4743,2379,193.72,0.333147 
4744,2362,190.02,0.307923 
4745,2379,193.72,0.369240 
4746,2359,189.36,0.307962 
4747,2355,188.49,0.380097 
4748,2385,195.03,0.394546 
4749,2367,191.11,0.286394 
4750,2366,190.89,0.351313 
4751,2371,191.98,0.354940 
4752,2355,188.49,0.336932 
4753,2362,190.02,0.394647 
4754,2422,203.10,0.369432 
4755,2382,194.38,0.153098 
4756,2363,190.23,0.297329 
4757,2367,191.11,0.365856 
4758,2381,194.16,0.351456 
4759,2368,191.32,0.300993 
4760,2366,190.89,0.347885 
4761,2383,194.59,0.355117 
4762,2377,193.29,0.293837 
4763,2375,192.85,0.315486 
4764,2371,191.98,0.322714 
4765,2378,193.50,0.337155 
4766,2390,196.12,0.311932 
4767,2363,190.23,0.268676 
4768,2365,190.67,0.366047 
4769,2374,192.63,0.358858 
4770,2384,194.81,0.326426 
4771,2382,194.38,0.290384 
4772,2386,195.25,0.297608 
4773,2370,191.76,0.283198 
4774,2370,191.76,0.340905 
4775,2361,189.80,0.340924 
4776,2367,191.11,0.373397 
4777,2378,193.50,0.351786 
4778,2384,194.81,0.312141 
4779,2384,194.81,0.290521 
4780,2384,194.81,0.290533 
4781,2384,194.81,0.290546 
4782,2383,194.59,0.290558 
4783,2372,192.20,0.294176 
4784,2382,194.38,0.333855 
4785,2362,190.02,0.297814 
4786,2384,194.81,0.369947 
4787,2363,190.23,0.290639 
4788,2383,194.59,0.366377 
4789,2375,192.85,0.294280 
4790,2363,190.23,0.323141 
4791,2363,190.23,0.366430 
4792,2361,189.80,0.366453 
4793,2380,193.94,0.373688 
4794,2382,194.38,0.305199 
4795,2378,193.50,0.298001 
4796,2371,191.98,0.312439 
4797,2366,190.89,0.337696 
4798,2359,189.36,0.355745 
4799,2384,194.81,0.381008 
4800,2163,146.63,0.290884 
4801,2383,194.59,1.087818 
4802,2377,193.29,0.294630 
4803,2379,193.72,0.316278 
4804,2366,190.89,0.309082 
4805,2372,192.20,0.355975 
4806,2373,192.41,0.334361 
4807,2370,191.76,0.330773 
4808,2379,193.72,0.341609 
4809,2385,195.03,0.309175 
4810,2369,191.54,0.287554 
4811,2363,190.23,0.345261 
4812,2375,192.85,0.366918 
4813,2372,192.20,0.323669 
4814,2369,191.54,0.334504 
4815,2394,196.99,0.345340 
4816,2363,190.23,0.255211 
4817,2362,190.02,0.367004 
4818,2357,188.93,0.370633 
4819,2383,194.59,0.388687 
4820,2384,194.81,0.294957 
4821,2385,195.03,0.291364 
4822,2362,190.02,0.287771 
4823,2368,191.32,0.370720 
4824,2384,194.81,0.349108 
4825,2367,191.11,0.291433 
4826,2370,191.76,0.352747 
4827,2372,192.20,0.341950 
4828,2365,190.67,0.334758 
4829,2375,192.85,0.360018 
4830,2366,190.89,0.323980 
4831,2382,194.38,0.356451 
4832,2382,194.38,0.298777 
4833,2381,194.16,0.298791 
4834,2405,199.39,0.302410 
4835,2383,194.59,0.215880 
4836,2370,191.76,0.295214 
4837,2365,190.67,0.342104 
4838,2365,190.67,0.360154 
4839,2368,191.32,0.360176 
4840,2362,190.02,0.349380 
4841,2379,193.72,0.371036 
4842,2367,191.11,0.309759 
4843,2358,189.14,0.353045 
4844,2352,187.84,0.385520 
4845,2361,189.80,0.407182 
4846,2355,188.49,0.374757 
4847,2359,189.36,0.396417 
4848,2374,192.63,0.382021 
4849,2379,193.72,0.327956 
4850,2384,194.81,0.309944 
4851,2384,194.81,0.291929 
4852,2384,194.81,0.291941 
4853,2370,191.76,0.291954 
4854,2371,191.98,0.342450 
4855,2368,191.32,0.338863 
4856,2358,189.14,0.349700 
4857,2357,188.93,0.385781 
4858,2396,197.43,0.389413 
4859,2357,188.93,0.248806 
4860,2378,193.50,0.389445 
4861,2363,190.23,0.313746 
4862,2363,190.23,0.367851 
4863,2382,194.38,0.367874 
4864,2371,191.98,0.299384 
4865,2370,191.76,0.339063 
4866,2368,191.32,0.342688 
4867,2387,195.47,0.349919 
4868,2372,192.20,0.281426 
4869,2384,194.81,0.335527 
4870,2369,191.54,0.292274 
4871,2371,191.98,0.346376 
4872,2378,193.50,0.339184 
4873,2374,192.63,0.313961 
4874,2384,194.81,0.328400 
4875,2386,195.25,0.292358 
4876,2403,198.95,0.285159 
4877,2362,190.02,0.223868 
4878,2384,194.81,0.371716 
4879,2386,195.25,0.292408 
4880,2362,190.02,0.285209 
4881,2378,193.50,0.371763 
4882,2370,191.76,0.314091 
4883,2393,196.77,0.342955 
4884,2378,193.50,0.260037 
4885,2363,190.23,0.314134 
4886,2366,190.89,0.368239 
4887,2371,191.98,0.357445 
4888,2383,194.59,0.339436 
4889,2383,194.59,0.296184 
4890,2384,194.81,0.296197 
4891,2364,190.45,0.292603 
4892,2385,195.03,0.364735 
4893,2384,194.81,0.289033 
4894,2365,190.67,0.292650 
4895,2379,193.72,0.361176 
4896,2384,194.81,0.310715 
4897,2383,194.59,0.292700 
4898,2375,192.85,0.296318 
4899,2369,191.54,0.325179 
4900,2367,191.11,0.346832 
4901,2385,195.03,0.354064 
4902,2394,196.99,0.289177 
4903,2356,188.71,0.256735 
4904,2387,195.47,0.393770 
4905,2383,194.59,0.282011 
4906,2385,195.03,0.296446 
4907,2365,190.67,0.289247 
4908,2390,196.12,0.361378 
4909,2383,194.59,0.271251 
4910,2359,189.36,0.296502 
4911,2358,189.14,0.383058 
4912,2381,194.16,0.386690 
4913,2374,192.63,0.303778 
4914,2384,194.81,0.329034 
4915,2366,190.89,0.292991 
4916,2377,193.29,0.357911 
4917,2384,194.81,0.318267 
4918,2370,191.76,0.293041 
4919,2374,192.63,0.343537 
4920,2365,190.67,0.329133 
4921,2384,194.81,0.361604 
4922,2379,193.72,0.293113 
4923,2362,190.02,0.311155 
4924,2358,189.14,0.372472 
4925,2357,188.93,0.386920 
4926,2359,189.36,0.390551 
4927,2363,190.23,0.383366 
4928,2387,195.47,0.368967 
4929,2391,196.34,0.282447 
4930,2368,191.32,0.268034 
4931,2391,196.34,0.350980 
4932,2384,194.81,0.268063 
4933,2363,190.23,0.293314 
4934,2385,195.03,0.369052 
4935,2393,196.77,0.289743 
4936,2384,194.81,0.260907 
4937,2368,191.32,0.293369 
4938,2358,189.14,0.351077 
4939,2387,195.47,0.387157 
4940,2399,198.08,0.282609 
4941,2369,191.54,0.239348 
4942,2377,193.29,0.347532 
4943,2386,195.25,0.318705 
4944,2362,190.02,0.286267 
4945,2361,189.80,0.372822 
4946,2384,194.81,0.376451 
4947,2384,194.81,0.293538 
4948,2367,191.11,0.293551 
4949,2364,190.45,0.354864 
4950,2368,191.32,0.365704 
4951,2363,190.23,0.351302 
4952,2384,194.81,0.369353 
4953,2359,189.36,0.293651 
4954,2384,194.81,0.383812 
4955,2379,193.72,0.293688 
4956,2384,194.81,0.311730 
4957,2384,194.81,0.293716 
4958,2324,181.73,0.293728 
4959,2378,193.50,0.510099 
4960,2377,193.29,0.315419 
4961,2367,191.11,0.319041 
4962,2378,193.50,0.355117 
4963,2387,195.47,0.315472 
4964,2368,191.32,0.283034 
4965,2384,194.81,0.351558 
4966,2366,190.89,0.293883 
4967,2371,191.98,0.358803 
4968,2384,194.81,0.340795 
4969,2382,194.38,0.293936 
4970,2369,191.54,0.301160 
4971,2385,195.03,0.348051 
4972,2384,194.81,0.290376 
4973,2383,194.59,0.293994 
4974,2374,192.63,0.297612 
4975,2368,191.32,0.330079 
4976,2386,195.25,0.351732 
4977,2371,191.98,0.286845 
4978,2358,189.14,0.340946 
4979,2384,194.81,0.387843 
4980,2358,189.14,0.294113 
4981,2358,189.14,0.387881 
4982,2385,195.03,0.387907 
4983,2385,195.03,0.290571 
4984,2357,188.93,0.290583 
4985,2373,192.41,0.391562 
4986,2370,191.76,0.333893 
4987,2387,195.47,0.344729 
4988,2351,187.62,0.283447 
4989,2395,197.21,0.413273 
4990,2391,196.34,0.254639 
4991,2383,194.59,0.269070 
4992,2384,194.81,0.297927 
4993,2371,191.98,0.294333 
4994,2362,190.02,0.341224 
4995,2365,190.67,0.373696 
4996,2397,197.65,0.362902 
4997,2378,193.50,0.247533 
4998,2371,191.98,0.316052 
4999,2329,182.82,0.341310 
5000,2363,190.23,0.492780 
5001,2374,192.63,0.370217 
5002,2446,208.33,0.330575 
5003,2390,196.12,0.070962 
5004,2398,197.86,0.272877 
5005,2387,195.47,0.244038 
5006,2378,193.50,0.283709 
5007,2381,194.16,0.316174 
5008,2384,194.81,0.305371 
5009,2386,195.25,0.294567 
5010,2368,191.32,0.287367 
5011,2384,194.81,0.352286 
5012,2361,189.80,0.294611 
5013,2385,195.03,0.377561 
5014,2396,197.43,0.291042 
5015,2355,188.49,0.251388 
5016,2393,196.77,0.399239 
5017,2390,196.12,0.262239 
5018,2387,195.47,0.273065 
5019,2395,197.21,0.283892 
5020,2398,197.86,0.255055 
5021,2393,196.77,0.244244 
5022,2378,193.50,0.262279 
5023,2380,193.94,0.316376 
5024,2380,193.94,0.309180 
5025,2390,196.12,0.309194 
5026,2384,194.81,0.273149 
5027,2374,192.63,0.294794 
5028,2394,196.99,0.330866 
5029,2370,191.76,0.258764 
5030,2385,195.03,0.345315 
5031,2385,195.03,0.291245 
5032,2370,191.76,0.291256 
5033,2366,190.89,0.345358 
5034,2359,189.36,0.359801 
5035,2395,197.21,0.385065 
5036,2371,191.98,0.255275 
5037,2374,192.63,0.341825 
5038,2363,190.23,0.331026 
5039,2369,191.54,0.370710 
5040,2384,194.81,0.349097 
5041,2368,191.32,0.295027 
5042,2400,198.30,0.352735 
5043,2366,190.89,0.237365 
5044,2389,195.90,0.359972 
5045,2368,191.32,0.277056 
5046,2365,190.67,0.352791 
5047,2385,195.03,0.363630 
5048,2366,190.89,0.291533 
5049,2352,187.84,0.360058 
5050,2394,196.99,0.410563 
5051,2393,196.77,0.259141 
5052,2386,195.25,0.262754 
5053,2389,195.90,0.288004 
5054,2381,194.16,0.277197 
5055,2362,190.02,0.306055 
5056,2370,191.76,0.374582 
5057,2394,196.99,0.345758 
5058,2394,196.99,0.259234 
5059,2369,191.54,0.259241 
5060,2386,195.25,0.349398 
5061,2370,191.76,0.288117 
5062,2384,194.81,0.345824 
5063,2385,195.03,0.295359 
5064,2367,191.11,0.291766 
5065,2386,195.25,0.356685 
5066,2363,190.23,0.288193 
5067,2390,196.12,0.371142 
5068,2363,190.23,0.273803 
5069,2389,195.90,0.371174 
5070,2364,190.45,0.277442 
5071,2379,193.72,0.367601 
5072,2369,191.54,0.313534 
5073,2393,196.77,0.349609 
5074,2363,190.23,0.263085 
5075,2389,195.90,0.371273 
5076,2374,192.63,0.277540 
5077,2395,197.21,0.331640 
5078,2374,192.63,0.255932 
5079,2387,195.47,0.331664 
5080,2358,189.14,0.284804 
5081,2386,195.25,0.389388 
5082,2371,191.98,0.288446 
5083,2386,195.25,0.342547 
5084,2362,190.02,0.288477 
5085,2366,190.89,0.375031 
5086,2364,190.45,0.360631 
5087,2367,191.11,0.367865 
5088,2368,191.32,0.357070 
5089,2359,189.36,0.353485 
5090,2369,191.54,0.385959 
5091,2374,192.63,0.349925 
5092,2386,195.25,0.331915 
5093,2363,190.23,0.288661 
5094,2356,188.71,0.371610 
5095,2391,196.34,0.396875 
5096,2355,188.49,0.270692 
5097,2378,193.50,0.400516 
5098,2383,194.59,0.317606 
5099,2374,192.63,0.299592 
5100,2366,190.89,0.332058 
5101,2382,194.38,0.360924 
5102,2366,190.89,0.303250 
5103,2362,190.02,0.360959 
5104,2381,194.16,0.375404 
5105,2384,194.81,0.306914 
5106,2384,194.81,0.296110 
5107,2366,190.89,0.296123 
5108,2384,194.81,0.361043 
5109,2367,191.11,0.296157 
5110,2387,195.47,0.357471 
5111,2384,194.81,0.285372 
5112,2363,190.23,0.296201 
5113,2378,193.50,0.371939 
5114,2365,190.67,0.317872 
5115,2388,195.68,0.364766 
5116,2378,193.50,0.281850 
5117,2365,190.67,0.317920 
5118,2384,194.81,0.364814 
5119,2359,189.36,0.296322 
5120,2362,190.02,0.386484 
5121,2363,190.23,0.375691 
5122,2388,195.68,0.372109 
5123,2384,194.81,0.281983 
5124,2390,196.12,0.296417 
5125,2385,195.03,0.274794 
5126,2362,190.02,0.292833 
5127,2369,191.54,0.375782 
5128,2388,195.68,0.350564 
5129,2395,197.21,0.282070 
5130,2367,191.11,0.256839 
5131,2368,191.32,0.357813 
5132,2364,190.45,0.354228 
5133,2365,190.67,0.368673 
5134,2367,191.11,0.365089 
5135,2383,194.59,0.357899 
5136,2382,194.38,0.300225 
5137,2371,191.98,0.303844 
5138,2370,191.76,0.343523 
5139,2361,189.80,0.347148 
5140,2384,194.81,0.379621 
5141,2363,190.23,0.296708 
5142,2384,194.81,0.372446 
5143,2390,196.12,0.296744 
5144,2381,194.16,0.275120 
5145,2366,190.89,0.307583 
5146,2365,190.67,0.361687 
5147,2374,192.63,0.365315 
5148,2384,194.81,0.332883 
5149,2391,196.34,0.296841 
5150,2358,189.14,0.271611 
5151,2388,195.68,0.390617 
5152,2364,190.45,0.282463 
5153,2377,193.29,0.369017 
5154,2362,190.02,0.322162 
5155,2359,189.36,0.376268 
5156,2384,194.81,0.387110 
5157,2390,196.12,0.296986 
5158,2390,196.12,0.275362 
5159,2364,190.45,0.275371 
5160,2360,189.58,0.369136 
5161,2359,189.36,0.383582 
5162,2405,199.39,0.387213 
5163,2367,191.11,0.221363 
5164,2387,195.47,0.358392 
5165,2400,198.30,0.286294 
5166,2384,194.81,0.239427 
5167,2359,189.36,0.297127 
5168,2385,195.03,0.387288 
5169,2370,191.76,0.293558 
5170,2384,194.81,0.347660 
5171,2358,189.14,0.297196 
5172,2384,194.81,0.390963 
5173,2387,195.47,0.297234 
5174,2369,191.54,0.286428 
5175,2378,193.50,0.351346 
5176,2386,195.25,0.318913 
5177,2354,188.27,0.290080 
5178,2385,195.03,0.405483 
5179,2363,190.23,0.293726 
5180,2368,191.32,0.373069 
5181,2369,191.54,0.355062 
5182,2361,189.80,0.351477 
5183,2362,190.02,0.380345 
5184,2359,189.36,0.376763 
5185,2368,191.32,0.387605 
5186,2354,188.27,0.355176 
5187,2357,188.93,0.405681 
5188,2379,193.72,0.394891 
5189,2383,194.59,0.315585 
5190,2358,189.14,0.301177 
5191,2369,191.54,0.391339 
5192,2381,194.16,0.351699 
5193,2388,195.68,0.308447 
5194,2385,195.03,0.283219 
5195,2384,194.81,0.294048 
5196,2364,190.45,0.297665 
5197,2375,192.85,0.369797 
5198,2381,194.16,0.330154 
5199,2366,190.89,0.308535 
5200,2382,194.38,0.362639 
5201,2384,194.81,0.304965 
5202,2368,191.32,0.297766 
5203,2364,190.45,0.355474 
5204,2365,190.67,0.369919 
5205,2382,194.38,0.366336 
5206,2387,195.47,0.305056 
5207,2365,190.67,0.287040 
5208,2407,199.83,0.366382 
5209,2391,196.34,0.214953 
5210,2384,194.81,0.272649 
5211,2388,195.68,0.297900 
5212,2365,190.67,0.283488 
5213,2391,196.34,0.366436 
5214,2362,190.02,0.272703 
5215,2400,198.30,0.377285 
5216,2368,191.32,0.240281 
5217,2384,194.81,0.355677 
5218,2365,190.67,0.298002 
5219,2381,194.16,0.366528 
5220,2393,196.77,0.308854 
5221,2378,193.50,0.265596 
5222,2391,196.34,0.319694 
5223,2386,195.25,0.272831 
5224,2367,191.11,0.290870 
5225,2374,192.63,0.359395 
5226,2364,190.45,0.334174 
5227,2368,191.32,0.370251 
5228,2382,194.38,0.355850 
5229,2369,191.54,0.305387 
5230,2361,189.80,0.352278 
5231,2382,194.38,0.381146 
5232,2363,190.23,0.305445 
5233,2371,191.98,0.373972 
5234,2387,195.47,0.345147 
5235,2390,196.12,0.287471 
5236,2385,195.03,0.276664 
5237,2384,194.81,0.294703 
5238,2369,191.54,0.298320 
5239,2356,188.71,0.352422 
5240,2386,195.25,0.399320 
5241,2370,191.76,0.291168 
5242,2378,193.50,0.348875 
5243,2310,178.68,0.320047 
5244,2385,195.03,0.565269 
5245,2385,195.03,0.294871 
5246,2377,193.29,0.294883 
5247,2368,191.32,0.323742 
5248,2373,192.41,0.356212 
5249,2395,197.21,0.338203 
5250,2392,196.56,0.258889 
5251,2399,198.08,0.269714 
5252,2384,194.81,0.244480 
5253,2380,193.94,0.298575 
5254,2390,196.12,0.313011 
5255,2368,191.32,0.276965 
5256,2369,191.54,0.356306 
5257,2384,194.81,0.352721 
5258,2358,189.14,0.298651 
5259,2363,190.23,0.392419 
5260,2365,190.67,0.374415 
5261,2403,198.95,0.367226 
5262,2384,194.81,0.230221 
5263,2389,195.90,0.298737 
5264,2388,195.68,0.280720 
5265,2384,194.81,0.284335 
5266,2377,193.29,0.298770 
5267,2369,191.54,0.324024 
5268,2371,191.98,0.352888 
5269,2361,189.80,0.345696 
5270,2363,190.23,0.381775 
5271,2381,194.16,0.374587 
5272,2385,195.03,0.309702 
5273,2383,194.59,0.295293 
5274,2397,197.65,0.302516 
5275,2363,190.23,0.252046 
5276,2363,190.23,0.374654 
5277,2374,192.63,0.374678 
5278,2383,194.59,0.335035 
5279,2383,194.59,0.302599 
5280,2357,188.93,0.302612 
5281,2378,193.50,0.396380 
5282,2367,191.11,0.320681 
