ets Jul 29 2019 12:21:46

rst:0x1 (POWERON_RESET),boot:0x12 (SPI_FAST_FLASH_BOOT)
configsip: 0, SPIWP:0xee
clk_drv:0x00,q_drv:0x00,d_drv:0x00,cs0_drv:0x00,hd_drv:0x00,wp_drv:0x00
mode:DIO, clock div:2
load:0x3fff0040,len:6272
load:0x40078000,len:15848
load:0x40080400,len:3920
entry 0x40080644
I (27) boot: ESP-IDF v6.0 2nd stage bootloader
I (27) boot: compile time Apr 23 2026 08:09:33
I (28) boot: Multicore bootloader
I (29) boot: chip revision: v3.1
I (31) boot.esp32: SPI Speed      : 40MHz
I (35) boot.esp32: SPI Mode       : DIO
I (39) boot.esp32: SPI Flash Size : 2MB
I (42) boot: Enabling RNG early entropy source...
I (47) boot: Partition Table:
I (49) boot: ## Label            Usage          Type ST Offset   Length
I (56) boot:  0 nvs              WiFi data        01 02 00009000 00006000
I (62) boot:  1 phy_init         RF data          01 01 0000f000 00001000
I (69) boot:  2 factory          factory app      00 00 00010000 00100000
I (75) boot: End of partition table
I (79) esp_image: segment 0: paddr=00010020 vaddr=3f400020 size=09658h ( 38488) map
I (100) esp_image: segment 1: paddr=00019680 vaddr=3ffb0000 size=02a2ch ( 10796) load
I (104) esp_image: segment 2: paddr=0001c0b4 vaddr=40080000 size=03f64h ( 16228) load
I (111) esp_image: segment 3: paddr=00020020 vaddr=400d0020 size=0f5dch ( 62940) map
I (134) esp_image: segment 4: paddr=0002f604 vaddr=40083f64 size=06e18h ( 28184) load
I (145) esp_image: segment 5: paddr=00036424 vaddr=50000000 size=00028h (    40) load
I (151) boot: Loaded app from partition at offset 0x10000
I (152) boot: Disabling RNG early entropy source...
I (164) cpu_start: Multicore app
I (172) cpu_start: GPIO 3 and 1 are used as console UART I/O pins
I (172) cpu_start: Pro cpu start user code
I (172) cpu_start: cpu freq: 160000000 Hz
I (174) app_init: Application information:
I (178) app_init: Project name:     app-template
I (182) app_init: App version:      1
I (185) app_init: Compile time:     Apr 23 2026 08:07:59
I (191) app_init: ELF file SHA256:  e2447c916...
I (195) app_init: ESP-IDF:          v6.0
I (198) efuse_init: Min chip rev:     v0.0
I (202) efuse_init: Max chip rev:     v3.99 
I (206) efuse_init: Chip rev:         v3.1
I (210) heap_init: Initializing. RAM available for dynamic allocation:
I (217) heap_init: At 3FFAE6E0 len 00001920 (6 KiB): DRAM
I (222) heap_init: At 3FFB3410 len 0002CBF0 (178 KiB): DRAM
I (227) heap_init: At 3FFE0440 len 00003AE0 (14 KiB): D/IRAM
I (232) heap_init: At 3FFE4350 len 0001BCB0 (111 KiB): D/IRAM
I (238) heap_init: At 4008AD7C len 00015284 (84 KiB): IRAM
I (244) spi_flash: detected chip: generic
I (247) spi_flash: flash io: dio
W (250) spi_flash: Detected size(4096k) larger than the size in the binary image header(2048k). Using the size in the binary image header.
I (263) main_task: Started on CPU0
I (273) main_task: Calling app_main()
1,2316,179.99,0.000000 
2,2317,180.21,1.158082 
3,2291,174.54,1.154642 
4,2306,177.81,1.248564 
5,2311,178.90,1.194654 
Forno LIGADOForno LIGADOForno LIGADOForno LIGADO6,2303,177.15,1.176795 
Forno LIGADOForno LIGADOForno LIGADOForno LIGADOForno LIGADO7,2314,179.55,1.205812 
8,2298,176.06,1.166320 
9,2297,175.85,1.224183 
10,2318,180.42,1.227965 
11,2284,173.01,1.152416 
12,2286,173.45,1.275185 
13,2313,179.33,1.268156 
14,2304,177.37,1.170976 
15,2318,180.42,1.203598 
16,2315,179.77,1.153287 
17,2318,180.42,1.164271 
18,2310,178.68,1.153620 
19,2311,178.90,1.182633 
20,2324,181.73,1.179197 
21,2320,180.86,1.132488 
22,2288,173.88,1.147074 
23,2329,182.82,1.262630 
24,2302,176.94,1.114966 
25,2325,181.95,1.212487 
26,2303,177.15,1.129724 
27,2301,176.72,1.209217 
28,2307,178.03,1.216602 
29,2304,177.37,1.195140 
30,2334,183.91,1.206130 
31,2288,173.88,1.098123 
32,2331,183.26,1.264155 
33,2307,178.03,1.109279 
34,2305,177.59,1.195981 
35,2330,183.04,1.203365 
36,2310,178.68,1.113387 
37,2329,182.82,1.185666 
38,2317,180.21,1.117322 
39,2314,179.55,1.160754 
40,2301,176.72,1.171738 
41,2308,178.24,1.218783 
42,2322,181.30,1.193715 
43,2304,177.37,1.143402 
44,2302,176.94,1.208473 
45,2307,178.03,1.215858 
46,2305,177.59,1.198002 
47,2341,185.44,1.205385 
48,2322,181.30,1.075742 
49,2307,178.03,1.144409 
50,2297,175.85,1.198662 
51,2330,183.04,1.234893 
52,2332,183.48,1.116072 
53,2338,184.78,1.109020 
54,2320,180.86,1.087542 
55,2331,183.26,1.152605 
56,2333,183.69,1.113104 
57,2320,180.86,1.106050 
58,2340,185.22,1.153086 
59,2320,180.86,1.081131 
60,2347,186.75,1.153404 
61,2325,181.95,1.056207 
62,2341,185.44,1.135689 
63,2359,189.36,1.078155 
64,2323,181.51,1.013401 
65,2329,182.82,1.143361 
66,2342,185.66,1.121888 
67,2355,188.49,1.075170 
68,2329,182.82,1.028445 
69,2325,181.95,1.122347 
70,2357,188.93,1.136931 
71,2336,184.35,1.021701 
72,2357,188.93,1.097572 
73,2353,188.05,1.022003 
74,2329,182.82,1.036572 
75,2334,183.91,1.123262 
76,2368,191.32,1.105392 
77,2364,190.45,0.982946 
78,2353,188.05,0.997510 
79,2336,184.35,1.037317 
80,2334,183.91,1.098766 
81,2335,184.13,1.106134 
82,2356,188.71,1.102685 
83,2369,191.54,1.027117 
84,2335,184.13,0.980384 
85,2362,190.02,1.103127 
86,2366,190.89,1.005922 
87,2352,187.84,0.991641 
88,2352,187.84,1.042265 
89,2373,192.41,1.042413 
90,2341,185.44,0.966835 
91,2362,190.02,1.082364 
92,2351,187.62,1.006792 
93,2348,186.96,1.046600 
94,2378,193.50,1.057566 
95,2379,193.72,0.949537 
96,2347,186.75,0.946065 
97,2359,189.36,1.061591 
98,2386,195.25,1.018469 
99,2362,190.02,0.921252 
100,2385,195.03,1.007926 
101,2384,194.81,0.925131 
102,2374,192.63,0.928868 
103,2391,196.34,0.965059 
104,2357,188.93,0.903894 
105,2390,196.12,1.026624 
106,2393,196.77,0.907772 
107,2401,198.52,0.897083 
108,2394,196.99,0.868361 
109,2367,191.11,0.893726 
110,2400,198.30,0.991213 
111,2353,188.05,0.872356 
112,2366,190.89,1.041960 
113,2367,191.11,0.995229 
114,2366,190.89,0.991764 
115,2385,195.03,0.995510 
116,2375,192.85,0.927137 
117,2373,192.41,0.963328 
118,2444,207.89,0.970676 
119,2412,200.92,0.714788 
120,2366,190.89,0.830280 
121,2383,194.59,0.996271 
122,2377,193.29,0.935110 
123,2415,201.57,0.956878 
124,2410,200.48,0.819985 
125,2402,198.74,0.838131 
126,2339,185.00,0.867096 
127,2405,199.39,1.094395 
128,2381,194.16,0.856555 
129,2414,201.35,0.943219 
130,2410,200.48,0.824354 
131,2403,198.95,0.838894 
132,2384,194.81,0.864254 
133,2382,194.38,0.932889 
134,2410,200.48,0.940232 
135,2403,198.95,0.839397 
136,2409,200.26,0.864756 
137,2399,198.08,0.843242 
138,2414,201.35,0.879420 
139,2397,197.65,0.825454 
140,2389,195.90,0.886871 
141,2386,195.25,0.915844 
142,2428,204.40,0.926790 
143,2408,200.04,0.775469 
144,2416,201.79,0.847697 
145,2416,201.79,0.818968 
146,2416,201.79,0.819083 
147,2415,201.57,0.819198 
148,2407,199.83,0.822918 
149,2417,202.01,0.851881 
150,2413,201.13,0.815941 
151,2396,197.43,0.830479 
152,2403,198.95,0.891897 
153,2411,200.70,0.866780 
154,2388,195.68,0.838053 
155,2399,198.08,0.921108 
156,2413,201.13,0.881572 
157,2416,201.79,0.831211 
158,2416,201.79,0.820510 
159,2435,205.93,0.820624 
160,2416,201.79,0.752226 
161,2416,201.79,0.820844 
162,2436,206.15,0.820959 
163,2425,203.75,0.748954 
164,2423,203.31,0.788724 
165,2438,206.58,0.796046 
166,2437,206.37,0.742067 
167,2434,205.71,0.745776 
168,2437,206.37,0.756698 
169,2424,203.53,0.745985 
170,2434,205.71,0.792967 
171,2429,204.62,0.757017 
172,2441,207.24,0.775153 
173,2435,205.93,0.731989 
174,2419,202.44,0.753727 
175,2411,200.70,0.811527 
176,2421,202.88,0.840488 
177,2406,199.61,0.804545 
178,2442,207.46,0.858747 
179,2423,203.31,0.729052 
180,2416,201.79,0.797667 
181,2429,204.62,0.823020 
182,2441,207.24,0.776257 
183,2431,205.06,0.733092 
184,2448,208.76,0.769254 
185,2416,201.79,0.708059 
186,2410,200.48,0.823549 
187,2418,202.22,0.845299 
188,2426,203.97,0.816569 
189,2432,205.28,0.787835 
190,2423,203.31,0.766309 
191,2447,208.55,0.798869 
192,2448,208.76,0.712436 
193,2422,203.10,0.708929 
194,2436,206.15,0.802783 
195,2437,206.37,0.752410 
196,2451,209.42,0.748909 
197,2447,208.55,0.698529 
198,2434,205.71,0.713049 
199,2437,206.37,0.760026 
200,2429,204.62,0.749313 
201,2443,207.67,0.778265 
202,2453,209.85,0.727889 
203,2358,189.14,0.691930 
204,2457,210.73,1.034593 
205,2433,205.49,0.677746 
206,2448,208.76,0.764383 
207,2459,211.16,0.710399 
208,2447,208.55,0.670831 
209,2437,206.37,0.714195 
210,2435,205.93,0.750354 
211,2453,209.85,0.757670 
212,2439,206.80,0.692867 
213,2448,208.76,0.743446 
214,2452,209.64,0.711095 
215,2449,208.98,0.696769 
216,2445,208.11,0.707683 
217,2471,213.78,0.722205 
218,2438,206.58,0.628549 
219,2448,208.76,0.747632 
220,2447,208.55,0.711676 
221,2443,207.67,0.715380 
222,2460,211.38,0.729902 
223,2442,207.46,0.668701 
224,2471,213.78,0.733701 
225,2454,210.07,0.629229 
226,2448,208.76,0.690616 
227,2470,213.56,0.712347 
228,2473,214.21,0.633114 
229,2447,208.55,0.622382 
230,2447,208.55,0.716223 
231,2448,208.76,0.716322 
232,2470,213.56,0.712814 
233,2459,211.16,0.633581 
234,2470,213.56,0.673333 
235,2466,212.69,0.633760 
236,2448,208.76,0.648270 
237,2446,208.33,0.713267 
238,2479,215.52,0.720577 
239,2446,208.33,0.601679 
240,2475,214.65,0.720758 
241,2467,212.91,0.616284 
242,2448,208.76,0.645215 
243,2449,208.98,0.713817 
244,2480,215.74,0.710310 
245,2460,211.38,0.598622 
246,2449,208.98,0.670823 
247,2454,210.07,0.710580 
248,2481,215.96,0.692648 
249,2447,208.55,0.595382 
250,2474,214.43,0.718066 
251,2448,208.76,0.620803 
252,2459,211.16,0.714643 
253,2455,210.29,0.675075 
254,2466,212.69,0.689592 
255,2478,215.30,0.650020 
256,2478,215.30,0.606837 
257,2469,213.34,0.606920 
258,2465,212.47,0.639456 
259,2464,212.25,0.653967 
260,2452,209.64,0.657663 
261,2451,209.42,0.701024 
262,2491,218.14,0.704726 
263,2479,215.52,0.560583 
264,2495,219.01,0.603931 
265,2465,212.47,0.546317 
266,2458,210.94,0.654570 
267,2475,214.65,0.679901 
268,2485,216.83,0.618693 
269,2485,216.83,0.582717 
270,2467,212.91,0.582796 
271,2482,216.18,0.647782 
272,2478,215.30,0.593781 
273,2458,210.94,0.608285 
274,2474,214.43,0.680487 
275,2466,212.69,0.622885 
276,2485,216.83,0.651817 
277,2467,212.91,0.583392 
278,2475,214.65,0.648379 
279,2471,213.78,0.619619 
280,2493,218.57,0.634127 
281,2490,217.92,0.554882 
282,2490,217.92,0.565774 
283,2484,216.61,0.565851 
284,2491,218.14,0.587563 
285,2481,215.96,0.562400 
286,2463,212.03,0.598536 
287,2465,212.47,0.663525 
288,2475,214.65,0.656403 
289,2490,217.92,0.620432 
290,2485,216.83,0.566427 
291,2462,211.82,0.584533 
292,2480,215.74,0.667549 
293,2482,216.18,0.602733 
294,2466,212.69,0.595602 
295,2480,215.74,0.653378 
296,2484,216.61,0.602983 
297,2467,212.91,0.588641 
298,2480,215.74,0.650022 
299,2469,213.34,0.603232 
300,2490,217.92,0.642980 
301,2474,214.43,0.567341 
302,2466,212.69,0.625113 
303,2487,217.27,0.654046 
304,2465,212.47,0.578409 
305,2496,219.23,0.657818 
306,2491,218.14,0.546122 
307,2481,215.96,0.564225 
308,2469,213.34,0.600361 
309,2480,215.74,0.643714 
310,2490,217.92,0.604135 
311,2471,213.78,0.568157 
312,2478,215.30,0.636747 
313,2490,217.92,0.611591 
314,2495,219.01,0.568402 
315,2480,215.74,0.550448 
316,2473,214.21,0.604611 
317,2475,214.65,0.629935 
318,2470,213.56,0.622808 
319,2470,213.56,0.640922 
320,2499,219.88,0.641009 
321,2484,216.61,0.536522 
322,2493,218.57,0.590683 
323,2480,215.74,0.558309 
324,2512,222.72,0.605261 
325,2485,216.83,0.489951 
326,2496,219.23,0.587378 
327,2474,214.43,0.547791 
328,2513,222.93,0.627195 
329,2496,219.23,0.486647 
330,2490,217.92,0.548013 
331,2479,215.52,0.569722 
332,2474,214.43,0.609464 
333,2499,219.88,0.627576 
334,2479,215.52,0.537511 
335,2491,218.14,0.609702 
336,2507,221.63,0.566513 
337,2469,213.34,0.508893 
338,2495,219.01,0.645988 
339,2503,220.75,0.552319 
340,2480,215.74,0.523545 
341,2500,220.10,0.606552 
342,2480,215.74,0.534514 
343,2496,219.23,0.606705 
344,2491,218.14,0.549091 
345,2491,218.14,0.567194 
346,2479,215.52,0.567269 
347,2459,211.16,0.610617 
348,2502,220.54,0.682819 
349,2474,214.43,0.527854 
350,2502,220.54,0.628891 
351,2503,220.75,0.528009 
352,2494,218.79,0.524473 
353,2470,213.56,0.556996 
354,2477,215.09,0.643614 
355,2495,219.01,0.618459 
356,2490,217.92,0.553634 
357,2479,215.52,0.571738 
358,2480,215.74,0.611480 
359,2492,218.36,0.607956 
360,2501,220.32,0.564765 
361,2481,215.96,0.532387 
362,2495,219.01,0.604577 
363,2499,219.88,0.554174 
364,2495,219.01,0.539824 
365,2494,218.79,0.554320 
366,2501,220.32,0.557999 
367,2507,221.63,0.532832 
368,2517,223.81,0.511266 
369,2499,219.88,0.475274 
370,2502,220.54,0.540244 
371,2502,220.54,0.529498 
372,2497,219.45,0.529568 
373,2499,219.88,0.547668 
374,2490,217.92,0.540528 
375,2495,219.01,0.573054 
376,2487,217.27,0.555100 
377,2503,220.75,0.584022 
378,2499,219.88,0.526404 
379,2477,215.09,0.540897 
380,2503,220.75,0.620301 
381,2480,215.74,0.526628 
382,2480,215.74,0.609635 
383,2506,221.41,0.609717 
384,2499,219.88,0.516043 
385,2492,218.36,0.541353 
386,2475,214.65,0.566666 
387,2513,222.93,0.628043 
388,2499,219.88,0.491100 
389,2470,213.56,0.541648 
390,2494,218.79,0.646293 
391,2478,215.30,0.559836 
392,2495,219.01,0.617606 
393,2479,215.52,0.556387 
394,2507,221.63,0.614156 
395,2505,221.19,0.513271 
396,2501,220.32,0.520550 
397,2487,217.27,0.535043 
398,2492,218.36,0.585597 
399,2503,220.75,0.567645 
400,2496,219.23,0.528055 
401,2498,219.66,0.553366 
402,2486,217.05,0.546227 
403,2487,217.27,0.589571 
404,2494,218.79,0.586043 
405,2512,222.72,0.560879 
406,2480,215.74,0.496046 
407,2493,218.57,0.611502 
408,2509,222.06,0.564706 
409,2494,218.79,0.507085 
410,2483,216.39,0.561241 
411,2507,221.63,0.600981 
412,2491,218.14,0.514518 
413,2507,221.63,0.572281 
414,2497,219.45,0.514661 
415,2509,222.06,0.550788 
416,2505,221.19,0.507589 
417,2485,216.83,0.522080 
418,2494,218.79,0.594268 
419,2486,217.05,0.561893 
420,2508,221.84,0.590815 
421,2475,214.65,0.511562 
422,2512,222.72,0.630626 
423,2485,216.83,0.497289 
424,2490,217.92,0.594715 
425,2501,220.32,0.576764 
426,2511,222.50,0.537175 
427,2493,218.57,0.501186 
428,2489,217.70,0.566158 
429,2501,220.32,0.580657 
430,2512,222.72,0.537462 
431,2518,224.02,0.497867 
432,2512,222.72,0.476296 
433,2503,220.75,0.497994 
434,2493,218.57,0.530513 
435,2486,217.05,0.566642 
436,2503,220.75,0.591958 
437,2510,222.28,0.530735 
438,2493,218.57,0.505563 
439,2503,220.75,0.566930 
440,2501,220.32,0.530945 
441,2510,222.28,0.538227 
442,2493,218.57,0.505844 
443,2506,221.41,0.567211 
444,2492,218.36,0.520408 
445,2510,222.28,0.570960 
446,2523,225.11,0.506128 
447,2495,219.01,0.459316 
448,2503,220.75,0.560343 
449,2486,217.05,0.531568 
450,2493,218.57,0.592939 
451,2502,220.54,0.567776 
452,2484,216.61,0.535397 
453,2496,219.23,0.600375 
454,2494,218.79,0.557182 
455,2481,215.96,0.564467 
456,2511,222.50,0.611420 
457,2495,219.01,0.503321 
458,2508,221.84,0.561082 
459,2496,219.23,0.514278 
460,2491,218.14,0.557617 
461,2500,220.10,0.575720 
462,2503,220.75,0.543342 
463,2505,221.19,0.532595 
464,2486,217.05,0.525453 
465,2494,218.79,0.594035 
466,2497,219.45,0.565265 
467,2507,221.63,0.554522 
468,2501,220.32,0.518534 
469,2509,222.06,0.540238 
470,2485,216.83,0.511461 
471,2508,221.84,0.598071 
472,2509,222.06,0.515212 
473,2492,218.36,0.511673 
474,2503,220.75,0.573041 
475,2495,219.01,0.533451 
476,2512,222.72,0.562368 
477,2487,217.27,0.501140 
478,2509,222.06,0.591354 
479,2484,216.61,0.512101 
480,2510,222.28,0.602317 
481,2489,217.70,0.508641 
482,2506,221.41,0.584432 
483,2496,219.23,0.523207 
484,2510,222.28,0.559335 
485,2498,219.66,0.508925 
486,2499,219.88,0.552262 
487,2497,219.45,0.548728 
488,2480,215.74,0.556012 
489,2485,216.83,0.617386 
490,2493,218.57,0.599438 
491,2491,218.14,0.570669 
492,2494,218.79,0.577956 
493,2494,218.79,0.567213 
494,2499,219.88,0.567288 
495,2506,221.41,0.549332 
496,2507,221.63,0.524162 
497,2495,219.01,0.520624 
498,2485,216.83,0.563963 
499,2484,216.61,0.600097 
500,2482,216.18,0.603781 
501,2506,221.41,0.611073 
502,2507,221.63,0.524610 
503,2493,218.57,0.521072 
504,2503,220.75,0.571623 
505,2519,224.24,0.535638 
506,2503,220.75,0.478012 
507,2491,218.14,0.535769 
508,2507,221.63,0.579110 
509,2482,216.18,0.521490 
510,2498,219.66,0.611707 
511,2511,222.50,0.554092 
512,2507,221.63,0.507286 
513,2503,220.75,0.521776 
514,2484,216.61,0.536267 
515,2512,222.72,0.604850 
516,2492,218.36,0.503962 
517,2494,218.79,0.576147 
518,2510,222.28,0.569010 
519,2500,220.10,0.511389 
520,2512,222.72,0.547514 
521,2508,221.84,0.504314 
522,2506,221.41,0.518803 
523,2514,223.15,0.526081 
524,2512,222.72,0.497302 
525,2491,218.14,0.504577 
526,2513,222.93,0.580368 
527,2513,222.93,0.501112 
528,2500,220.10,0.501176 
529,2510,222.28,0.548118 
530,2496,219.23,0.512130 
531,2510,222.28,0.562680 
532,2491,218.14,0.512269 
533,2517,223.81,0.580849 
534,2487,217.27,0.487169 
535,2486,217.05,0.595410 
536,2511,222.50,0.599094 
537,2487,217.27,0.509023 
538,2489,217.70,0.595632 
539,2513,222.93,0.588498 
540,2512,222.72,0.502031 
541,2513,222.93,0.505702 
542,2490,217.92,0.502161 
543,2491,218.14,0.585163 
544,2498,219.66,0.581633 
545,2485,216.83,0.556467 
546,2505,221.19,0.603417 
547,2511,222.50,0.531376 
548,2486,217.05,0.509809 
549,2496,219.23,0.600024 
550,2512,222.72,0.564042 
551,2489,217.70,0.506420 
552,2496,219.23,0.589422 
553,2487,217.27,0.564257 
554,2512,222.72,0.596784 
555,2498,219.66,0.506712 
556,2484,216.61,0.557261 
557,2486,217.05,0.607817 
558,2477,215.09,0.600684 
559,2512,222.72,0.633217 
560,2483,216.39,0.507090 
561,2497,219.45,0.611729 
562,2495,219.01,0.561325 
563,2502,220.54,0.568610 
564,2490,217.92,0.543441 
565,2511,222.50,0.586783 
566,2496,219.23,0.511134 
567,2497,219.45,0.565289 
568,2490,217.92,0.561756 
569,2487,217.27,0.587071 
570,2512,222.72,0.597965 
571,2512,222.72,0.507893 
572,2512,222.72,0.507958 
573,2510,222.28,0.508023 
574,2506,221.41,0.515300 
575,2512,222.72,0.529790 
576,2512,222.72,0.508222 
577,2504,220.97,0.508287 
578,2487,217.27,0.537200 
579,2508,221.84,0.598570 
580,2487,217.27,0.522923 
581,2512,222.72,0.598715 
582,2510,222.28,0.508643 
583,2502,220.54,0.515920 
584,2494,218.79,0.544834 
585,2485,216.83,0.573752 
586,2489,217.70,0.606280 
587,2495,219.01,0.591935 
588,2507,221.63,0.570376 
589,2486,217.05,0.527178 
590,2498,219.66,0.602971 
591,2496,219.23,0.559778 
592,2511,222.50,0.567062 
593,2507,221.63,0.513045 
594,2512,222.72,0.527534 
595,2490,217.92,0.509572 
596,2494,218.79,0.588969 
597,2505,221.19,0.574621 
598,2510,222.28,0.535029 
599,2512,222.72,0.517068 
600,2500,220.10,0.509922 
601,2514,223.15,0.553259 
602,2496,219.23,0.502846 
603,2494,218.79,0.567818 
604,2503,220.75,0.575103 
605,2512,222.72,0.542723 
606,2493,218.57,0.510339 
607,2512,222.72,0.578917 
608,2480,215.74,0.510478 
609,2513,222.93,0.625935 
610,2496,219.23,0.507019 
611,2506,221.41,0.568385 
612,2512,222.72,0.532398 
613,2512,222.72,0.510830 
614,2513,222.93,0.510895 
615,2503,220.75,0.507354 
616,2489,217.70,0.543478 
617,2516,223.59,0.594032 
618,2515,223.37,0.496747 
619,2509,222.06,0.500416 
620,2496,219.23,0.522115 
621,2487,217.27,0.569059 
622,2509,222.06,0.601586 
623,2506,221.41,0.522333 
624,2496,219.23,0.533217 
625,2512,222.72,0.569345 
626,2499,219.88,0.511722 
627,2494,218.79,0.558665 
628,2500,220.10,0.576766 
629,2511,222.50,0.555205 
630,2499,219.88,0.515610 
631,2496,219.23,0.558947 
632,2503,220.75,0.569837 
633,2495,219.01,0.544668 
634,2511,222.50,0.573586 
635,2505,221.19,0.515964 
636,2508,221.84,0.537665 
637,2494,218.79,0.526916 
638,2512,222.72,0.577466 
639,2495,219.01,0.512633 
640,2506,221.41,0.573999 
641,2512,222.72,0.534407 
642,2519,224.24,0.512839 
643,2503,220.75,0.487662 
644,2515,223.37,0.545419 
645,2524,225.33,0.502217 
646,2511,222.50,0.469827 
647,2493,218.57,0.516763 
648,2506,221.41,0.581736 
649,2497,219.45,0.534933 
650,2511,222.50,0.567455 
651,2511,222.50,0.517044 
652,2496,219.23,0.517109 
653,2521,224.68,0.571265 
654,2515,223.37,0.481188 
655,2496,219.23,0.502884 
656,2497,219.45,0.571461 
657,2499,219.88,0.567928 
658,2496,219.23,0.560789 
659,2514,223.15,0.571679 
660,2517,223.81,0.506844 
661,2511,222.50,0.496090 
662,2498,219.66,0.517788 
663,2496,219.23,0.564731 
664,2495,219.01,0.572016 
665,2496,219.23,0.575695 
666,2499,219.88,0.572163 
667,2511,222.50,0.561418 
668,2514,223.15,0.518218 
669,2498,219.66,0.507465 
670,2501,220.32,0.565225 
671,2515,223.37,0.554479 
672,2505,221.19,0.504066 
673,2497,219.45,0.540189 
674,2501,220.32,0.569105 
675,2515,223.37,0.554754 
676,2506,221.41,0.504341 
677,2501,220.32,0.536858 
678,2524,225.33,0.554956 
679,2519,224.24,0.472089 
680,2496,219.23,0.490177 
681,2525,225.55,0.573176 
682,2496,219.23,0.468676 
683,2493,218.57,0.573308 
684,2518,224.02,0.584199 
685,2515,223.37,0.494124 
686,2519,224.24,0.505004 
687,2493,218.57,0.490643 
688,2496,219.23,0.584460 
689,2512,222.72,0.573717 
690,2514,223.15,0.516094 
691,2502,220.54,0.508947 
692,2496,219.23,0.552283 
693,2519,224.24,0.573989 
694,2519,224.24,0.491124 
695,2506,221.41,0.491186 
696,2512,222.72,0.538125 
697,2523,225.11,0.516557 
698,2523,225.11,0.476956 
699,2512,222.72,0.477015 
700,2523,225.11,0.516740 
701,2519,224.24,0.477139 
702,2499,219.88,0.491622 
703,2523,225.11,0.563803 
704,2515,223.37,0.477331 
705,2538,228.38,0.506238 
706,2524,225.33,0.423364 
707,2502,220.54,0.473899 
708,2516,223.59,0.553290 
709,2512,222.72,0.502876 
710,2512,222.72,0.517363 
711,2518,224.02,0.517427 
712,2512,222.72,0.495856 
713,2497,219.45,0.517554 
714,2511,222.50,0.571709 
715,2512,222.72,0.521298 
716,2492,218.36,0.517757 
717,2511,222.50,0.589942 
718,2500,220.10,0.521503 
719,2514,223.15,0.561234 
720,2522,224.90,0.510822 
721,2496,219.23,0.482038 
722,2493,218.57,0.575853 
723,2497,219.45,0.586744 
724,2514,223.15,0.572395 
725,2498,219.66,0.511166 
726,2513,222.93,0.568925 
727,2497,219.45,0.514908 
728,2522,224.90,0.572668 
729,2500,220.10,0.482591 
730,2510,222.28,0.561982 
731,2496,219.23,0.525994 
732,2526,225.77,0.576544 
733,2509,222.06,0.468437 
734,2486,217.05,0.529797 
735,2525,225.55,0.612800 
736,2500,220.10,0.472246 
737,2514,223.15,0.562453 
738,2522,224.90,0.512041 
739,2519,224.24,0.483257 
740,2507,221.63,0.494134 
741,2476,214.87,0.537467 
742,2486,217.05,0.649320 
743,2514,223.15,0.613344 
744,2505,221.19,0.512455 
745,2531,226.86,0.544973 
746,2495,219.01,0.451286 
747,2534,227.51,0.581156 
748,2498,219.66,0.440597 
749,2528,226.20,0.570465 
750,2505,221.19,0.462358 
751,2512,222.72,0.545352 
752,2497,219.45,0.520179 
753,2525,225.55,0.574333 
754,2500,220.10,0.473439 
755,2496,219.23,0.563646 
756,2507,221.63,0.578141 
757,2511,222.50,0.538549 
758,2514,223.15,0.524192 
759,2505,221.19,0.513440 
760,2512,222.72,0.545957 
761,2507,221.63,0.520784 
762,2517,223.81,0.538879 
763,2501,220.32,0.502887 
764,2495,219.01,0.560645 
765,2509,222.06,0.582351 
766,2500,220.10,0.531941 
767,2500,220.10,0.564461 
768,2498,219.66,0.564532 
769,2513,222.93,0.571815 
770,2518,224.02,0.517798 
771,2517,223.81,0.499832 
772,2497,219.45,0.503500 
773,2513,222.93,0.575682 
774,2498,219.66,0.518059 
775,2507,221.63,0.572213 
776,2496,219.23,0.539831 
777,2494,218.79,0.579565 
778,2522,224.90,0.586850 
779,2515,223.37,0.485957 
780,2501,220.32,0.511258 
781,2518,224.02,0.561805 
782,2496,219.23,0.500574 
783,2490,217.92,0.579968 
784,2506,221.41,0.601677 
785,2522,224.90,0.544057 
786,2527,225.99,0.486430 
787,2509,222.06,0.468460 
788,2525,225.55,0.533424 
789,2525,225.55,0.475795 
790,2501,220.32,0.475853 
791,2512,222.72,0.562455 
792,2499,219.88,0.522860 
793,2518,224.02,0.569802 
794,2498,219.66,0.501360 
795,2508,221.84,0.573542 
796,2521,224.68,0.537554 
797,2515,223.37,0.490743 
798,2501,220.32,0.512439 
799,2505,221.19,0.562986 
800,2516,223.59,0.548633 
801,2510,222.28,0.509036 
802,2523,225.11,0.530735 
803,2522,224.90,0.483923 
804,2506,221.41,0.487588 
805,2499,219.88,0.545343 
806,2517,223.81,0.570653 
807,2514,223.15,0.505817 
808,2496,219.23,0.516698 
809,2496,219.23,0.581669 
810,2510,222.28,0.581742 
811,2512,222.72,0.531332 
812,2515,223.37,0.524185 
813,2512,222.72,0.513433 
814,2507,221.63,0.524314 
815,2510,222.28,0.542408 
816,2512,222.72,0.531658 
817,2518,224.02,0.524512 
818,2502,220.54,0.502941 
819,2497,219.45,0.560699 
820,2512,222.72,0.578799 
821,2507,221.63,0.524781 
822,2514,223.15,0.542876 
823,2512,222.72,0.517702 
824,2508,221.84,0.524978 
825,2502,220.54,0.539467 
826,2511,222.50,0.561169 
827,2507,221.63,0.528786 
828,2515,223.37,0.543275 
829,2515,223.37,0.514495 
830,2507,221.63,0.514558 
831,2512,222.72,0.543469 
832,2522,224.90,0.525507 
833,2512,222.72,0.489512 
834,2495,219.01,0.525631 
835,2505,221.19,0.586998 
836,2519,224.24,0.551012 
837,2519,224.24,0.500597 
838,2514,223.15,0.500658 
839,2502,220.54,0.518749 
840,2509,222.06,0.562085 
841,2496,219.23,0.536913 
842,2501,220.32,0.583857 
843,2496,219.23,0.565900 
844,2502,220.54,0.584001 
845,2513,222.93,0.562438 
846,2501,220.32,0.522842 
847,2512,222.72,0.566179 
848,2507,221.63,0.526583 
849,2512,222.72,0.544678 
850,2496,219.23,0.526716 
851,2517,223.81,0.584476 
852,2522,224.90,0.508824 
853,2515,223.37,0.490856 
854,2518,224.02,0.516158 
855,2499,219.88,0.505403 
856,2501,220.32,0.573979 
857,2523,225.11,0.566839 
858,2501,220.32,0.487577 
859,2559,232.96,0.566968 
860,2498,219.66,0.357892 
861,2524,225.33,0.577897 
862,2519,224.24,0.484214 
863,2478,215.30,0.502302 
864,2512,222.72,0.650209 
865,2524,225.33,0.527688 
866,2514,223.15,0.484481 
867,2496,219.23,0.520600 
868,2502,220.54,0.585571 
869,2525,225.55,0.564009 
870,2507,221.63,0.481141 
871,2501,220.32,0.546107 
872,2506,221.41,0.567810 
873,2511,222.50,0.549851 
874,2516,223.59,0.531889 
875,2503,220.75,0.513925 
876,2525,225.55,0.560865 
877,2508,221.84,0.481603 
878,2495,219.01,0.542963 
879,2496,219.23,0.589908 
880,2512,222.72,0.586375 
881,2533,227.29,0.528753 
882,2515,223.37,0.453092 
883,2513,222.93,0.518054 
884,2519,224.24,0.525329 
885,2496,219.23,0.503758 
886,2498,219.66,0.586756 
887,2522,224.90,0.579618 
888,2498,219.66,0.493146 
889,2492,218.36,0.579749 
890,2508,221.84,0.601457 
891,2512,222.72,0.543837 
892,2513,222.93,0.529480 
893,2500,220.10,0.525939 
894,2500,220.10,0.572881 
895,2517,223.81,0.572952 
896,2512,222.72,0.511722 
897,2517,223.81,0.529814 
898,2499,219.88,0.511849 
899,2519,224.24,0.576819 
900,2439,206.80,0.504771 
901,2509,222.06,0.793311 
902,2512,222.72,0.540995 
903,2509,222.06,0.530243 
904,2522,224.90,0.541126 
905,2510,222.28,0.494315 
906,2512,222.72,0.537646 
907,2503,220.75,0.530500 
908,2519,224.24,0.563019 
909,2521,224.68,0.505393 
910,2505,221.19,0.498242 
911,2516,223.59,0.555998 
912,2503,220.75,0.516401 
913,2522,224.90,0.563341 
914,2531,226.86,0.494897 
915,2518,224.02,0.462503 
916,2512,222.72,0.509436 
917,2512,222.72,0.531134 
918,2508,221.84,0.531199 
919,2512,222.72,0.545687 
920,2506,221.41,0.531330 
921,2523,225.11,0.553031 
922,2509,222.06,0.491798 
923,2542,229.26,0.542340 
924,2502,220.54,0.423410 
925,2467,212.91,0.567698 
926,2510,222.28,0.693977 
927,2529,226.42,0.539009 
928,2512,222.72,0.470561 
929,2509,222.06,0.531919 
930,2507,221.63,0.542801 
931,2510,222.28,0.550080 
932,2521,224.68,0.539329 
933,2512,222.72,0.499730 
934,2519,224.24,0.532243 
935,2516,223.59,0.507067 
936,2523,225.11,0.517946 
937,2527,225.99,0.492767 
938,2508,221.84,0.478402 
939,2512,222.72,0.546973 
940,2512,222.72,0.532616 
941,2505,221.19,0.532681 
942,2517,223.81,0.557987 
943,2519,224.24,0.514784 
944,2501,220.32,0.507635 
945,2500,220.10,0.572604 
946,2512,222.72,0.576280 
947,2507,221.63,0.533079 
948,2544,229.69,0.551174 
949,2525,225.55,0.417820 
950,2529,226.42,0.486382 
951,2527,225.99,0.472017 
952,2526,225.77,0.479285 
953,2517,223.81,0.482948 
954,2526,225.77,0.515459 
955,2512,222.72,0.483068 
956,2505,221.19,0.533609 
957,2509,222.06,0.558916 
958,2512,222.72,0.544560 
959,2525,225.55,0.533809 
960,2527,225.99,0.486996 
961,2511,222.50,0.479842 
962,2521,224.68,0.537595 
963,2505,221.19,0.501601 
964,2505,221.19,0.559357 
965,2513,222.93,0.559425 
966,2509,222.06,0.530646 
967,2513,222.93,0.545134 
968,2511,222.50,0.530777 
969,2517,223.81,0.538053 
970,2523,225.11,0.516482 
971,2515,223.37,0.494909 
972,2514,223.15,0.523816 
973,2519,224.24,0.527485 
974,2525,225.55,0.509519 
975,2523,225.11,0.487945 
976,2502,220.54,0.495215 
977,2506,221.41,0.571000 
978,2506,221.41,0.556646 
979,2526,225.77,0.556714 
980,2528,226.20,0.484662 
981,2507,221.63,0.477508 
982,2530,226.64,0.553290 
983,2511,222.50,0.470420 
984,2514,223.15,0.538989 
985,2512,222.72,0.528237 
986,2514,223.15,0.535512 
987,2521,224.68,0.528365 
988,2515,223.37,0.503187 
989,2522,224.90,0.524883 
990,2535,227.73,0.499705 
991,2527,225.99,0.452887 
992,2551,231.22,0.481788 
993,2515,223.37,0.395301 
994,2524,225.33,0.525161 
995,2515,223.37,0.492771 
996,2530,226.64,0.525283 
997,2512,222.72,0.471257 
998,2526,225.77,0.536220 
999,2528,226.20,0.485801 
1000,2512,222.72,0.478647 
1001,2512,222.72,0.536399 
1002,2512,222.72,0.536464 
1003,2527,225.99,0.536529 
1004,2512,222.72,0.482504 
1005,2506,221.41,0.536651 
1006,2529,226.42,0.558352 
1007,2506,221.41,0.475482 
1008,2524,225.33,0.558476 
1009,2513,222.93,0.493636 
1010,2515,223.37,0.533360 
1011,2515,223.37,0.526213 
1012,2526,225.77,0.526276 
1013,2511,222.50,0.486674 
1014,2517,223.81,0.540821 
1015,2497,219.45,0.519251 
1016,2526,225.77,0.591433 
1017,2510,222.28,0.486932 
1018,2513,222.93,0.544685 
1019,2507,221.63,0.533933 
1020,2500,220.10,0.555633 
1021,2525,225.55,0.580943 
1022,2530,226.64,0.490864 
1023,2503,220.75,0.472893 
1024,2527,225.99,0.570310 
1025,2506,221.41,0.483836 
1026,2512,222.72,0.559618 
1027,2516,223.59,0.538050 
1028,2517,223.81,0.523692 
1029,2530,226.64,0.520148 
1030,2525,225.55,0.473333 
1031,2517,223.81,0.491418 
1032,2512,222.72,0.520324 
1033,2502,220.54,0.538417 
1034,2506,221.41,0.574541 
1035,2507,221.63,0.560187 
1036,2531,226.86,0.556649 
1037,2503,220.75,0.470173 
1038,2516,223.59,0.571196 
1039,2514,223.15,0.524388 
1040,2514,223.15,0.531663 
1041,2512,222.72,0.531726 
1042,2533,227.29,0.539002 
1043,2527,225.99,0.463341 
1044,2512,222.72,0.485032 
1045,2538,228.38,0.539178 
1046,2559,232.96,0.445488 
1047,2517,223.81,0.369813 
1048,2512,222.72,0.521305 
1049,2507,221.63,0.539397 
1050,2518,224.02,0.557492 
1051,2508,221.84,0.517894 
1052,2510,222.28,0.554016 
1053,2523,225.11,0.546870 
1054,2522,224.90,0.500059 
1055,2527,225.99,0.503724 
1056,2515,223.37,0.485754 
1057,2528,226.20,0.529083 
1058,2512,222.72,0.482268 
1059,2527,225.99,0.540020 
1060,2517,223.81,0.485996 
1061,2498,219.66,0.522112 
1062,2521,224.68,0.590688 
1063,2511,222.50,0.507823 
1064,2505,221.19,0.543943 
1065,2512,222.72,0.565644 
1066,2517,223.81,0.540471 
1067,2510,222.28,0.522506 
1068,2509,222.06,0.547810 
1069,2518,224.02,0.551482 
1070,2522,224.90,0.519095 
1071,2529,226.42,0.504733 
1072,2509,222.06,0.479550 
1073,2516,223.59,0.551726 
1074,2529,226.42,0.526551 
1075,2521,224.68,0.479736 
1076,2513,222.93,0.508640 
1077,2525,225.55,0.537548 
1078,2507,221.63,0.494340 
1079,2531,226.86,0.559306 
1080,2506,221.41,0.472830 
1081,2535,227.73,0.563035 
1082,2523,225.11,0.458529 
1083,2559,232.96,0.501854 
1084,2505,221.19,0.372098 
1085,2521,224.68,0.566861 
1086,2512,222.72,0.509234 
1087,2506,221.41,0.541748 
1088,2512,222.72,0.563449 
1089,2526,225.77,0.541881 
1090,2512,222.72,0.491462 
1091,2536,227.95,0.542004 
1092,2514,223.15,0.455525 
1093,2519,224.24,0.534909 
1094,2503,220.75,0.516943 
1095,2512,222.72,0.574700 
1096,2524,225.33,0.542316 
1097,2519,224.24,0.499109 
1098,2506,221.41,0.517197 
1099,2505,221.19,0.564136 
1100,2500,220.10,0.567810 
1101,2512,222.72,0.585909 
1102,2527,225.99,0.542708 
1103,2506,221.41,0.488683 
1104,2513,222.93,0.564466 
1105,2517,223.81,0.539292 
1106,2514,223.15,0.524933 
1107,2522,224.90,0.535813 
1108,2504,220.97,0.507029 
1109,2528,226.20,0.571996 
1110,2524,225.33,0.485522 
1111,2509,222.06,0.500002 
1112,2518,224.02,0.554151 
1113,2535,227.73,0.521763 
1114,2531,226.86,0.460523 
1115,2531,226.86,0.475000 
1116,2497,219.45,0.475055 
1117,2534,227.51,0.597714 
1118,2537,228.17,0.464365 
1119,2531,226.86,0.453601 
1120,2506,221.41,0.475288 
1121,2534,227.51,0.565493 
1122,2512,222.72,0.464594 
1123,2516,223.59,0.543979 
1124,2512,222.72,0.529620 
1125,2531,226.86,0.544106 
1126,2587,239.07,0.475658 
1127,2525,225.55,0.273778 
1128,2514,223.15,0.497374 
1129,2532,227.08,0.537099 
1130,2506,221.41,0.472255 
1131,2519,224.24,0.566065 
1132,2514,223.15,0.519255 
1133,2530,226.64,0.537346 
1134,2543,229.47,0.479714 
1135,2514,223.15,0.432892 
1136,2512,222.72,0.537514 
1137,2513,222.93,0.544790 
1138,2559,232.96,0.541249 
1139,2526,225.77,0.375438 
1140,2510,222.28,0.494476 
1141,2513,222.93,0.552230 
1142,2513,222.93,0.541477 
1143,2538,228.38,0.541542 
1144,2534,227.51,0.451457 
1145,2534,227.51,0.465932 
1146,2512,222.72,0.465986 
1147,2518,224.02,0.545371 
1148,2526,225.77,0.523800 
1149,2530,226.64,0.495014 
1150,2544,229.69,0.480647 
1151,2534,227.51,0.430219 
1152,2541,229.04,0.466327 
1153,2512,222.72,0.441139 
1154,2544,229.69,0.545762 
1155,2541,229.04,0.430436 
1156,2514,223.15,0.441302 
1157,2541,229.04,0.538713 
1158,2516,223.59,0.441416 
1159,2517,223.81,0.531615 
1160,2517,223.81,0.528072 
1161,2513,222.93,0.528134 
1162,2512,222.72,0.542620 
1163,2512,222.72,0.546291 
1164,2695,262.61,0.546356 
1165,2544,229.69,-0.113473 
1166,2528,226.20,0.430999 
1167,2518,224.02,0.488743 
1168,2545,229.91,0.524859 
1169,2521,224.68,0.427560 
1170,2535,227.73,0.514151 
1171,2544,229.69,0.463728 
1172,2516,223.59,0.431327 
1173,2539,228.60,0.532343 
1174,2525,225.55,0.449468 
1175,2512,222.72,0.500002 
1176,2516,223.59,0.546938 
1177,2501,220.32,0.532579 
1178,2513,222.93,0.586732 
1179,2509,222.06,0.543531 
1180,2539,228.60,0.558019 
1181,2523,225.11,0.449906 
1182,2531,226.86,0.507653 
1183,2512,222.72,0.478864 
1184,2515,223.37,0.547433 
1185,2514,223.15,0.536680 
1186,2512,222.72,0.540349 
1187,2514,223.15,0.547625 
1188,2544,229.69,0.540478 
1189,2510,222.28,0.432362 
1190,2527,225.99,0.555014 
1191,2534,227.51,0.493778 
1192,2524,225.33,0.468593 
1193,2541,229.04,0.504707 
1194,2512,222.72,0.443464 
1195,2535,227.73,0.548087 
1196,2526,225.77,0.465214 
1197,2513,222.93,0.497721 
1198,2521,224.68,0.544656 
1199,2517,223.81,0.515873 
1200,2514,223.15,0.530357 
1201,2531,226.86,0.541237 
1202,2535,227.73,0.479999 
1203,2512,222.72,0.465631 
1204,2524,225.33,0.548621 
1205,2519,224.24,0.505414 
1206,2512,222.72,0.523503 
1207,2522,224.90,0.548806 
1208,2537,228.17,0.512811 
1209,2526,225.77,0.458781 
1210,2542,229.26,0.498499 
1211,2534,227.51,0.440861 
1212,2517,223.81,0.469758 
1213,2519,224.24,0.531113 
1214,2544,229.69,0.523963 
1215,2516,223.59,0.433875 
1216,2543,229.47,0.534891 
1217,2535,227.73,0.437592 
1218,2514,223.15,0.466489 
1219,2527,225.99,0.542268 
1220,2522,224.90,0.495454 
1221,2531,226.86,0.513541 
1222,2525,225.55,0.481146 
1223,2518,224.02,0.502837 
1224,2521,224.68,0.528137 
1225,2539,228.60,0.517381 
1226,2537,228.17,0.452534 
1227,2519,224.24,0.459797 
1228,2531,226.86,0.524756 
1229,2527,225.99,0.481546 
1230,2508,221.84,0.496025 
1231,2529,226.42,0.564596 
1232,2539,228.60,0.488937 
1233,2525,225.55,0.452933 
1234,2534,227.51,0.503468 
1235,2533,227.29,0.471072 
1236,2513,222.93,0.474731 
1237,2514,223.15,0.546905 
1238,2517,223.81,0.543364 
1239,2522,224.90,0.532609 
1240,2538,228.38,0.514642 
1241,2528,226.20,0.457006 
1242,2526,225.77,0.493117 
1243,2518,224.02,0.500386 
1244,2511,222.50,0.529291 
1245,2514,223.15,0.554595 
1246,2515,223.37,0.543842 
1247,2543,229.47,0.540300 
1248,2512,222.72,0.439396 
1249,2530,226.64,0.551230 
1250,2542,229.26,0.486387 
1251,2513,222.93,0.443171 
1252,2515,223.37,0.547794 
1253,2512,222.72,0.540646 
1254,2534,227.51,0.551528 
1255,2528,226.20,0.472261 
1256,2510,222.28,0.493950 
1257,2526,225.77,0.558915 
1258,2527,225.99,0.501285 
1259,2534,227.51,0.497737 
1260,2534,227.51,0.472552 
1261,2513,222.93,0.472605 
1262,2537,228.17,0.548384 
1263,2525,225.55,0.461905 
1264,2511,222.50,0.505229 
1265,2513,222.93,0.555771 
1266,2510,222.28,0.548624 
1267,2522,224.90,0.559507 
1268,2502,220.54,0.516301 
1269,2502,220.54,0.588480 
1270,2532,227.08,0.588550 
1271,2537,228.17,0.480441 
1272,2506,221.41,0.462465 
1273,2517,223.81,0.574303 
1274,2503,220.75,0.534705 
1275,2529,226.42,0.585251 
1276,2503,220.75,0.491565 
1277,2512,222.72,0.585377 
1278,2526,225.77,0.552992 
1279,2512,222.72,0.502573 
1280,2534,227.51,0.553115 
1281,2521,224.68,0.473848 
1282,2500,220.10,0.520779 
1283,2531,226.86,0.596565 
1284,2529,226.42,0.484851 
1285,2512,222.72,0.492118 
1286,2506,221.41,0.553476 
1287,2537,228.17,0.575176 
1288,2512,222.72,0.463459 
1289,2516,223.59,0.553660 
1290,2535,227.73,0.539302 
1291,2530,226.64,0.470851 
1292,2518,224.02,0.488934 
1293,2509,222.06,0.532261 
1294,2515,223.37,0.564777 
1295,2509,222.06,0.543207 
1296,2544,229.69,0.564906 
1297,2510,222.28,0.438763 
1298,2522,224.90,0.561415 
1299,2529,226.42,0.518209 
1300,2499,219.88,0.493027 
1301,2529,226.42,0.601262 
1302,2501,220.32,0.493155 
1303,2510,222.28,0.594178 
1304,2494,218.79,0.561795 
1305,2512,222.72,0.619557 
1306,2535,227.73,0.554723 
1307,2506,221.41,0.471851 
1308,2526,225.77,0.576477 
1309,2530,226.64,0.504425 
1310,2527,225.99,0.490059 
1311,2521,224.68,0.500933 
1312,2532,227.08,0.522626 
1313,2511,222.50,0.483020 
1314,2511,222.50,0.558800 
1315,2531,226.86,0.558866 
1316,2532,227.08,0.486811 
1317,2544,229.69,0.483260 
1318,2531,226.86,0.440043 
1319,2530,226.64,0.486969 
1320,2523,225.11,0.490630 
1321,2542,229.26,0.515928 
1322,2511,222.50,0.447473 
1323,2516,223.59,0.559308 
1324,2538,228.38,0.541344 
1325,2528,226.20,0.462075 
1326,2538,228.38,0.498186 
1327,2532,227.08,0.462183 
1328,2530,226.64,0.483870 
1329,2522,224.90,0.491137 
1330,2526,225.77,0.520040 
1331,2502,220.54,0.505676 
1332,2516,223.59,0.592277 
1333,2503,220.75,0.541863 
1334,2506,221.41,0.588804 
1335,2522,224.90,0.578055 
1336,2528,226.20,0.520428 
1337,2510,222.28,0.498852 
1338,2542,229.26,0.563816 
1339,2503,220.75,0.448490 
1340,2518,224.02,0.589173 
1341,2539,228.60,0.535153 
1342,2512,222.72,0.459489 
1343,2519,224.24,0.556901 
1344,2538,228.38,0.531724 
1345,2533,227.29,0.463272 
1346,2529,226.42,0.481353 
1347,2530,226.64,0.495831 
1348,2533,227.29,0.492281 
1349,2535,227.73,0.481519 
1350,2519,224.24,0.474361 
1351,2542,229.26,0.532110 
1352,2532,227.08,0.449234 
1353,2531,226.86,0.485343 
1354,2536,227.95,0.489003 
1355,2512,222.72,0.471028 
1356,2516,223.59,0.557624 
1357,2535,227.73,0.543265 
1358,2526,225.77,0.474814 
1359,2516,223.59,0.507321 
1360,2512,222.72,0.543439 
1361,2538,228.38,0.557925 
1362,2517,223.81,0.464235 
1363,2516,223.59,0.540012 
1364,2518,224.02,0.543680 
1365,2522,224.90,0.536531 
1366,2519,224.24,0.522169 
1367,2512,222.72,0.533046 
1368,2529,226.42,0.558349 
1369,2539,228.60,0.497113 
1370,2513,222.93,0.461109 
1371,2541,229.04,0.554915 
1372,2535,227.73,0.454012 
1373,2523,225.11,0.475698 
1374,2525,225.55,0.519023 
1375,2531,226.86,0.511870 
1376,2518,224.02,0.490292 
1377,2514,223.15,0.537225 
1378,2541,229.04,0.551711 
1379,2781,281.36,0.454413 
1380,2526,225.77,-0.410972 
1381,2520,224.46,0.508478 
1382,2539,228.60,0.530172 
1383,2512,222.72,0.461719 
1384,2531,226.86,0.559131 
1385,2530,226.64,0.490682 
1386,2538,228.38,0.494343 
1387,2535,227.73,0.465551 
1388,2530,226.64,0.476421 
1389,2527,225.99,0.494503 
1390,2523,225.11,0.505377 
1391,2512,222.72,0.519858 
1392,2510,222.28,0.559583 
1393,2544,229.69,0.566860 
1394,2514,223.15,0.444322 
1395,2528,226.20,0.552550 
1396,2539,228.60,0.502130 
1397,2526,225.77,0.462521 
1398,2514,223.15,0.509450 
1399,2514,223.15,0.552779 
1400,2529,226.42,0.552843 
1401,2540,228.82,0.498817 
1402,2542,229.26,0.459207 
1403,2512,222.72,0.452046 
1404,2523,225.11,0.560274 
1405,2530,226.64,0.520674 
1406,2530,226.64,0.495491 
1407,2543,229.47,0.495547 
1408,2542,229.26,0.448724 
1409,2523,225.11,0.452379 
1410,2544,229.69,0.520942 
1411,2518,224.02,0.445276 
1412,2522,224.90,0.539079 
1413,2527,225.99,0.524717 
1414,2515,223.37,0.506747 
1415,2515,223.37,0.550076 
1416,2526,225.77,0.550139 
1417,2523,225.11,0.510537 
1418,2544,229.69,0.521413 
1419,2514,223.15,0.445746 
1420,2542,229.26,0.553974 
1421,2537,228.17,0.453070 
1422,2534,227.51,0.471149 
1423,2523,225.11,0.482019 
1424,2544,229.69,0.521739 
1425,2544,229.69,0.446072 
1426,2539,228.60,0.446121 
1427,2513,222.93,0.464199 
1428,2514,223.15,0.558005 
1429,2543,229.47,0.554464 
1430,2517,223.81,0.449954 
1431,2519,224.24,0.543758 
1432,2513,222.93,0.536608 
1433,2519,224.24,0.558306 
1434,2522,224.90,0.536734 
1435,2522,224.90,0.525978 
1436,2529,226.42,0.526037 
1437,2522,224.90,0.500855 
1438,2512,222.72,0.526153 
1439,2523,225.11,0.562272 
1440,2523,225.11,0.522672 
1441,2539,228.60,0.522731 
1442,2539,228.60,0.465094 
1443,2519,224.24,0.465145 
1444,2513,222.93,0.537316 
1445,2517,223.81,0.559013 
1446,2535,227.73,0.544653 
1447,2529,226.42,0.479808 
1448,2521,224.68,0.501497 
1449,2515,223.37,0.530401 
1450,2510,222.28,0.552097 
1451,2512,222.72,0.570190 
1452,2528,226.20,0.563044 
1453,2535,227.73,0.505413 
1454,2539,228.60,0.480228 
1455,2518,224.02,0.465857 
1456,2514,223.15,0.541633 
1457,2512,222.72,0.556119 
1458,2534,227.51,0.563395 
1459,2517,223.81,0.484129 
1460,2526,225.77,0.545484 
1461,2527,225.99,0.513092 
1462,2516,223.59,0.509544 
1463,2512,222.72,0.549267 
1464,2507,221.63,0.563753 
1465,2515,223.37,0.581848 
1466,2523,225.11,0.553068 
1467,2519,224.24,0.524283 
1468,2523,225.11,0.538766 
1469,2514,223.15,0.524404 
1470,2541,229.04,0.556917 
1471,2539,228.60,0.459619 
1472,2507,221.63,0.466881 
1473,2530,226.64,0.582323 
1474,2544,229.69,0.499453 
1475,2519,224.24,0.449025 
1476,2517,223.81,0.539223 
1477,2518,224.02,0.546496 
1478,2530,226.64,0.542952 
1479,2519,224.24,0.499742 
1480,2543,229.47,0.539464 
1481,2527,225.99,0.452981 
1482,2519,224.24,0.510726 
1483,2523,225.11,0.539631 
1484,2517,223.81,0.525268 
1485,2542,229.26,0.546963 
1486,2519,224.24,0.456876 
1487,2512,222.72,0.539863 
1488,2517,223.81,0.565166 
1489,2519,224.24,0.547201 
1490,2544,229.69,0.540051 
1491,2542,229.26,0.449963 
1492,2526,225.77,0.457224 
1493,2539,228.60,0.514968 
1494,2539,228.60,0.468148 
1495,2539,228.60,0.468199 
1496,2533,227.29,0.468250 
1497,2533,227.29,0.489937 
1498,2543,229.47,0.489991 
1499,2528,226.20,0.453985 
1500,2544,229.69,0.508124 
1501,2518,224.02,0.450485 
1502,2530,226.64,0.544288 
1503,2529,226.42,0.501078 
1504,2522,224.90,0.504740 
1505,2530,226.64,0.530038 
1506,2513,222.93,0.501250 
1507,2515,223.37,0.562607 
1508,2543,229.47,0.555459 
1509,2518,224.02,0.454555 
1510,2532,227.08,0.544754 
1511,2544,229.69,0.494332 
1512,2537,228.17,0.451114 
1513,2523,225.11,0.476405 
1514,2513,222.93,0.526940 
1515,2514,223.15,0.563059 
1516,2519,224.24,0.559518 
1517,2520,224.46,0.541552 
1518,2522,224.90,0.538007 
1519,2538,228.38,0.530856 
1520,2509,222.06,0.473220 
1521,2525,225.55,0.577845 
1522,2517,223.81,0.520215 
1523,2529,226.42,0.549121 
1524,2542,229.26,0.505912 
1525,2534,227.51,0.459090 
1526,2514,223.15,0.487987 
1527,2519,224.24,0.560161 
1528,2514,223.15,0.542194 
1529,2512,222.72,0.560286 
1530,2522,224.90,0.567561 
1531,2534,227.51,0.531567 
1532,2521,224.68,0.488355 
1533,2517,223.81,0.535286 
1534,2528,226.20,0.549770 
1535,2512,222.72,0.510166 
1536,2522,224.90,0.567918 
1537,2532,227.08,0.531924 
1538,2525,225.55,0.495924 
1539,2543,229.47,0.521220 
1540,2530,226.64,0.456371 
1541,2531,226.86,0.503297 
1542,2559,232.96,0.499747 
1543,2534,227.51,0.398834 
1544,2534,227.51,0.489024 
1545,2544,229.69,0.489078 
1546,2530,226.64,0.453071 
1547,2516,223.59,0.503603 
1548,2517,223.81,0.554143 
1549,2526,225.77,0.550600 
1550,2518,224.02,0.518208 
1551,2530,226.64,0.547113 
1552,2541,229.04,0.503904 
1553,2515,223.37,0.464293 
1554,2512,222.72,0.558099 
1555,2526,225.77,0.568980 
1556,2512,222.72,0.518561 
1557,2515,223.37,0.569102 
1558,2534,227.51,0.558349 
1559,2520,224.46,0.489899 
1560,2531,226.86,0.540436 
1561,2516,223.59,0.500831 
1562,2545,229.91,0.554976 
1563,2541,229.04,0.450465 
1564,2528,226.20,0.464937 
1565,2540,228.82,0.511865 
1566,2512,222.72,0.468649 
1567,2519,224.24,0.569667 
1568,2542,229.26,0.544490 
1569,2530,226.64,0.461614 
1570,2537,228.17,0.504935 
1571,2514,223.15,0.479749 
1572,2513,222.93,0.562739 
1573,2540,228.82,0.566408 
1574,2548,230.56,0.469111 
1575,2514,223.15,0.440314 
1576,2539,228.60,0.562963 
1577,2528,226.20,0.472878 
1578,2531,226.86,0.512594 
1579,2515,223.37,0.501833 
1580,2512,222.72,0.559584 
1581,2529,226.42,0.570465 
1582,2537,228.17,0.509228 
1583,2511,222.50,0.480436 
1584,2534,227.51,0.574244 
1585,2513,222.93,0.491372 
1586,2513,222.93,0.567151 
1587,2518,224.02,0.567215 
1588,2519,224.24,0.549250 
1589,2522,224.90,0.545705 
1590,2510,222.28,0.534949 
1591,2503,220.75,0.578280 
1592,2525,225.55,0.603588 
1593,2501,220.32,0.524326 
1594,2538,228.38,0.610928 
1595,2535,227.73,0.477577 
1596,2512,222.72,0.488446 
1597,2535,227.73,0.571437 
1598,2518,224.02,0.488564 
1599,2539,228.60,0.549919 
1600,2514,223.15,0.474255 
1601,2518,224.02,0.564456 
1602,2517,223.81,0.550095 
1603,2532,227.08,0.553763 
1604,2517,223.81,0.499736 
1605,2512,222.72,0.553880 
1606,2545,229.91,0.571972 
1607,2518,224.02,0.453040 
1608,2515,223.37,0.550449 
1609,2534,227.51,0.561329 
1610,2518,224.02,0.492879 
1611,2541,229.04,0.550628 
1612,2543,229.47,0.467752 
1613,2530,226.64,0.460590 
1614,2528,226.20,0.507516 
1615,2512,222.72,0.514784 
1616,2544,229.69,0.572536 
1617,2526,225.77,0.457210 
1618,2534,227.51,0.522165 
1619,2527,225.99,0.493375 
1620,2518,224.02,0.518671 
1621,2527,225.99,0.551182 
1622,2541,229.04,0.518790 
1623,2529,226.42,0.468363 
1624,2531,226.86,0.511685 
1625,2543,229.47,0.504529 
1626,2517,223.81,0.461312 
1627,2525,225.55,0.555116 
1628,2543,229.47,0.526331 
1629,2525,225.55,0.461481 
1630,2516,223.59,0.526438 
1631,2516,223.59,0.558950 
1632,2530,226.64,0.559013 
1633,2535,227.73,0.508592 
1634,2527,225.99,0.490617 
1635,2542,229.26,0.519518 
1636,2543,229.47,0.465486 
1637,2517,223.81,0.461929 
1638,2516,223.59,0.555733 
1639,2525,225.55,0.559402 
1640,2529,226.42,0.527010 
1641,2540,228.82,0.512645 
1642,2542,229.26,0.473035 
1643,2526,225.77,0.465873 
1644,2528,226.20,0.523618 
1645,2540,228.82,0.516464 
1646,2518,224.02,0.473249 
1647,2539,228.60,0.552631 
1648,2537,228.17,0.476967 
1649,2512,222.72,0.484230 
1650,2516,223.59,0.574431 
1651,2544,229.69,0.560072 
1652,2522,224.90,0.459168 
1653,2522,224.90,0.538548 
1654,2541,229.04,0.538607 
1655,2524,225.33,0.470153 
1656,2515,223.37,0.531505 
1657,2533,227.29,0.564017 
1658,2544,229.69,0.499173 
1659,2538,228.38,0.459561 
1660,2529,226.42,0.481245 
1661,2513,222.93,0.513751 
1662,2534,227.51,0.571502 
1663,2531,226.86,0.495841 
1664,2527,225.99,0.506713 
1665,2535,227.73,0.521192 
1666,2517,223.81,0.492401 
1667,2530,226.64,0.557362 
1668,2540,228.82,0.510546 
1669,2530,226.64,0.474542 
1670,2533,227.29,0.510652 
1671,2540,228.82,0.499890 
1672,2527,225.99,0.474702 
1673,2522,224.90,0.521630 
1674,2544,229.69,0.539717 
1675,2556,232.31,0.460445 
1676,2537,228.17,0.417222 
1677,2517,223.81,0.485777 
1678,2528,226.20,0.557949 
1679,2537,228.17,0.518345 
1680,2546,230.13,0.485948 
1681,2542,229.26,0.453546 
1682,2538,228.38,0.468018 
1683,2536,227.95,0.482491 
1684,2533,227.29,0.489754 
1685,2547,230.35,0.500624 
1686,2522,224.90,0.450195 
1687,2525,225.55,0.540391 
1688,2524,225.33,0.529633 
1689,2521,224.68,0.533297 
1690,2523,225.11,0.544174 
1691,2519,224.24,0.537022 
1692,2546,230.13,0.551505 
1693,2546,230.13,0.454205 
1694,2546,230.13,0.454252 
1695,2522,224.90,0.454299 
1696,2520,224.46,0.540890 
1697,2533,227.29,0.548162 
1698,2542,229.26,0.501345 
1699,2533,227.29,0.468945 
1700,2539,228.60,0.501448 
1701,2541,229.04,0.479866 
1702,2516,223.59,0.472705 
1703,2531,226.86,0.562904 
1704,2529,226.42,0.508878 
1705,2547,230.35,0.516145 
1706,2533,227.29,0.451293 
1707,2522,224.90,0.501823 
1708,2542,229.26,0.541543 
1709,2512,222.72,0.469483 
1710,2539,228.60,0.577712 
1711,2518,224.02,0.480415 
1712,2520,224.46,0.556192 
1713,2529,226.42,0.549042 
1714,2523,225.11,0.516649 
1715,2528,226.20,0.538341 
1716,2501,220.32,0.520370 
1717,2549,230.78,0.617788 
1718,2531,226.86,0.444772 
1719,2529,226.42,0.509725 
1720,2549,230.78,0.516992 
1721,2534,227.51,0.444929 
1722,2535,227.73,0.499064 
1723,2548,230.56,0.495511 
1724,2543,229.47,0.448687 
1725,2543,229.47,0.466763 
1726,2544,229.69,0.466812 
1727,2531,226.86,0.463254 
1728,2529,226.42,0.510180 
1729,2526,225.77,0.517447 
1730,2559,232.96,0.528321 
1731,2547,230.35,0.409382 
1732,2540,228.82,0.452694 
1733,2517,223.81,0.477983 
1734,2534,227.51,0.560971 
1735,2518,224.02,0.499731 
1736,2521,224.68,0.557480 
1737,2521,224.68,0.546724 
1738,2512,222.72,0.546785 
1739,2543,229.47,0.579298 
1740,2538,228.38,0.467578 
1741,2537,228.17,0.485657 
1742,2517,223.81,0.489314 
1743,2545,229.91,0.561486 
1744,2527,225.99,0.460580 
1745,2523,225.11,0.525536 
1746,2522,224.90,0.540017 
1747,2535,227.73,0.543682 
1748,2545,229.91,0.496864 
1749,2527,225.99,0.460857 
1750,2519,224.24,0.525813 
1751,2559,232.96,0.554718 
1752,2525,225.55,0.410540 
1753,2531,226.86,0.533184 
1754,2543,229.47,0.511606 
1755,2527,225.99,0.468389 
1756,2522,224.90,0.526134 
1757,2527,225.99,0.544221 
1758,2544,229.69,0.526251 
1759,2526,225.77,0.465006 
1760,2529,226.42,0.529962 
1761,2535,227.73,0.519202 
1762,2522,224.90,0.497622 
1763,2546,230.13,0.544553 
1764,2530,226.64,0.458069 
1765,2528,226.20,0.515812 
1766,2544,229.69,0.523079 
1767,2547,230.35,0.465440 
1768,2555,232.09,0.454671 
1769,2544,229.69,0.425869 
1770,2544,229.69,0.465578 
1771,2541,229.04,0.465626 
1772,2539,228.60,0.476492 
1773,2534,227.51,0.483754 
1774,2544,229.69,0.501835 
1775,2534,227.51,0.465828 
1776,2512,222.72,0.501937 
1777,2524,225.33,0.581322 
1778,2546,230.13,0.538115 
1779,2527,225.99,0.458842 
1780,2515,223.37,0.527403 
1781,2523,225.11,0.570732 
1782,2522,224.90,0.541947 
1783,2541,229.04,0.545612 
1784,2543,229.47,0.477159 
1785,2517,223.81,0.469996 
1786,2543,229.47,0.563801 
1787,2533,227.29,0.470107 
1788,2509,222.06,0.506216 
1789,2544,229.69,0.592814 
1790,2533,227.29,0.466671 
1791,2544,229.69,0.506385 
1792,2522,224.90,0.466773 
1793,2522,224.90,0.546153 
1794,2527,225.99,0.546213 
1795,2541,229.04,0.528243 
1796,2532,227.08,0.477816 
1797,2553,231.65,0.510319 
1798,2519,224.24,0.434648 
1799,2531,226.86,0.557295 
1800,2531,226.86,0.514085 
1801,2529,226.42,0.514140 
1802,2543,229.47,0.521407 
1803,2535,227.73,0.470979 
1804,2549,230.78,0.499876 
1805,2527,225.99,0.449445 
1806,2549,230.78,0.528823 
1807,2514,223.15,0.449548 
1808,2523,225.11,0.575803 
1809,2531,226.86,0.543413 
1810,2539,228.60,0.514624 
1811,2511,222.50,0.485832 
1812,2529,226.42,0.586850 
1813,2514,223.15,0.522008 
1814,2541,229.04,0.576154 
1815,2533,227.29,0.478856 
1816,2529,226.42,0.507753 
1817,2519,224.24,0.522232 
1818,2546,230.13,0.558347 
1819,2539,228.60,0.461047 
1820,2523,225.11,0.486336 
1821,2544,229.69,0.544083 
1822,2526,225.77,0.468417 
1823,2534,227.51,0.533372 
1824,2519,224.24,0.504582 
1825,2546,230.13,0.558725 
1826,2519,224.24,0.461425 
1827,2512,222.72,0.558834 
1828,2541,229.04,0.584137 
1829,2543,229.47,0.479629 
1830,2544,229.69,0.472466 
1831,2531,226.86,0.468909 
1832,2514,223.15,0.515835 
1833,2521,224.68,0.577192 
1834,2545,229.91,0.552014 
1835,2524,225.33,0.465531 
1836,2515,223.37,0.541304 
1837,2523,225.11,0.573817 
1838,2529,226.42,0.545032 
1839,2528,226.20,0.523455 
1840,2527,225.99,0.527118 
1841,2544,229.69,0.530780 
1842,2549,230.78,0.469535 
1843,2546,230.13,0.451554 
1844,2524,225.33,0.462417 
1845,2518,224.02,0.541796 
1846,2541,229.04,0.563491 
1847,2546,230.13,0.480615 
1848,2519,224.24,0.462635 
1849,2517,223.81,0.560044 
1850,2524,225.33,0.567317 
1851,2519,224.24,0.542138 
1852,2546,230.13,0.560226 
1853,2518,224.02,0.462926 
1854,2522,224.90,0.563941 
1855,2546,230.13,0.549579 
1856,2520,224.46,0.463095 
1857,2514,223.15,0.556897 
1858,2525,225.55,0.578594 
1859,2538,228.38,0.538992 
1860,2544,229.69,0.492172 
1861,2516,223.59,0.470588 
1862,2530,226.64,0.571604 
1863,2544,229.69,0.521183 
1864,2527,225.99,0.470755 
1865,2519,224.24,0.532105 
1866,2534,227.51,0.561010 
1867,2522,224.90,0.506981 
1868,2542,229.26,0.550306 
1869,2527,225.99,0.478247 
1870,2544,229.69,0.532386 
1871,2539,228.60,0.471141 
1872,2543,229.47,0.489219 
1873,2519,224.24,0.474846 
1874,2544,229.69,0.561439 
1875,2544,229.69,0.471350 
1876,2544,229.69,0.471399 
1877,2544,229.69,0.471447 
1878,2543,229.47,0.471495 
1879,2516,223.59,0.475150 
1880,2534,227.51,0.572560 
1881,2519,224.24,0.507715 
1882,2541,229.04,0.561858 
1883,2543,229.47,0.482588 
1884,2548,230.56,0.475426 
1885,2542,229.26,0.457445 
1886,2527,225.99,0.479127 
1887,2548,230.56,0.533266 
1888,2547,230.35,0.457597 
1889,2547,230.35,0.461250 
1890,2518,224.02,0.461296 
1891,2542,229.26,0.565916 
1892,2524,225.33,0.479435 
1893,2525,225.55,0.544392 
1894,2543,229.47,0.540844 
1895,2519,224.24,0.475995 
1896,2544,229.69,0.562587 
1897,2526,225.77,0.472499 
1898,2534,227.51,0.537455 
1899,2556,232.31,0.508665 
1900,2544,229.69,0.429387 
1901,2551,231.22,0.472701 
1902,2548,230.56,0.447507 
1903,2543,229.47,0.458370 
1904,2538,228.38,0.476446 
1905,2534,227.51,0.494524 
1906,2530,226.64,0.509000 
1907,2544,229.69,0.523477 
1908,2544,229.69,0.473049 
1909,2544,229.69,0.473097 
1910,2529,226.42,0.473146 
1911,2539,228.60,0.527284 
1912,2528,226.20,0.491280 
1913,2550,231.00,0.530997 
1914,2537,228.17,0.451722 
1915,2548,230.56,0.498645 
1916,2527,225.99,0.459031 
1917,2542,229.26,0.534803 
1918,2525,225.55,0.480770 
1919,2549,230.78,0.542121 
1920,2546,230.13,0.455636 
1921,2542,229.26,0.466499 
1922,2539,228.60,0.480970 
1923,2530,226.64,0.491838 
1924,2615,245.17,0.524342 
1925,2527,225.99,0.217890 
1926,2526,225.77,0.535228 
1927,2544,229.69,0.538890 
1928,2528,226.20,0.474040 
1929,2544,229.69,0.531785 
1930,2519,224.24,0.474145 
1931,2549,230.78,0.564343 
1932,2537,228.17,0.456225 
1933,2530,226.64,0.499543 
1934,2459,211.16,0.524836 
1935,2525,225.55,0.780916 
1936,2539,228.60,0.543014 
1937,2522,224.90,0.492588 
1938,2543,229.47,0.553941 
1939,2531,226.86,0.478275 
1940,2550,231.00,0.521596 
1941,2531,226.86,0.453137 
1942,2547,230.35,0.521696 
1943,2539,228.60,0.464056 
1944,2535,227.73,0.492950 
1945,2530,226.64,0.507425 
1946,2544,229.69,0.525508 
1947,2523,225.11,0.475080 
1948,2547,230.35,0.550853 
1949,2526,225.77,0.464369 
1950,2550,231.00,0.540141 
1951,2542,229.26,0.453656 
1952,2529,226.42,0.482549 
1953,2525,225.55,0.529476 
1954,2527,225.99,0.543956 
1955,2538,228.38,0.536802 
1956,2547,230.35,0.497193 
1957,2530,226.64,0.464791 
1958,2546,230.13,0.526139 
1959,2531,226.86,0.468499 
1960,2544,229.69,0.522636 
1961,2549,230.78,0.475813 
1962,2542,229.26,0.457832 
1963,2544,229.69,0.483119 
1964,2525,225.55,0.475957 
1965,2538,228.38,0.544519 
1966,2518,224.02,0.497699 
1967,2523,225.11,0.569870 
1968,2532,227.08,0.551902 
1969,2547,230.35,0.519507 
1970,2528,226.20,0.465472 
1971,2527,225.99,0.534033 
1972,2522,224.90,0.537695 
1973,2521,224.68,0.555782 
1974,2537,228.17,0.559448 
1975,2530,226.64,0.501812 
1976,2525,225.55,0.527106 
1977,2522,224.90,0.545191 
1978,2543,229.47,0.556068 
1979,2522,224.90,0.480402 
1980,2518,224.02,0.556176 
1981,2525,225.55,0.570660 
1982,2543,229.47,0.545480 
1983,2523,225.11,0.480630 
1984,2538,228.38,0.552799 
1985,2526,225.77,0.498768 
1986,2544,229.69,0.542091 
1987,2544,229.69,0.477241 
1988,2546,230.13,0.477290 
1989,2523,225.11,0.470126 
1990,2557,232.53,0.553111 
1991,2544,229.69,0.430567 
1992,2548,230.56,0.477486 
1993,2533,227.29,0.463110 
1994,2342,185.66,0.517246 
1995,2553,231.65,1.206042 
1996,2529,226.42,0.445334 
1997,2533,227.29,0.531921 
1998,2555,232.09,0.517553 
1999,2538,228.38,0.438276 
2000,2523,225.11,0.499620 
2001,2529,226.42,0.553761 
2002,2537,228.17,0.532184 
2003,2547,230.35,0.503392 
2004,2557,232.53,0.467385 
2005,2551,231.22,0.431371 
2006,2547,230.35,0.453049 
2007,2544,229.69,0.467518 
2008,2551,231.22,0.478382 
2009,2558,232.74,0.453189 
2010,2527,225.99,0.427991 
2011,2539,228.60,0.539818 
2012,2551,231.22,0.496603 
2013,2551,231.22,0.453382 
2014,2559,232.96,0.453427 
2015,2540,228.82,0.424624 
2016,2534,227.51,0.493178 
2017,2545,229.91,0.514864 
2018,2544,229.69,0.475252 
2019,2550,231.00,0.478906 
2020,2528,226.20,0.457318 
2021,2535,227.73,0.536695 
2022,2528,226.20,0.511510 
2023,2528,226.20,0.536804 
2024,2525,225.55,0.536861 
2025,2545,229.91,0.547736 
2026,2545,229.91,0.475674 
2027,2548,230.56,0.475722 
2028,2546,230.13,0.464952 
2029,2519,224.24,0.472210 
2030,2525,225.55,0.569619 
2031,2546,230.13,0.548044 
2032,2532,227.08,0.472377 
2033,2538,228.38,0.522908 
2034,2544,229.69,0.501326 
2035,2530,226.64,0.479742 
2036,2544,229.69,0.530274 
2037,2527,225.99,0.479846 
2038,2514,223.15,0.541196 
2039,2545,229.91,0.588131 
2040,2527,225.99,0.476409 
2041,2542,229.26,0.541364 
2042,2544,229.69,0.487332 
2043,2529,226.42,0.480169 
2044,2549,230.78,0.534307 
2045,2528,226.20,0.462244 
2046,2544,229.69,0.538015 
2047,2543,229.47,0.480376 
2048,2544,229.69,0.484030 
2049,2550,231.00,0.480473 
2050,2543,229.47,0.458885 
2051,2538,228.38,0.484172 
2052,2527,225.99,0.502251 
2053,2546,230.13,0.541968 
2054,2536,227.95,0.473512 
2055,2543,229.47,0.509619 
2056,2523,225.11,0.484430 
2057,2547,230.35,0.556598 
2058,2544,229.69,0.470114 
2059,2540,228.82,0.480978 
2060,2534,227.51,0.495450 
2061,2545,229.91,0.517137 
2062,2554,231.87,0.477524 
2063,2525,225.55,0.445119 
2064,2539,228.60,0.549735 
2065,2534,227.51,0.499309 
2066,2548,230.56,0.517390 
2067,2547,230.35,0.466960 
2068,2524,225.33,0.470612 
2069,2525,225.55,0.553596 
2070,2548,230.56,0.550049 
2071,2532,227.08,0.467170 
2072,2543,229.47,0.524912 
2073,2537,228.17,0.485300 
2074,2522,224.90,0.506985 
2075,2525,225.55,0.561127 
2076,2528,226.20,0.550368 
2077,2535,227.73,0.539609 
2078,2540,228.82,0.514423 
2079,2545,229.91,0.496446 
2080,2528,226.20,0.478467 
2081,2526,225.77,0.539816 
2082,2526,225.77,0.547085 
2083,2548,230.56,0.547143 
2084,2555,232.09,0.467869 
2085,2538,228.38,0.442673 
2086,2527,225.99,0.504017 
2087,2544,229.69,0.543735 
2088,2525,225.55,0.482490 
2089,2534,227.51,0.551052 
2090,2529,226.42,0.518656 
2091,2533,227.29,0.536740 
2092,2535,227.73,0.522372 
2093,2547,230.35,0.515214 
2094,2527,225.99,0.471995 
2095,2538,228.38,0.544161 
2096,2512,222.72,0.504553 
2097,2541,229.04,0.598360 
2098,2541,229.04,0.493851 
2099,2619,246.04,0.493901 
2100,2541,229.04,0.212684 
2101,2531,226.86,0.493960 
2102,2539,228.60,0.530070 
2103,2531,226.86,0.501277 
2104,2549,230.78,0.530176 
2105,2545,229.91,0.465323 
2106,2530,226.64,0.479793 
2107,2552,231.44,0.533930 
2108,2542,229.26,0.454654 
2109,2525,225.55,0.490758 
2110,2553,231.65,0.552109 
2111,2537,228.17,0.451200 
2112,2527,225.99,0.508939 
2113,2525,225.55,0.545051 
2114,2532,227.08,0.552320 
2115,2527,225.99,0.527136 
2116,2523,225.11,0.545221 
2117,2559,232.96,0.559702 
2118,2543,229.47,0.429946 
2119,2547,230.35,0.487682 
2120,2523,225.11,0.473307 
2121,2537,228.17,0.559897 
2122,2541,229.04,0.509473 
2123,2527,225.99,0.495101 
2124,2544,229.69,0.545634 
2125,2530,226.64,0.484390 
2126,2533,227.29,0.534922 
2127,2546,230.13,0.524159 
2128,2509,222.06,0.477335 
2129,2552,231.44,0.610804 
2130,2543,229.47,0.455813 
2131,2519,224.24,0.488311 
2132,2544,229.69,0.574904 
2133,2550,231.00,0.484815 
2134,2549,230.78,0.463228 
2135,2533,227.29,0.466879 
2136,2542,229.26,0.524620 
2137,2528,226.20,0.492221 
2138,2545,229.91,0.542754 
2139,2551,231.22,0.481509 
2140,2553,231.65,0.459920 
2141,2553,231.65,0.452753 
2142,2544,229.69,0.452797 
2143,2544,229.69,0.485294 
2144,2544,229.69,0.485343 
2145,2529,226.42,0.485391 
2146,2547,230.35,0.539529 
2147,2532,227.08,0.474678 
2148,2535,227.73,0.528814 
2149,2525,225.55,0.518050 
2150,2519,224.24,0.554163 
2151,2540,228.82,0.575857 
2152,2522,224.90,0.500193 
2153,2544,229.69,0.565151 
2154,2523,225.11,0.485879 
2155,2538,228.38,0.561653 
2156,2493,218.57,0.507622 
2157,2533,227.29,0.669943 
2158,2530,226.64,0.525778 
2159,2526,225.77,0.536650 
2160,2550,231.00,0.551130 
2161,2534,227.51,0.464644 
2162,2556,232.31,0.522385 
2163,2526,225.77,0.443107 
2164,2544,229.69,0.551328 
2165,2523,225.11,0.486478 
2166,2522,224.90,0.562252 
2167,2529,226.42,0.565917 
2168,2530,226.64,0.540735 
2169,2537,228.17,0.537185 
2170,2535,227.73,0.511999 
2171,2542,229.26,0.519263 
2172,2529,226.42,0.494074 
2173,2541,229.04,0.541001 
2174,2542,229.26,0.497786 
2175,2527,225.99,0.494229 
2176,2531,226.86,0.548368 
2177,2546,230.13,0.534001 
2178,2532,227.08,0.479967 
2179,2537,228.17,0.530498 
2180,2558,232.74,0.512522 
2181,2550,231.00,0.436849 
2182,2528,226.20,0.465738 
2183,2541,229.04,0.545115 
2184,2544,229.69,0.498293 
2185,2553,231.65,0.487525 
2186,2546,230.13,0.455120 
2187,2544,229.69,0.480405 
2188,2557,232.53,0.487664 
2189,2530,226.64,0.440835 
2190,2542,229.26,0.538238 
2191,2555,232.09,0.495022 
2192,2553,231.65,0.448193 
2193,2542,229.26,0.455448 
2194,2543,229.47,0.495157 
2195,2559,232.96,0.491601 
2196,2544,229.69,0.433954 
2197,2529,226.42,0.488084 
2198,2531,226.86,0.542222 
2199,2520,224.46,0.535066 
2200,2534,227.51,0.574787 
2201,2531,226.86,0.524364 
2202,2542,229.26,0.535235 
2203,2554,231.87,0.495625 
2204,2524,225.33,0.452402 
2205,2528,226.20,0.560625 
2206,2534,227.51,0.546260 
2207,2529,226.42,0.524680 
2208,2544,229.69,0.542764 
2209,2549,230.78,0.488730 
2210,2550,231.00,0.470749 
2211,2526,225.77,0.467188 
2212,2546,230.13,0.553777 
2213,2527,225.99,0.481715 
2214,2543,229.47,0.550276 
2215,2553,231.65,0.492637 
2216,2530,226.64,0.456626 
2217,2559,232.96,0.539607 
2218,2555,232.09,0.435090 
2219,2556,232.31,0.449554 
2220,2555,232.09,0.445991 
2221,2531,226.86,0.449639 
2222,2539,228.60,0.536225 
2223,2533,227.29,0.507432 
2224,2538,228.38,0.529119 
2225,2541,229.04,0.511143 
2226,2538,228.38,0.500377 
2227,2542,229.26,0.511244 
2228,2539,228.60,0.496872 
2229,2557,232.53,0.507739 
2230,2539,228.60,0.442882 
2231,2537,228.17,0.507831 
2232,2534,227.51,0.515094 
2233,2543,229.47,0.525964 
2234,2539,228.60,0.493564 
2235,2535,227.73,0.508036 
2236,2559,232.96,0.522511 
2237,2553,231.65,0.436021 
2238,2539,228.60,0.457697 
2239,2538,228.38,0.508224 
2240,2544,229.69,0.511881 
2241,2534,227.51,0.490297 
2242,2544,229.69,0.526405 
2243,2554,231.87,0.490399 
2244,2549,230.78,0.454387 
2245,2534,227.51,0.472460 
2246,2534,227.51,0.526596 
2247,2555,232.09,0.526649 
2248,2544,229.69,0.450977 
2249,2547,230.35,0.490685 
2250,2558,232.74,0.479916 
2251,2530,226.64,0.440297 
2252,2542,229.26,0.541305 
2253,2558,232.74,0.498089 
2254,2535,227.73,0.440443 
2255,2555,232.09,0.523421 
2256,2532,227.08,0.451355 
2257,2530,226.64,0.534335 
2258,2548,230.56,0.541601 
2259,2549,230.78,0.476749 
2260,2551,231.22,0.473190 
2261,2545,229.91,0.466023 
2262,2529,226.42,0.487704 
2263,2545,229.91,0.545447 
2264,2543,229.47,0.487808 
2265,2534,227.51,0.495067 
2266,2551,231.22,0.527570 
2267,2531,226.86,0.466322 
2268,2535,227.73,0.538486 
2269,2554,231.87,0.524117 
2270,2530,226.64,0.455657 
2271,2547,230.35,0.542243 
2272,2559,232.96,0.480997 
2273,2527,225.99,0.437772 
2274,2535,227.73,0.553204 
2275,2547,230.35,0.524413 
2276,2550,231.00,0.481195 
2277,2539,228.60,0.470423 
2278,2528,226.20,0.510134 
2279,2534,227.51,0.549851 
2280,2549,230.78,0.528272 
2281,2556,232.31,0.474236 
2282,2544,229.69,0.449039 
2283,2550,231.00,0.492353 
2284,2554,231.87,0.470766 
2285,2539,228.60,0.456387 
2286,2558,232.74,0.510520 
2287,2559,232.96,0.442057 
2288,2541,229.04,0.438492 
2289,2554,231.87,0.503440 
2290,2551,231.22,0.456612 
2291,2551,231.22,0.467473 
2292,2544,229.69,0.467518 
2293,2552,231.44,0.492805 
2294,2544,229.69,0.464005 
2295,2550,231.00,0.492897 
2296,2529,226.42,0.471309 
2297,2527,225.99,0.547080 
2298,2553,231.65,0.554348 
2299,2554,231.87,0.460650 
2300,2544,229.69,0.457088 
2301,2530,226.64,0.493190 
2302,2526,225.77,0.543722 
2303,2525,225.55,0.558202 
2304,2545,229.91,0.561866 
2305,2522,224.90,0.489804 
2306,2544,229.69,0.572789 
2307,2525,225.55,0.493518 
2308,2544,229.69,0.562079 
2309,2538,228.38,0.493624 
2310,2554,231.87,0.515308 
2311,2525,225.55,0.457664 
2312,2529,226.42,0.562280 
2313,2526,225.77,0.547915 
2314,2546,230.13,0.558789 
2315,2527,225.99,0.486727 
2316,2559,232.96,0.555288 
2317,2535,227.73,0.439953 
2318,2547,230.35,0.526538 
2319,2525,225.55,0.483319 
2320,2544,229.69,0.562697 
2321,2527,225.99,0.494241 
2322,2525,225.55,0.555592 
2323,2542,229.26,0.562860 
2324,2545,229.91,0.501617 
2325,2530,226.64,0.490848 
2326,2544,229.69,0.544986 
2327,2548,230.56,0.494558 
2328,2557,232.53,0.480182 
2329,2547,230.35,0.447775 
2330,2544,229.69,0.483876 
2331,2554,231.87,0.494741 
2332,2532,227.08,0.458729 
2333,2542,229.26,0.538104 
2334,2558,232.74,0.502099 
2335,2557,232.53,0.444452 
2336,2544,229.69,0.448099 
2337,2550,231.00,0.495018 
2338,2555,232.09,0.473431 
2339,2556,232.31,0.455446 
2340,2526,225.77,0.451883 
2341,2524,225.33,0.560104 
2342,2545,229.91,0.567374 
2343,2544,229.69,0.491707 
2344,2534,227.51,0.495361 
2345,2528,226.20,0.531469 
2346,2559,232.96,0.553158 
2347,2544,229.69,0.441429 
2348,2542,229.26,0.495560 
2349,2556,232.31,0.502820 
2350,2558,232.74,0.452386 
2351,2553,231.65,0.445216 
2352,2546,230.13,0.463286 
2353,2530,226.64,0.488572 
2354,2544,229.69,0.546315 
2355,2559,232.96,0.495887 
2356,2557,232.53,0.441845 
2357,2541,229.04,0.449098 
2358,2529,226.42,0.506835 
2359,2534,227.51,0.550157 
2360,2544,229.69,0.532183 
2361,2540,228.82,0.496177 
2362,2524,225.33,0.510649 
2363,2531,226.86,0.568395 
2364,2537,228.17,0.543212 
2365,2538,228.38,0.521631 
2366,2539,228.60,0.518077 
2367,2555,232.09,0.514522 
2368,2544,229.69,0.456878 
2369,2535,227.73,0.496586 
2370,2544,229.69,0.529088 
2371,2553,231.65,0.496687 
2372,2550,231.00,0.464282 
2373,2538,228.38,0.475143 
2374,2558,232.74,0.518460 
2375,2551,231.22,0.446392 
2376,2528,226.20,0.471675 
2377,2541,229.04,0.554657 
2378,2542,229.26,0.507836 
2379,2559,232.96,0.504280 
2380,2537,228.17,0.443027 
2381,2559,232.96,0.522400 
2382,2559,232.96,0.443120 
2383,2538,228.38,0.443160 
2384,2559,232.96,0.518927 
2385,2559,232.96,0.443252 
2386,2538,228.38,0.443293 
2387,2541,229.04,0.519059 
2388,2555,232.09,0.508293 
2389,2539,228.60,0.457859 
2390,2544,229.69,0.515597 
2391,2546,230.13,0.497618 
2392,2543,229.47,0.490454 
2393,2533,227.29,0.501320 
2394,2558,232.74,0.537428 
2395,2543,229.47,0.447333 
2396,2559,232.96,0.501463 
2397,2559,232.96,0.443816 
2398,2559,232.96,0.443857 
2399,2544,229.69,0.443897 
2400,2535,227.73,0.498028 
2401,2544,229.69,0.530530 
2402,2549,230.78,0.498129 
2403,2544,229.69,0.480147 
2404,2534,227.51,0.498223 
2405,2539,228.60,0.534331 
2406,2541,229.04,0.516355 
2407,2538,228.38,0.509194 
2408,2551,231.22,0.520061 
2409,2536,227.95,0.473235 
2410,2532,227.08,0.527370 
2411,2544,229.69,0.541846 
2412,2534,227.51,0.498629 
2413,2559,232.96,0.534737 
2414,2553,231.65,0.444641 
2415,2557,232.53,0.466317 
2416,2533,227.29,0.451937 
2417,2503,220.75,0.538522 
2418,2531,226.86,0.646755 
2419,2559,232.96,0.545857 
2420,2555,232.09,0.444945 
2421,2525,225.55,0.459410 
2422,2535,227.73,0.567631 
2423,2555,232.09,0.531630 
2424,2555,232.09,0.459563 
2425,2549,230.78,0.459606 
2426,2559,232.96,0.481284 
2427,2544,229.69,0.445270 
2428,2543,229.47,0.499400 
2429,2512,222.72,0.503055 
2430,2542,229.26,0.614889 
2431,2518,224.02,0.506774 
2432,2555,232.09,0.593367 
2433,2544,229.69,0.460008 
2434,2526,225.77,0.499716 
2435,2554,231.87,0.564672 
2436,2533,227.29,0.463762 
2437,2554,231.87,0.539531 
2438,2541,229.04,0.463860 
2439,2542,229.26,0.510780 
2440,2538,228.38,0.507224 
2441,2544,229.69,0.521697 
2442,2544,229.69,0.500113 
2443,2548,230.56,0.500161 
2444,2546,230.13,0.485786 
2445,2539,228.60,0.493044 
2446,2538,228.38,0.518333 
2447,2541,229.04,0.521990 
2448,2541,229.04,0.511223 
2449,2549,230.78,0.511273 
2450,2540,228.82,0.482475 
2451,2545,229.91,0.514975 
2452,2546,230.13,0.496995 
2453,2551,231.22,0.493437 
2454,2547,230.35,0.475454 
2455,2535,227.73,0.489923 
2456,2557,232.53,0.533242 
2457,2531,226.86,0.453963 
2458,2548,230.56,0.547760 
2459,2550,231.00,0.486513 
2460,2662,255.42,0.479348 
2461,2558,232.74,0.075523 
2462,2537,228.17,0.450532 
2463,2528,226.20,0.526299 
2464,2542,229.26,0.558804 
2465,2554,231.87,0.508377 
2466,2559,232.96,0.465155 
2467,2534,227.51,0.447168 
2468,2521,224.68,0.537358 
2469,2549,230.78,0.584289 
2470,2554,231.87,0.483382 
2471,2544,229.69,0.465398 
2472,2559,232.96,0.501501 
2473,2557,232.53,0.447459 
2474,2541,229.04,0.454712 
2475,2534,227.51,0.512449 
2476,2535,227.73,0.537741 
2477,2542,229.26,0.534188 
2478,2557,232.53,0.509000 
2479,2512,222.72,0.454959 
2480,2544,229.69,0.617270 
2481,2534,227.51,0.501943 
2482,2532,227.08,0.538051 
2483,2544,229.69,0.545317 
2484,2533,227.29,0.502100 
2485,2535,227.73,0.541814 
2486,2559,232.96,0.534656 
2487,2558,232.74,0.448165 
2488,2547,230.35,0.451812 
2489,2529,226.42,0.491519 
2490,2545,229.91,0.556473 
2491,2534,227.51,0.498833 
2492,2547,230.35,0.538547 
2493,2532,227.08,0.491723 
2494,2557,232.53,0.545859 
2495,2531,226.86,0.455764 
2496,2559,232.96,0.549561 
2497,2544,229.69,0.448649 
2498,2543,229.47,0.502779 
2499,2533,227.29,0.506433 
2500,2551,231.22,0.542542 
2501,2532,227.08,0.477688 
2502,2537,228.17,0.546246 
2503,2554,231.87,0.528271 
2504,2539,228.60,0.467022 
2505,2523,225.11,0.521154 
2506,2527,225.99,0.578901 
2507,2543,229.47,0.564536 
2508,2547,230.35,0.506898 
2509,2554,231.87,0.492523 
2510,2542,229.26,0.467327 
2511,2557,232.53,0.510642 
2512,2544,229.69,0.456602 
2513,2535,227.73,0.503521 
2514,2543,229.47,0.536023 
2515,2553,231.65,0.507228 
2516,2354,188.27,0.471217 
2517,2555,232.09,1.188851 
2518,2538,228.38,0.464196 
2519,2558,232.74,0.525540 
2520,2531,226.86,0.453472 
2521,2546,230.13,0.550874 
2522,2531,226.86,0.496840 
2523,2535,227.73,0.550977 
2524,2557,232.53,0.536608 
2525,2530,226.64,0.457329 
2526,2540,228.82,0.554732 
2527,2541,229.04,0.518728 
2528,2526,225.77,0.515173 
2529,2530,226.64,0.569312 
2530,2544,229.69,0.554946 
2531,2555,232.09,0.504518 
2532,2538,228.38,0.464900 
2533,2538,228.38,0.526244 
2534,2558,232.74,0.526296 
2535,2541,229.04,0.454228 
2536,2531,226.86,0.515570 
2537,2559,232.96,0.551680 
2538,2545,229.91,0.450767 
2539,2559,232.96,0.501292 
2540,2534,227.51,0.450856 
2541,2558,232.74,0.541046 
2542,2541,229.04,0.454556 
2543,2543,229.47,0.515899 
2544,2542,229.26,0.508736 
2545,2559,232.96,0.512391 
2546,2551,231.22,0.451139 
2547,2546,230.13,0.480027 
2548,2559,232.96,0.498102 
2549,2544,229.69,0.451271 
2550,2538,228.38,0.505402 
2551,2530,226.64,0.527086 
2552,2553,231.65,0.555985 
2553,2540,228.82,0.473103 
2554,2553,231.65,0.520024 
2555,2538,228.38,0.473197 
2556,2558,232.74,0.527330 
2557,2546,230.13,0.455262 
2558,2557,232.53,0.498575 
2559,2559,232.96,0.458956 
2560,2549,230.78,0.451786 
2561,2510,222.28,0.487886 
2562,2559,232.96,0.628565 
2563,2530,226.64,0.451938 
2564,2546,230.13,0.556552 
2565,2559,232.96,0.498912 
2566,2548,230.56,0.452082 
2567,2537,228.17,0.491788 
2568,2559,232.96,0.531500 
2569,2559,232.96,0.452220 
2570,2553,231.65,0.452261 
2571,2559,232.96,0.473937 
2572,2543,229.47,0.452345 
2573,2555,232.09,0.510081 
2574,2555,232.09,0.466858 
2575,2558,232.74,0.466901 
2576,2544,229.69,0.456125 
2577,2555,232.09,0.506650 
2578,2559,232.96,0.467033 
2579,2559,232.96,0.452651 
2580,2544,229.69,0.452692 
2581,2534,227.51,0.506822 
2582,2559,232.96,0.542930 
2583,2544,229.69,0.452834 
2584,2541,229.04,0.506965 
2585,2549,230.78,0.517831 
2586,2547,230.35,0.489033 
2587,2543,229.47,0.496291 
2588,2551,231.22,0.510761 
2589,2559,232.96,0.481962 
2590,2550,231.00,0.453159 
2591,2544,229.69,0.485653 
2592,2547,230.35,0.507334 
2593,2543,229.47,0.496565 
2594,2548,230.56,0.511035 
2595,2559,232.96,0.493054 
2596,2555,232.09,0.453435 
2597,2553,231.65,0.467899 
2598,2544,229.69,0.475154 
2599,2535,227.73,0.507651 
2600,2540,228.82,0.540153 
2601,2543,229.47,0.522176 
2602,2539,228.60,0.511409 
2603,2559,232.96,0.525881 
2604,2544,229.69,0.453813 
2605,2559,232.96,0.507943 
2606,2538,228.38,0.453902 
2607,2537,228.17,0.529668 
2608,2542,229.26,0.533325 
2609,2544,229.69,0.515347 
2610,2557,232.53,0.508185 
2611,2535,227.73,0.461355 
2612,2535,227.73,0.540728 
2613,2559,232.96,0.540781 
2614,2559,232.96,0.454291 
2615,2554,231.87,0.454331 
2616,2538,228.38,0.472402 
2617,2543,229.47,0.530140 
2618,2544,229.69,0.512162 
2619,2555,232.09,0.508605 
2620,2559,232.96,0.468987 
2621,2543,229.47,0.454606 
2622,2542,229.26,0.512342 
2623,2558,232.74,0.515997 
2624,2558,232.74,0.458351 
2625,2538,228.38,0.458392 
2626,2555,232.09,0.530552 
2627,2533,227.29,0.469302 
2628,2544,229.69,0.548676 
2629,2538,228.38,0.509064 
2630,2555,232.09,0.530749 
2631,2541,229.04,0.469498 
2632,2559,232.96,0.520025 
2633,2559,232.96,0.455167 
2634,2559,232.96,0.455207 
2635,2559,232.96,0.455248 
2636,2554,231.87,0.455288 
2637,2559,232.96,0.473359 
2638,2559,232.96,0.455372 
2639,2532,227.08,0.455413 
2640,2540,228.82,0.552815 
2641,2550,231.00,0.524021 
2642,2545,229.91,0.488012 
2643,2553,231.65,0.506087 
2644,2550,231.00,0.477287 
2645,2559,232.96,0.488149 
2646,2556,232.31,0.455740 
2647,2557,232.53,0.466598 
2648,2545,229.91,0.463034 
2649,2559,232.96,0.506348 
2650,2559,232.96,0.455912 
2651,2553,231.65,0.455952 
2652,2559,232.96,0.477629 
2653,2558,232.74,0.456036 
2654,2534,227.51,0.459683 
2655,2543,229.47,0.546268 
2656,2555,232.09,0.513867 
2657,2533,227.29,0.470644 
2658,2533,227.29,0.550018 
2659,2544,229.69,0.550072 
2660,2531,226.86,0.510461 
2661,2559,232.96,0.557387 
2662,2545,229.91,0.456474 
2663,2552,231.44,0.506999 
2664,2555,232.09,0.481804 
2665,2559,232.96,0.471031 
2666,2557,232.53,0.456649 
2667,2544,229.69,0.463902 
2668,2544,229.69,0.510821 
2669,2551,231.22,0.510870 
2670,2556,232.31,0.485676 
2671,2531,226.86,0.467691 
2672,2540,228.82,0.557882 
2673,2559,232.96,0.525483 
2674,2533,227.29,0.457020 
2675,2559,232.96,0.550816 
2676,2537,228.17,0.457115 
2677,2558,232.74,0.536487 
2678,2545,229.91,0.460813 
2679,2544,229.69,0.507732 
2680,2544,229.69,0.511386 
2681,2559,232.96,0.511434 
2682,2554,231.87,0.457393 
2683,2528,226.20,0.475463 
2684,2542,229.26,0.569262 
2685,2535,227.73,0.518835 
2686,2532,227.08,0.544126 
2687,2538,228.38,0.554997 
2688,2546,230.13,0.533415 
2689,2547,230.35,0.504619 
2690,2532,227.08,0.501060 
2691,2541,229.04,0.555197 
2692,2550,231.00,0.522797 
2693,2542,229.26,0.490393 
2694,2551,231.22,0.519286 
2695,2559,232.96,0.486882 
2696,2530,226.64,0.458079 
2697,2559,232.96,0.562693 
2698,2549,230.78,0.458175 
2699,2559,232.96,0.494275 
2700,2555,232.09,0.458261 
2701,2544,229.69,0.472726 
2702,2553,231.65,0.512434 
2703,2542,229.26,0.480028 
2704,2532,227.08,0.519738 
2705,2549,230.78,0.555847 
2706,2540,228.82,0.494600 
2707,2559,232.96,0.527099 
2708,2544,229.69,0.458636 
2709,2559,232.96,0.512766 
2710,2539,228.60,0.458725 
2711,2544,229.69,0.530885 
2712,2559,232.96,0.512906 
2713,2559,232.96,0.458865 
2714,2535,227.73,0.458905 
2715,2534,227.51,0.545489 
2716,2550,231.00,0.549148 
2717,2536,227.95,0.491506 
2718,2537,228.17,0.542035 
2719,2559,232.96,0.538481 
2720,2559,232.96,0.459202 
2721,2544,229.69,0.459242 
2722,2559,232.96,0.513372 
2723,2540,228.82,0.459331 
2724,2539,228.60,0.527885 
2725,2543,229.47,0.531541 
2726,2544,229.69,0.517169 
2727,2539,228.60,0.513611 
2728,2538,228.38,0.531689 
2729,2559,232.96,0.535346 
2730,2545,229.91,0.459672 
2731,2549,230.78,0.510196 
2732,2547,230.35,0.495820 
2733,2559,232.96,0.503078 
2734,2538,228.38,0.459853 
2735,2544,229.69,0.535619 
2736,2545,229.91,0.514035 
2737,2544,229.69,0.510477 
2738,2559,232.96,0.514131 
2739,2551,231.22,0.460089 
2740,2551,231.22,0.488978 
2741,2544,229.69,0.489022 
2742,2557,232.53,0.514309 
2743,2559,232.96,0.467479 
2744,2558,232.74,0.460309 
2745,2559,232.96,0.463956 
2746,2539,228.60,0.460391 
2747,2559,232.96,0.532551 
2748,2559,232.96,0.460482 
2749,2544,229.69,0.460523 
2750,2544,229.69,0.514653 
2751,2554,231.87,0.514701 
2752,2544,229.69,0.478690 
2753,2554,231.87,0.514793 
2754,2559,232.96,0.478781 
2755,2557,232.53,0.460794 
2756,2547,230.35,0.468047 
2757,2542,229.26,0.504148 
2758,2544,229.69,0.522225 
2759,2538,228.38,0.515062 
2760,2525,225.55,0.536746 
2761,2533,227.29,0.583675 
2762,2554,231.87,0.554886 
2763,2544,229.69,0.479214 
2764,2539,228.60,0.515317 
2765,2589,239.50,0.533395 
2766,2537,228.17,0.353147 
2767,2559,232.96,0.540683 
2768,2542,229.26,0.461403 
2769,2544,229.69,0.522746 
2770,2559,232.96,0.515583 
2771,2546,230.13,0.461542 
2772,2608,243.64,0.508460 
2773,2535,227.73,0.284937 
2774,2555,232.09,0.548188 
2775,2553,231.65,0.476122 
2776,2543,229.47,0.483376 
2777,2543,229.47,0.519479 
2778,2554,231.87,0.519528 
2779,2558,232.74,0.479911 
2780,2557,232.53,0.465530 
2781,2551,231.22,0.469178 
2782,2543,229.47,0.490855 
2783,2559,232.96,0.519747 
2784,2544,229.69,0.462101 
2785,2558,232.74,0.516231 
2786,2550,231.00,0.465795 
2787,2539,228.60,0.494684 
2788,2558,232.74,0.534395 
2789,2559,232.96,0.465933 
2790,2549,230.78,0.462368 
2791,2535,227.73,0.498468 
2792,2559,232.96,0.548997 
2793,2541,229.04,0.462507 
2794,2551,231.22,0.527455 
2795,2549,230.78,0.491445 
2796,2544,229.69,0.498702 
2797,2538,228.38,0.516777 
2798,2559,232.96,0.538461 
2799,2533,227.29,0.462787 
2800,2559,232.96,0.556583 
2801,2546,230.13,0.462882 
2802,2550,231.00,0.509800 
2803,2557,232.53,0.495423 
2804,2559,232.96,0.470227 
2805,2553,231.65,0.463056 
2806,2557,232.53,0.484733 
2807,2537,228.17,0.470353 
2808,2544,229.69,0.542514 
2809,2549,230.78,0.517324 
2810,2557,232.53,0.499342 
2811,2541,229.04,0.470540 
2812,2545,229.91,0.528277 
2813,2544,229.69,0.513903 
2814,2546,230.13,0.517557 
2815,2559,232.96,0.510393 
2816,2534,227.51,0.463563 
2817,2538,228.38,0.553753 
2818,2544,229.69,0.539382 
2819,2538,228.38,0.517798 
2820,2559,232.96,0.539482 
2821,2538,228.38,0.463808 
2822,2558,232.74,0.539574 
2823,2553,231.65,0.467506 
2824,2552,231.44,0.485577 
2825,2535,227.73,0.489226 
2826,2543,229.47,0.550572 
2827,2559,232.96,0.521777 
2828,2544,229.69,0.464130 
2829,2542,229.26,0.518261 
2830,2544,229.69,0.525521 
2831,2545,229.91,0.518358 
2832,2550,231.00,0.514801 
2833,2535,227.73,0.496819 
2834,2547,230.35,0.550954 
2835,2548,230.56,0.507735 
2836,2542,229.26,0.504176 
2837,2499,219.88,0.525858 
2838,2550,231.00,0.680964 
2839,2544,229.69,0.497131 
2840,2546,230.13,0.518812 
2841,2547,230.35,0.511648 
2842,2538,228.38,0.508089 
2843,2559,232.96,0.540590 
2844,2538,228.38,0.464916 
2845,2544,229.69,0.540682 
2846,2558,232.74,0.519097 
2847,2558,232.74,0.468662 
2848,2547,230.35,0.468703 
2849,2553,231.65,0.508410 
2850,2545,229.91,0.486821 
2851,2544,229.69,0.515712 
2852,2544,229.69,0.519366 
2853,2548,230.56,0.519414 
2854,2550,231.00,0.505039 
2855,2555,232.09,0.497873 
2856,2557,232.53,0.479888 
2857,2539,228.60,0.472719 
2858,2537,228.17,0.537668 
2859,2544,229.69,0.544931 
2860,2559,232.96,0.519741 
2861,2550,231.00,0.465699 
2862,2549,230.78,0.498194 
2863,2548,230.56,0.501845 
2864,2551,231.22,0.505497 
2865,2555,232.09,0.494725 
2866,2544,229.69,0.480346 
2867,2550,231.00,0.520054 
2868,2543,229.47,0.498467 
2869,2559,232.96,0.523754 
2870,2559,232.96,0.466107 
2871,2544,229.69,0.466147 
2872,2534,227.51,0.520278 
2873,2559,232.96,0.556386 
2874,2546,230.13,0.466290 
2875,2559,232.96,0.513208 
2876,2544,229.69,0.466377 
2877,2559,232.96,0.520508 
2878,2544,229.69,0.466466 
2879,2549,230.78,0.520596 
2880,2546,230.13,0.502615 
2881,2559,232.96,0.513478 
2882,2555,232.09,0.466648 
2883,2540,228.82,0.481113 
2884,2537,228.17,0.535245 
2885,2555,232.09,0.546113 
2886,2538,228.38,0.481257 
2887,2542,229.26,0.542602 
2888,2547,230.35,0.528229 
2889,2554,231.87,0.510249 
2890,2558,232.74,0.485054 
2891,2539,228.60,0.470673 
2892,2542,229.26,0.539227 
2893,2539,228.60,0.528460 
2894,2559,232.96,0.539328 
2895,2535,227.73,0.467259 
2896,2550,231.00,0.553843 
2897,2549,230.78,0.499806 
2898,2549,230.78,0.503457 
2899,2550,231.00,0.503503 
2900,2547,230.35,0.499943 
2901,2551,231.22,0.510806 
2902,2551,231.22,0.496429 
2903,2546,230.13,0.496473 
2904,2549,230.78,0.514548 
2905,2551,231.22,0.503777 
2906,2547,230.35,0.496611 
2907,2549,230.78,0.511080 
2908,2554,231.87,0.503914 
2909,2546,230.13,0.485930 
2910,2550,231.00,0.514821 
2911,2544,229.69,0.500445 
2912,2550,231.00,0.522126 
2913,2547,230.35,0.500538 
2914,2550,231.00,0.511401 
2915,2559,232.96,0.500630 
2916,2545,229.91,0.468221 
2917,2551,231.22,0.518746 
2918,2548,230.56,0.497157 
2919,2544,229.69,0.508020 
2920,2542,229.26,0.522490 
2921,2555,232.09,0.529751 
2922,2549,230.78,0.482922 
2923,2539,228.60,0.504601 
2924,2559,232.96,0.540706 
2925,2530,226.64,0.468637 
2926,2559,232.96,0.573251 
2927,2559,232.96,0.468733 
2928,2553,231.65,0.468774 
2929,2544,229.69,0.490450 
2930,2559,232.96,0.522948 
2931,2558,232.74,0.468906 
2932,2559,232.96,0.472553 
2933,2530,226.64,0.468988 
2934,2549,230.78,0.573602 
2935,2559,232.96,0.505144 
2936,2559,232.96,0.469130 
2937,2546,230.13,0.469170 
2938,2544,229.69,0.516088 
2939,2559,232.96,0.523348 
2940,2559,232.96,0.469306 
2941,2545,229.91,0.469347 
2942,2545,229.91,0.519871 
2943,2539,228.60,0.519919 
2944,2559,232.96,0.541603 
2945,2559,232.96,0.469534 
2946,2541,229.04,0.469574 
2947,2558,232.74,0.534523 
2948,2543,229.47,0.473271 
2949,2559,232.96,0.527402 
2950,2546,230.13,0.469755 
2951,2559,232.96,0.516673 
2952,2548,230.56,0.469842 
2953,2559,232.96,0.509549 
2954,2541,229.04,0.469929 
2955,2625,247.35,0.534878 
2956,2545,229.91,0.232025 
2957,2548,230.56,0.520510 
2958,2542,229.26,0.509740 
2959,2559,232.96,0.531422 
2960,2544,229.69,0.470169 
2961,2548,230.56,0.524300 
2962,2559,232.96,0.509924 
2963,2546,230.13,0.470304 
2964,2539,228.60,0.517223 
2965,2546,230.13,0.542512 
2966,2547,230.35,0.517321 
2967,2544,229.69,0.513762 
2968,2559,232.96,0.524627 
2969,2555,232.09,0.470585 
2970,2554,231.87,0.485050 
2971,2557,232.53,0.488698 
2972,2543,229.47,0.477924 
2973,2556,232.31,0.528449 
2974,2551,231.22,0.481620 
2975,2559,232.96,0.499692 
2976,2559,232.96,0.470889 
2977,2559,232.96,0.470929 
2978,2554,231.87,0.470970 
2979,2554,231.87,0.489040 
2980,2559,232.96,0.489083 
2981,2602,242.34,0.471096 
2982,2551,231.22,0.316080 
2983,2555,232.09,0.500003 
2984,2559,232.96,0.485624 
2985,2557,232.53,0.471242 
2986,2551,231.22,0.478495 
2987,2551,231.22,0.500172 
2988,2553,231.65,0.500217 
2989,2547,230.35,0.493050 
2990,2557,232.53,0.514729 
2991,2547,230.35,0.478716 
2992,2555,232.09,0.514818 
2993,2549,230.78,0.486017 
2994,2555,232.09,0.507695 
2995,2535,227.73,0.486105 
2996,2550,231.00,0.558267 
2997,2545,229.91,0.504230 
2998,2550,231.00,0.522305 
2999,2548,230.56,0.504323 
3000,2544,229.69,0.511581 
3001,2549,230.78,0.526051 
3002,2551,231.22,0.508069 
3003,2551,231.22,0.500903 
3004,2550,231.00,0.500947 
3005,2549,230.78,0.504598 
3006,2554,231.87,0.508249 
3007,2554,231.87,0.490265 
3008,2549,230.78,0.490308 
3009,2554,231.87,0.508381 
3010,2554,231.87,0.490397 
3011,2549,230.78,0.490440 
3012,2551,231.22,0.508513 
3013,2550,231.00,0.501347 
3014,2542,229.26,0.504998 
3015,2550,231.00,0.533891 
3016,2551,231.22,0.505092 
3017,2548,230.56,0.501531 
3018,2546,230.13,0.512394 
3019,2547,230.35,0.519652 
3020,2550,231.00,0.516093 
3021,2529,226.42,0.505322 
3022,2549,230.78,0.581093 
3023,2553,231.65,0.509029 
3024,2534,227.51,0.494651 
3025,2553,231.65,0.563209 
3026,2551,231.22,0.494748 
3027,2546,230.13,0.502004 
3028,2550,231.00,0.520078 
3029,2559,232.96,0.505702 
3030,2536,227.95,0.473293 
3031,2559,232.96,0.556271 
3032,2554,231.87,0.473386 
3033,2551,231.22,0.491457 
3034,2552,231.44,0.502318 
3035,2551,231.22,0.498756 
3036,2554,231.87,0.502406 
3037,2559,232.96,0.491633 
3038,2557,232.53,0.473646 
3039,2559,232.96,0.480899 
3040,2555,232.09,0.473728 
3041,2556,232.31,0.488193 
3042,2559,232.96,0.484630 
3043,2553,231.65,0.473854 
3044,2550,231.00,0.495530 
3045,2559,232.96,0.506392 
3046,2551,231.22,0.473983 
3047,2554,231.87,0.502871 
3048,2544,229.69,0.492098 
3049,2556,232.31,0.528201 
3050,2546,230.13,0.484978 
3051,2559,232.96,0.521079 
3052,2555,232.09,0.474249 
3053,2550,231.00,0.488714 
3054,2559,232.96,0.506786 
3055,2554,231.87,0.474377 
3056,2558,232.74,0.492448 
3057,2554,231.87,0.478067 
3058,2554,231.87,0.492532 
3059,2557,232.53,0.492575 
3060,2558,232.74,0.481800 
3061,2555,232.09,0.478236 
3062,2547,230.35,0.489095 
3063,2555,232.09,0.517985 
3064,2553,231.65,0.489184 
3065,2551,231.22,0.496439 
3066,2551,231.22,0.503694 
3067,2553,231.65,0.503739 
3068,2559,232.96,0.496572 
3069,2559,232.96,0.474979 
3070,2550,231.00,0.475020 
3071,2554,231.87,0.507514 
3072,2549,230.78,0.493136 
3073,2551,231.22,0.511209 
3074,2548,230.56,0.504042 
3075,2558,232.74,0.514905 
3076,2555,232.09,0.478891 
3077,2555,232.09,0.489750 
3078,2558,232.74,0.489793 
3079,2554,231.87,0.479018 
3080,2559,232.96,0.493483 
3081,2559,232.96,0.475496 
3082,2547,230.35,0.475536 
3083,2554,231.87,0.518849 
3084,2557,232.53,0.493654 
3085,2557,232.53,0.482879 
3086,2546,230.13,0.482920 
3087,2547,230.35,0.522627 
3088,2547,230.35,0.519069 
3089,2553,231.65,0.519116 
3090,2548,230.56,0.497526 
3091,2551,231.22,0.515600 
3092,2554,231.87,0.504828 
3093,2550,231.00,0.494055 
3094,2553,231.65,0.508522 
3095,2548,230.56,0.497749 
3096,2554,231.87,0.515823 
3097,2559,232.96,0.494233 
3098,2559,232.96,0.476246 
3099,2553,231.65,0.476287 
3100,2559,232.96,0.497963 
3101,2555,232.09,0.476371 
3102,2557,232.53,0.490836 
3103,2559,232.96,0.483666 
3104,2559,232.96,0.476496 
3105,2559,232.96,0.476536 
3106,2559,232.96,0.476577 
3107,2550,231.00,0.476617 
3108,2546,230.13,0.509112 
3109,2559,232.96,0.523581 
3110,2557,232.53,0.476750 
3111,2546,230.13,0.484003 
3112,2545,229.91,0.523710 
3113,2559,232.96,0.527363 
3114,2558,232.74,0.476927 
3115,2550,231.00,0.480574 
3116,2557,232.53,0.509463 
3117,2559,232.96,0.484266 
3118,2559,232.96,0.477096 
3119,2557,232.53,0.477136 
3120,2547,230.35,0.484389 
3121,2551,231.22,0.520490 
3122,2559,232.96,0.506113 
3123,2559,232.96,0.477310 
3124,2559,232.96,0.477350 
3125,2559,232.96,0.477391 
3126,2559,232.96,0.477431 
3127,2551,231.22,0.477472 
3128,2547,230.35,0.506360 
3129,2550,231.00,0.520829 
3130,2559,232.96,0.510058 
3131,2550,231.00,0.477649 
3132,2559,232.96,0.510143 
3133,2546,230.13,0.477735 
3134,2547,230.35,0.524653 
3135,2559,232.96,0.521094 
3136,2547,230.35,0.477869 
3137,2556,232.31,0.521182 
3138,2559,232.96,0.488775 
3139,2540,228.82,0.477999 
3140,2559,232.96,0.546553 
3141,2554,231.87,0.478089 
3142,2551,231.22,0.496160 
3143,2559,232.96,0.507021 
3144,2559,232.96,0.478218 
3145,2559,232.96,0.478258 
3146,2555,232.09,0.478299 
3147,2559,232.96,0.492763 
3148,2559,232.96,0.478382 
3149,2551,231.22,0.478422 
3150,2559,232.96,0.507311 
3151,2555,232.09,0.478508 
3152,2551,231.22,0.492972 
3153,2555,232.09,0.507439 
3154,2559,232.96,0.493060 
3155,2548,230.56,0.478678 
3156,2556,232.31,0.518385 
3157,2557,232.53,0.489583 
3158,2545,229.91,0.486019 
3159,2559,232.96,0.529332 
3160,2559,232.96,0.478896 
3161,2559,232.96,0.478937 
3162,2538,228.38,0.478977 
3163,2559,232.96,0.554743 
3164,2559,232.96,0.479069 
3165,2545,229.91,0.479110 
3166,2559,232.96,0.529634 
3167,2557,232.53,0.479198 
3168,2544,229.69,0.486451 
3169,2607,243.43,0.533370 
3170,2549,230.78,0.306242 
3171,2544,229.69,0.515404 
3172,2559,232.96,0.533480 
3173,2559,232.96,0.479438 
3174,2548,230.56,0.479479 
3175,2557,232.53,0.519185 
3176,2559,232.96,0.486777 
3177,2549,230.78,0.479607 
3178,2559,232.96,0.515707 
3179,2551,231.22,0.479693 
3180,2559,232.96,0.508582 
3181,2551,231.22,0.479778 
3182,2559,232.96,0.508667 
3183,2559,232.96,0.479864 
3184,2559,232.96,0.479904 
3185,2559,232.96,0.479945 
3186,2559,232.96,0.479985 
3187,2549,230.78,0.480026 
3188,2547,230.35,0.516126 
3189,2557,232.53,0.523384 
3190,2559,232.96,0.487371 
3191,2551,231.22,0.480200 
3192,2559,232.96,0.509089 
3193,2559,232.96,0.480285 
3194,2554,231.87,0.480326 
3195,2555,232.09,0.498397 
3196,2544,229.69,0.494834 
3197,2559,232.96,0.534542 
3198,2559,232.96,0.480500 
3199,2559,232.96,0.480541 
3200,2559,232.96,0.480581 
3201,2559,232.96,0.480622 
3202,2559,232.96,0.480663 
3203,2546,230.13,0.480703 
3204,2523,225.11,0.527621 
3205,2553,231.65,0.610606 
3206,2540,228.82,0.502486 
3207,2559,232.96,0.549407 
3208,2548,230.56,0.480944 
3209,2544,229.69,0.520651 
3210,2558,232.74,0.535121 
3211,2559,232.96,0.484685 
3212,2546,230.13,0.481120 
3213,2559,232.96,0.528038 
3214,2549,230.78,0.481208 
3215,2559,232.96,0.517308 
3216,2544,229.69,0.481294 
3217,2551,231.22,0.535424 
3218,2559,232.96,0.510231 
3219,2559,232.96,0.481428 
3220,2559,232.96,0.481468 
3221,2551,231.22,0.481509 
3222,2559,232.96,0.510397 
3223,2559,232.96,0.481594 
3224,2549,230.78,0.481634 
3225,2559,232.96,0.517735 
3226,2547,230.35,0.481721 
3227,2559,232.96,0.525033 
3228,2559,232.96,0.481808 
3229,2549,230.78,0.481848 
3230,2559,232.96,0.517949 
3231,2559,232.96,0.481935 
3232,2480,215.74,0.481975 
3233,2559,232.96,0.766888 
3234,2539,228.60,0.482097 
3235,2557,232.53,0.554257 
3236,2544,229.69,0.489401 
3237,2559,232.96,0.536320 
3238,2559,232.96,0.482278 
3239,2559,232.96,0.482319 
3240,2545,229.91,0.482360 
3241,2544,229.69,0.532884 
3242,2559,232.96,0.536538 
3243,2551,231.22,0.482496 
3244,2549,230.78,0.511385 
3245,2544,229.69,0.518641 
3246,2544,229.69,0.536717 
3247,2559,232.96,0.536765 
3248,2559,232.96,0.482724 
3249,2557,232.53,0.482764 
3250,2559,232.96,0.490017 
3251,2555,232.09,0.482846 
3252,2559,232.96,0.497311 
3253,2554,231.87,0.482929 
3254,2558,232.74,0.501000 
3255,2559,232.96,0.486619 
3256,2559,232.96,0.483054 
3257,2559,232.96,0.483095 
3258,2546,230.13,0.483135 
3259,2544,229.69,0.530053 
3260,2559,232.96,0.537313 
3261,2559,232.96,0.483271 
3262,2544,229.69,0.483312 
3263,2550,231.00,0.537442 
3264,2555,232.09,0.515854 
3265,2559,232.96,0.497870 
3266,2544,229.69,0.483488 
3267,2551,231.22,0.537619 
3268,2559,232.96,0.512425 
3269,2557,232.53,0.483622 
3270,2559,232.96,0.490874 
3271,2559,232.96,0.483704 
3272,2559,232.96,0.483744 
3273,2559,232.96,0.483785 
3274,2550,231.00,0.483826 
3275,2559,232.96,0.516320 
3276,2543,229.47,0.483911 
3277,2559,232.96,0.541648 
3278,2559,232.96,0.484001 
3279,2554,231.87,0.484041 
3280,2559,232.96,0.502112 
3281,2550,231.00,0.484125 
3282,2559,232.96,0.516619 
3283,2558,232.74,0.484210 
3284,2545,229.91,0.487857 
3285,2555,232.09,0.534776 
3286,2559,232.96,0.498764 
3287,2557,232.53,0.484382 
3288,2559,232.96,0.491635 
3289,2559,232.96,0.484464 
3290,2559,232.96,0.484505 
3291,2546,230.13,0.484546 
3292,2559,232.96,0.531464 
3293,2559,232.96,0.484633 
3294,2544,229.69,0.484674 
3295,2554,231.87,0.538804 
3296,2553,231.65,0.502793 
3297,2558,232.74,0.506442 
3298,2559,232.96,0.488455 
3299,2581,237.76,0.484890 
3300,2559,232.96,0.405600 
3301,2559,232.96,0.484960 
3302,2550,231.00,0.485001 
3303,2559,232.96,0.517495 
3304,2559,232.96,0.485086 
3305,2554,231.87,0.485127 
3306,2559,232.96,0.503197 
3307,2559,232.96,0.485211 
3308,2551,231.22,0.485251 
3309,2549,230.78,0.514139 
3310,2559,232.96,0.521396 
3311,2546,230.13,0.485382 
3312,2557,232.53,0.532300 
3313,2559,232.96,0.492682 
3314,2550,231.00,0.485511 
3315,2559,232.96,0.518006 
3316,2559,232.96,0.485597 
3317,2553,231.65,0.485638 
3318,2559,232.96,0.507314 
3319,2559,232.96,0.485722 
3320,2549,230.78,0.485762 
3321,2559,232.96,0.521863 
3322,2553,231.65,0.485848 
3323,2559,232.96,0.507525 
3324,2559,232.96,0.485933 
3325,2559,232.96,0.485973 
3326,2550,231.00,0.486014 
3327,2608,243.64,0.518508 
3328,2559,232.96,0.309407 
3329,2550,231.00,0.486114 
3330,2559,232.96,0.518609 
3331,2555,232.09,0.486200 
3332,2559,232.96,0.500665 
3333,2559,232.96,0.486283 
3334,2559,232.96,0.486324 
3335,2559,232.96,0.486364 
3336,2558,232.74,0.486405 
3337,2554,231.87,0.490051 
3338,2559,232.96,0.504517 
3339,2559,232.96,0.486530 
3340,2559,232.96,0.486570 
3341,2559,232.96,0.486611 
3342,2558,232.74,0.486651 
3343,2545,229.91,0.490298 
3344,2559,232.96,0.537216 
3345,2559,232.96,0.486780 
3346,2559,232.96,0.486821 
3347,2559,232.96,0.486862 
3348,2555,232.09,0.486902 
3349,2559,232.96,0.501367 
3350,2559,232.96,0.486985 
3351,2559,232.96,0.487026 
3352,2559,232.96,0.487066 
3353,2559,232.96,0.487107 
3354,2559,232.96,0.487147 
3355,2559,232.96,0.487188 
3356,2559,232.96,0.487228 
3357,2559,232.96,0.487269 
3358,2559,232.96,0.487309 
3359,2586,238.85,0.487350 
3360,2559,232.96,0.390029 
3361,2559,232.96,0.487417 
3362,2558,232.74,0.487457 
3363,2558,232.74,0.491104 
3364,2550,231.00,0.491145 
3365,2551,231.22,0.520034 
3366,2559,232.96,0.516473 
3367,2559,232.96,0.487670 
3368,2559,232.96,0.487710 
3369,2559,232.96,0.487751 
3370,2551,231.22,0.487792 
3371,2559,232.96,0.516680 
3372,2555,232.09,0.487877 
3373,2559,232.96,0.502341 
3374,2559,232.96,0.487960 
3375,2559,232.96,0.488000 
3376,2559,232.96,0.488041 
3377,2558,232.74,0.488081 
3378,2559,232.96,0.491728 
3379,2557,232.53,0.488163 
3380,2559,232.96,0.495416 
3381,2549,230.78,0.488245 
3382,2559,232.96,0.524346 
3383,2553,231.65,0.488331 
3384,2559,232.96,0.510008 
3385,2551,231.22,0.488415 
3386,2559,232.96,0.517304 
3387,2559,232.96,0.488501 
3388,2559,232.96,0.488541 
3389,2557,232.53,0.488582 
3390,2559,232.96,0.495834 
3391,2559,232.96,0.488664 
3392,2559,232.96,0.488704 
3393,2559,232.96,0.488745 
3394,2557,232.53,0.488785 
3395,2559,232.96,0.496038 
3396,2559,232.96,0.488867 
3397,2559,232.96,0.488908 
3398,2545,229.91,0.488948 
3399,2553,231.65,0.539473 
3400,2559,232.96,0.510673 
3401,2555,232.09,0.489080 
3402,2559,232.96,0.503545 
3403,2550,231.00,0.489164 
3404,2559,232.96,0.521658 
3405,2559,232.96,0.489249 
3406,2557,232.53,0.489290 
3407,2559,232.96,0.496542 
3408,2558,232.74,0.489372 
3409,2549,230.78,0.493018 
3410,2559,232.96,0.525513 
3411,2559,232.96,0.489499 
3412,2608,243.64,0.489540 
3413,2559,232.96,0.312887 
3414,2559,232.96,0.489595 
3415,2559,232.96,0.489636 
3416,2559,232.96,0.489676 
3417,2557,232.53,0.489717 
3418,2559,232.96,0.496969 
3419,2559,232.96,0.489799 
3420,2559,232.96,0.489839 
3421,2549,230.78,0.489880 
3422,2550,231.00,0.525980 
3423,2559,232.96,0.522420 
3424,2555,232.09,0.490011 
3425,2559,232.96,0.504476 
3426,2559,232.96,0.490095 
3427,2550,231.00,0.490135 
3428,2559,232.96,0.522629 
3429,2559,232.96,0.490221 
3430,2558,232.74,0.490261 
3431,2559,232.96,0.493908 
3432,2558,232.74,0.490343 
3433,2557,232.53,0.493989 
3434,2554,231.87,0.497636 
3435,2555,232.09,0.508496 
3436,2557,232.53,0.504933 
3437,2559,232.96,0.497764 
3438,2559,232.96,0.490593 
3439,2559,232.96,0.490634 
3440,2559,232.96,0.490674 
3441,2559,232.96,0.490715 
3442,2559,232.96,0.490755 
3443,2559,232.96,0.490796 
3444,2555,232.09,0.490836 
3445,2555,232.09,0.505301 
3446,2559,232.96,0.505344 
3447,2552,231.44,0.490962 
3448,2636,249.75,0.516245 
3449,2559,232.96,0.213387 
3450,2559,232.96,0.491047 
3451,2559,232.96,0.491088 
3452,2555,232.09,0.491129 
3453,2559,232.96,0.505593 
3454,2626,247.57,0.491212 
3455,2557,232.53,0.249652 
3456,2559,232.96,0.498470 
3457,2554,231.87,0.491299 
3458,2559,232.96,0.509370 
3459,2554,231.87,0.491383 
3460,2598,241.46,0.509454 
3461,2558,232.74,0.350834 
3462,2559,232.96,0.495093 
3463,2553,231.65,0.491528 
3464,2546,230.13,0.513205 
3465,2559,232.96,0.538490 
3466,2559,232.96,0.491660 
3467,2559,232.96,0.491700 
3468,2559,232.96,0.491741 
3469,2554,231.87,0.491781 
3470,2559,232.96,0.509852 
3471,2559,232.96,0.491865 
3472,2558,232.74,0.491905 
3473,2559,232.96,0.495552 
3474,2559,232.96,0.491987 
3475,2559,232.96,0.492027 
3476,2551,231.22,0.492068 
3477,2559,232.96,0.520956 
3478,2559,232.96,0.492153 
3479,2580,237.54,0.492194 
3480,2556,232.31,0.416509 
3481,2581,237.76,0.503082 
3482,2559,232.96,0.412974 
3483,2559,232.96,0.492335 
3484,2550,231.00,0.492375 
3485,2555,232.09,0.524870 
3486,2559,232.96,0.506885 
3487,2557,232.53,0.492504 
3488,2559,232.96,0.499756 
3489,2559,232.96,0.492586 
3490,2559,232.96,0.492626 
3491,2559,232.96,0.492667 
3492,2559,232.96,0.492707 
3493,2559,232.96,0.492748 
3494,2559,232.96,0.492788 
3495,2559,232.96,0.492829 
3496,2582,237.98,0.492870 
3497,2559,232.96,0.409973 
3498,2559,232.96,0.492939 
3499,2559,232.96,0.492979 
3500,2559,232.96,0.493020 
3501,2559,232.96,0.493060 
3502,2550,231.00,0.493101 
3503,2559,232.96,0.525595 
3504,2559,232.96,0.493186 
3505,2558,232.74,0.493227 
3506,2559,232.96,0.496874 
3507,2554,231.87,0.493309 
3508,2559,232.96,0.511379 
3509,2557,232.53,0.493392 
3510,2559,232.96,0.500645 
3511,2559,232.96,0.493474 
3512,2555,232.09,0.493515 
3513,2559,232.96,0.507979 
3514,2559,232.96,0.493598 
3515,2553,231.65,0.493638 
3516,2559,232.96,0.515315 
3517,2557,232.53,0.493723 
3518,2559,232.96,0.500975 
3519,2559,232.96,0.493805 
3520,2559,232.96,0.493845 
3521,2559,232.96,0.493886 
3522,2551,231.22,0.493926 
3523,2553,231.65,0.522815 
3524,2559,232.96,0.515647 
3525,2559,232.96,0.494055 
3526,2559,232.96,0.494096 
3527,2558,232.74,0.494136 
3528,2559,232.96,0.497783 
3529,2603,242.55,0.494218 
3530,2555,232.09,0.335595 
3531,2559,232.96,0.508700 
3532,2559,232.96,0.494319 
3533,2559,232.96,0.494359 
3534,2553,231.65,0.494400 
3535,2555,232.09,0.516076 
3536,2559,232.96,0.508908 
3537,2559,232.96,0.494526 
3538,2559,232.96,0.494567 
3539,2559,232.96,0.494607 
3540,2557,232.53,0.494648 
3541,2556,232.31,0.501900 
3542,2559,232.96,0.505548 
3543,2559,232.96,0.494772 
3544,2559,232.96,0.494813 
3545,2559,232.96,0.494853 
3546,2559,232.96,0.494894 
3547,2587,239.07,0.494934 
3548,2559,232.96,0.394008 
3549,2559,232.96,0.495001 
3550,2559,232.96,0.495041 
3551,2559,232.96,0.495082 
3552,2559,232.96,0.495122 
3553,2559,232.96,0.495163 
3554,2559,232.96,0.495203 
3555,2582,237.98,0.495244 
3556,2558,232.74,0.412347 
3557,2559,232.96,0.498919 
3558,2549,230.78,0.495354 
3559,2559,232.96,0.531455 
3560,2559,232.96,0.495440 
3561,2559,232.96,0.495481 
3562,2553,231.65,0.495521 
3563,2559,232.96,0.517198 
3564,2559,232.96,0.495605 
3565,2559,232.96,0.495646 
3566,2557,232.53,0.495687 
3567,2559,232.96,0.502939 
3568,2559,232.96,0.495769 
3569,2559,232.96,0.495809 
3570,2559,232.96,0.495850 
3571,2555,232.09,0.495890 
3572,2559,232.96,0.510355 
3573,2559,232.96,0.495973 
3574,2558,232.74,0.496014 
3575,2559,232.96,0.499660 
3576,2559,232.96,0.496095 
3577,2559,232.96,0.496136 
3578,2559,232.96,0.496176 
3579,2585,238.63,0.496217 
3580,2559,232.96,0.402502 
3581,2559,232.96,0.496285 
3582,2559,232.96,0.496325 
3583,2559,232.96,0.496366 
3584,2557,232.53,0.496406 
3585,2559,232.96,0.503659 
3586,2559,232.96,0.496488 
3587,2558,232.74,0.496529 
3588,2555,232.09,0.500175 
3589,2559,232.96,0.511034 
3590,2558,232.74,0.496653 
3591,2559,232.96,0.500299 
3592,2559,232.96,0.496734 
3593,2559,232.96,0.496775 
3594,2559,232.96,0.496816 
3595,2559,232.96,0.496856 
3596,2559,232.96,0.496897 
3597,2559,232.96,0.496937 
3598,2559,232.96,0.496978 
3599,2558,232.74,0.497018 
3600,2558,232.74,0.500665 
3601,2559,232.96,0.500706 
3602,2559,232.96,0.497141 
3603,2559,232.96,0.497181 
3604,2559,232.96,0.497222 
3605,2559,232.96,0.497262 
3606,2559,232.96,0.497303 
3607,2559,232.96,0.497343 
3608,2559,232.96,0.497384 
3609,2559,232.96,0.497424 
3610,2559,232.96,0.497465 
3611,2559,232.96,0.497505 
3612,2559,232.96,0.497546 
3613,2559,232.96,0.497586 
3614,2559,232.96,0.497627 
3615,2559,232.96,0.497668 
3616,2559,232.96,0.497708 
3617,2559,232.96,0.497749 
3618,2559,232.96,0.497789 
3619,2559,232.96,0.497830 
3620,2559,232.96,0.497870 
3621,2559,232.96,0.497911 
3622,2559,232.96,0.497951 
3623,2559,232.96,0.497992 
3624,2559,232.96,0.498032 
3625,2559,232.96,0.498073 
3626,2559,232.96,0.498113 
3627,2559,232.96,0.498154 
3628,2559,232.96,0.498194 
3629,2559,232.96,0.498235 
3630,2559,232.96,0.498275 
3631,2559,232.96,0.498316 
3632,2559,232.96,0.498356 
3633,2559,232.96,0.498397 
3634,2558,232.74,0.498437 
3635,2583,238.19,0.502084 
3636,2559,232.96,0.411976 
3637,2559,232.96,0.498547 
3638,2559,232.96,0.498588 
3639,2550,231.00,0.498628 
3640,2559,232.96,0.531123 
3641,2586,238.85,0.498714 
3642,2559,232.96,0.401393 
3643,2582,237.98,0.498781 
3644,2588,239.28,0.415884 
3645,2583,238.19,0.394277 
3646,2559,232.96,0.412332 
3647,2559,232.96,0.498904 
3648,2587,239.07,0.498944 
3649,2559,232.96,0.398017 
3650,2559,232.96,0.499011 
3651,2559,232.96,0.499051 
3652,2555,232.09,0.499092 
3653,2559,232.96,0.513556 
3654,2587,239.07,0.499175 
3655,2559,232.96,0.398248 
3656,2559,232.96,0.499241 
3657,2559,232.96,0.499282 
3658,2551,231.22,0.499322 
3659,2559,232.96,0.528211 
3660,2559,232.96,0.499408 
3661,2542,229.26,0.499448 
3662,2559,232.96,0.560790 
3663,2559,232.96,0.499538 
3664,2559,232.96,0.499579 
3665,2559,232.96,0.499619 
3666,2559,232.96,0.499660 
3667,2559,232.96,0.499700 
3668,2559,232.96,0.499741 
3669,2546,230.13,0.499781 
3670,2558,232.74,0.546699 
3671,2559,232.96,0.503475 
3672,2555,232.09,0.499910 
3673,2559,232.96,0.514375 
3674,2555,232.09,0.499993 
3675,2559,232.96,0.514458 
3676,2559,232.96,0.500076 
3677,2559,232.96,0.500117 
3678,2559,232.96,0.500157 
3679,2559,232.96,0.500198 
3680,2559,232.96,0.500238 
3681,2554,231.87,0.500279 
3682,2559,232.96,0.518349 
3683,2559,232.96,0.500363 
3684,2582,237.98,0.500403 
3685,2559,232.96,0.417506 
3686,2557,232.53,0.500472 
3687,2554,231.87,0.507725 
3688,2559,232.96,0.518584 
3689,2559,232.96,0.500597 
3690,2559,232.96,0.500638 
3691,2559,232.96,0.500678 
3692,2559,232.96,0.500719 
3693,2557,232.53,0.500759 
3694,2559,232.96,0.508012 
3695,2547,230.35,0.500842 
3696,2559,232.96,0.544154 
3697,2548,230.56,0.500929 
3698,2559,232.96,0.540635 
3699,2586,238.85,0.501016 
3700,2559,232.96,0.403695 
3701,2559,232.96,0.501083 
3702,2559,232.96,0.501123 
3703,2559,232.96,0.501164 
3704,2559,232.96,0.501204 
3705,2559,232.96,0.501245 
3706,2559,232.96,0.501285 
3707,2555,232.09,0.501326 
3708,2591,239.94,0.515790 
3709,2559,232.96,0.386018 
3710,2559,232.96,0.501433 
3711,2559,232.96,0.501473 
3712,2559,232.96,0.501514 
3713,2558,232.74,0.501554 
3714,2559,232.96,0.505201 
3715,2553,231.65,0.501636 
3716,2555,232.09,0.523312 
3717,2559,232.96,0.516144 
3718,2559,232.96,0.501763 
3719,2551,231.22,0.501803 
3720,2559,232.96,0.530692 
3721,2559,232.96,0.501888 
3722,2559,232.96,0.501929 
3723,2559,232.96,0.501969 
3724,2559,232.96,0.502010 
3725,2559,232.96,0.502051 
3726,2551,231.22,0.502091 
3727,2549,230.78,0.530979 
3728,2559,232.96,0.538236 
3729,2559,232.96,0.502222 
3730,2559,232.96,0.502262 
3731,2546,230.13,0.502303 
3732,2559,232.96,0.549221 
3733,2546,230.13,0.502391 
3734,2550,231.00,0.549309 
3735,2559,232.96,0.534932 
3736,2559,232.96,0.502524 
3737,2559,232.96,0.502564 
3738,2549,230.78,0.502605 
3739,2559,232.96,0.538705 
3740,2554,231.87,0.502691 
3741,2548,230.56,0.520762 
3742,2522,224.90,0.542441 
3743,2558,232.74,0.636242 
3744,2553,231.65,0.506487 
3745,2559,232.96,0.524558 
3746,2559,232.96,0.502965 
3747,2559,232.96,0.503006 
3748,2524,225.33,0.503046 
3749,2559,232.96,0.629296 
3750,2559,232.96,0.503146 
3751,2555,232.09,0.503186 
3752,2559,232.96,0.517651 
3753,2487,217.27,0.503269 
3754,2559,232.96,0.762940 
3755,2559,232.96,0.503388 
3756,2559,232.96,0.503428 
3757,2559,232.96,0.503469 
3758,2581,237.76,0.503509 
3759,2559,232.96,0.424218 
3760,2559,232.96,0.503579 
3761,2559,232.96,0.503619 
3762,2559,232.96,0.503660 
3763,2559,232.96,0.503700 
3764,2555,232.09,0.503741 
3765,2559,232.96,0.518205 
3766,2559,232.96,0.503824 
3767,2559,232.96,0.503865 
3768,2559,232.96,0.503905 
3769,2510,222.28,0.503946 
3770,2583,238.19,0.680679 
3771,2559,232.96,0.417509 
3772,2559,232.96,0.504080 
3773,2559,232.96,0.504121 
3774,2559,232.96,0.504161 
3775,2559,232.96,0.504202 
3776,2559,232.96,0.504242 
3777,2556,232.31,0.504283 
3778,2559,232.96,0.515141 
3779,2582,237.98,0.504365 
3780,2559,232.96,0.421468 
3781,2559,232.96,0.504434 
3782,2559,232.96,0.504475 
3783,2559,232.96,0.504516 
3784,2553,231.65,0.504556 
3785,2559,232.96,0.526232 
3786,2559,232.96,0.504640 
3787,2559,232.96,0.504681 
3788,2559,232.96,0.504721 
3789,2587,239.07,0.504762 
3790,2559,232.96,0.403835 
3791,2557,232.53,0.504828 
3792,2589,239.50,0.512081 
3793,2559,232.96,0.396731 
3794,2559,232.96,0.504935 
3795,2559,232.96,0.504976 
3796,2559,232.96,0.505016 
3797,2559,232.96,0.505057 
3798,2559,232.96,0.505097 
3799,2559,232.96,0.505138 
3800,2553,231.65,0.505179 
3801,2559,232.96,0.526855 
3802,2559,232.96,0.505263 
3803,2590,239.72,0.505303 
3804,2546,230.13,0.393558 
3805,2559,232.96,0.552246 
3806,2559,232.96,0.505415 
3807,2559,232.96,0.505456 
3808,2559,232.96,0.505496 
3809,2559,232.96,0.505537 
3810,2548,230.56,0.505578 
3811,2559,232.96,0.545284 
3812,2559,232.96,0.505664 
3813,2559,232.96,0.505705 
3814,2559,232.96,0.505745 
3815,2559,232.96,0.505786 
3816,2582,237.98,0.505826 
3817,2539,228.60,0.422929 
3818,2559,232.96,0.578015 
3819,2559,232.96,0.505946 
3820,2559,232.96,0.505987 
3821,2559,232.96,0.506027 
3822,2559,232.96,0.506068 
3823,2556,232.31,0.506108 
3824,2547,230.35,0.516967 
3825,2558,232.74,0.549463 
3826,2559,232.96,0.509844 
3827,2559,232.96,0.506279 
3828,2559,232.96,0.506319 
3829,2559,232.96,0.506360 
3830,2559,232.96,0.506400 
3831,2546,230.13,0.506441 
3832,2583,238.19,0.553359 
3833,2559,232.96,0.419985 
3834,2559,232.96,0.506557 
3835,2559,232.96,0.506597 
3836,2559,232.96,0.506638 
3837,2582,237.98,0.506678 
3838,2559,232.96,0.423782 
3839,2559,232.96,0.506748 
3840,2559,232.96,0.506788 
3841,2558,232.74,0.506829 
3842,2580,237.54,0.510475 
3843,2559,232.96,0.431185 
3844,2559,232.96,0.506940 
3845,2589,239.50,0.506980 
3846,2657,254.33,0.398842 
3847,2559,232.96,0.153660 
3848,2587,239.07,0.507035 
3849,2559,232.96,0.406109 
3850,2586,238.85,0.507102 
3851,2559,232.96,0.409781 
3852,2559,232.96,0.507169 
3853,2559,232.96,0.507210 
3854,2583,238.19,0.507250 
3855,2559,232.96,0.420747 
3856,2583,238.19,0.507319 
3857,2559,232.96,0.420816 
3858,2559,232.96,0.507387 
3859,2559,232.96,0.507428 
3860,2511,222.50,0.507468 
3861,2608,243.64,0.680596 
3862,2559,232.96,0.330881 
3863,2559,232.96,0.507589 
3864,2559,232.96,0.507630 
3865,2545,229.91,0.507670 
3866,2559,232.96,0.558195 
3867,2559,232.96,0.507759 
3868,2559,232.96,0.507799 
3869,2557,232.53,0.507840 
3870,2559,232.96,0.515092 
3871,2559,232.96,0.507922 
3872,2548,230.56,0.507962 
3873,2669,256.94,0.547669 
3874,2559,232.96,0.111392 
3875,2559,232.96,0.508033 
3876,2559,232.96,0.508073 
3877,2559,232.96,0.508114 
3878,2559,232.96,0.508154 
3879,2559,232.96,0.508195 
3880,2559,232.96,0.508235 
3881,2558,232.74,0.508276 
3882,2581,237.76,0.511922 
3883,2581,237.76,0.429026 
3884,2559,232.96,0.429055 
3885,2582,237.98,0.508416 
3886,2559,232.96,0.425519 
3887,2559,232.96,0.508485 
3888,2559,232.96,0.508525 
3889,2559,232.96,0.508566 
3890,2582,237.98,0.508606 
3891,2559,232.96,0.425709 
3892,2559,232.96,0.508675 
3893,2559,232.96,0.508716 
3894,2559,232.96,0.508757 
3895,2559,232.96,0.508797 
3896,2558,232.74,0.508838 
3897,2559,232.96,0.512484 
3898,2581,237.76,0.508919 
3899,2559,232.96,0.429628 
3900,2557,232.53,0.508989 
3901,2559,232.96,0.516241 
3902,2559,232.96,0.509071 
3903,2559,232.96,0.509111 
3904,2559,232.96,0.509152 
3905,2559,232.96,0.509192 
3906,2559,232.96,0.509233 
3907,2587,239.07,0.509273 
3908,2581,237.76,0.408347 
3909,2559,232.96,0.430009 
3910,2557,232.53,0.509369 
3911,2559,232.96,0.516622 
3912,2559,232.96,0.509451 
3913,2559,232.96,0.509492 
3914,2559,232.96,0.509532 
3915,2559,232.96,0.509573 
3916,2581,237.76,0.509613 
3917,2587,239.07,0.430322 
3918,2587,239.07,0.408716 
3919,2559,232.96,0.408742 
3920,2581,237.76,0.509735 
3921,2559,232.96,0.430444 
3922,2559,232.96,0.509805 
3923,2559,232.96,0.509845 
3924,2559,232.96,0.509886 
3925,2582,237.98,0.509926 
3926,2559,232.96,0.427029 
3927,2559,232.96,0.509995 
3928,2555,232.09,0.510036 
3929,2559,232.96,0.524500 
3930,2559,232.96,0.510119 
3931,2559,232.96,0.510159 
3932,2559,232.96,0.510200 
3933,2559,232.96,0.510240 
3934,2559,232.96,0.510281 
3935,2559,232.96,0.510322 
3936,2605,242.99,0.510362 
3937,2559,232.96,0.344528 
3938,2559,232.96,0.510419 
3939,2559,232.96,0.510460 
3940,2559,232.96,0.510500 
3941,2559,232.96,0.510541 
3942,2559,232.96,0.510581 
3943,2559,232.96,0.510622 
3944,2559,232.96,0.510662 
3945,2559,232.96,0.510703 
3946,2559,232.96,0.510743 
3947,2559,232.96,0.510784 
3948,2559,232.96,0.510825 
3949,2559,232.96,0.510865 
3950,2559,232.96,0.510906 
3951,2559,232.96,0.510946 
3952,2555,232.09,0.510987 
3953,2583,238.19,0.525451 
3954,2559,232.96,0.424526 
3955,2559,232.96,0.511098 
3956,2558,232.74,0.511138 
3957,2559,232.96,0.514785 
3958,2556,232.31,0.511220 
3959,2559,232.96,0.522078 
3960,2559,232.96,0.511303 
3961,2559,232.96,0.511343 
3962,2557,232.53,0.511384 
3963,2559,232.96,0.518636 
3964,2585,238.63,0.511466 
3965,2559,232.96,0.417751 
3966,2559,232.96,0.511533 
3967,2597,241.25,0.511574 
3968,2581,237.76,0.374587 
3969,2559,232.96,0.432304 
3970,2559,232.96,0.511664 
3971,2559,232.96,0.511705 
3972,2559,232.96,0.511745 
3973,2559,232.96,0.511786 
3974,2589,239.50,0.511826 
3975,2559,232.96,0.403688 
3976,2559,232.96,0.511892 
3977,2559,232.96,0.511932 
3978,2582,237.98,0.511973 
3979,2559,232.96,0.429076 
3980,2559,232.96,0.512042 
3981,2559,232.96,0.512082 
3982,2559,232.96,0.512123 
3983,2582,237.98,0.512164 
3984,2545,229.91,0.429267 
3985,2557,232.53,0.562716 
3986,2559,232.96,0.519492 
3987,2558,232.74,0.512322 
3988,2559,232.96,0.515969 
3989,2559,232.96,0.512404 
3990,2559,232.96,0.512444 
3991,2559,232.96,0.512485 
3992,2559,232.96,0.512525 
3993,2559,232.96,0.512566 
3994,2559,232.96,0.512606 
3995,2559,232.96,0.512647 
3996,2559,232.96,0.512687 
3997,2559,232.96,0.512728 
3998,2559,232.96,0.512768 
3999,2559,232.96,0.512809 
4000,2559,232.96,0.512849 
4001,2554,231.87,0.512890 
4002,2558,232.74,0.530960 
4003,2559,232.96,0.516580 
4004,2586,238.85,0.513015 
4005,2559,232.96,0.415694 
4006,2559,232.96,0.513082 
4007,2583,238.19,0.513122 
4008,2559,232.96,0.426619 
4009,2559,232.96,0.513191 
4010,2539,228.60,0.513231 
4011,2556,232.31,0.585391 
4012,2559,232.96,0.524141 
4013,2559,232.96,0.513365 
4014,2559,232.96,0.513405 
4015,2558,232.74,0.513446 
4016,2559,232.96,0.517092 
4017,2559,232.96,0.513527 
4018,2559,232.96,0.513568 
4019,2559,232.96,0.513608 
4020,2559,232.96,0.513649 
4021,2559,232.96,0.513689 
4022,2559,232.96,0.513730 
4023,2582,237.98,0.513770 
4024,2583,238.19,0.430874 
4025,2559,232.96,0.427296 
4026,2559,232.96,0.513868 
4027,2559,232.96,0.513908 
4028,2581,237.76,0.513949 
4029,2559,232.96,0.434658 
4030,2559,232.96,0.514018 
4031,2559,232.96,0.514059 
4032,2582,237.98,0.514099 
4033,2590,239.72,0.431203 
4034,2587,239.07,0.402383 
4035,2559,232.96,0.413226 
4036,2559,232.96,0.514219 
4037,2559,232.96,0.514260 
4038,2559,232.96,0.514300 
4039,2559,232.96,0.514341 
4040,2559,232.96,0.514381 
4041,2581,237.76,0.514422 
4042,2559,232.96,0.435131 
4043,2559,232.96,0.514491 
4044,2559,232.96,0.514532 
4045,2559,232.96,0.514572 
4046,2559,232.96,0.514613 
4047,2559,232.96,0.514653 
4048,2580,237.54,0.514694 
4049,2559,232.96,0.439009 
4050,2559,232.96,0.514764 
4051,2559,232.96,0.514805 
4052,2559,232.96,0.514845 
4053,2559,232.96,0.514886 
4054,2559,232.96,0.514926 
4055,2559,232.96,0.514967 
4056,2559,232.96,0.515007 
4057,2559,232.96,0.515048 
4058,2559,232.96,0.515088 
4059,2559,232.96,0.515129 
4060,2559,232.96,0.515169 
4061,2559,232.96,0.515210 
4062,2581,237.76,0.515250 
4063,2559,232.96,0.435959 
4064,2559,232.96,0.515320 
4065,2555,232.09,0.515360 
4066,2559,232.96,0.529825 
4067,2559,232.96,0.515444 
4068,2559,232.96,0.515484 
4069,2559,232.96,0.515525 
4070,2559,232.96,0.515565 
4071,2559,232.96,0.515606 
4072,2559,232.96,0.515646 
4073,2558,232.74,0.515687 
4074,2559,232.96,0.519333 
4075,2559,232.96,0.515768 
4076,2558,232.74,0.515809 
4077,2554,231.87,0.519455 
4078,2559,232.96,0.533921 
4079,2559,232.96,0.515934 
4080,2559,232.96,0.515974 
4081,2559,232.96,0.516015 
4082,2559,232.96,0.516055 
4083,2583,238.19,0.516096 
4084,2559,232.96,0.429593 
4085,2588,239.28,0.516164 
4086,2587,239.07,0.411632 
4087,2579,237.32,0.415263 
4088,2559,232.96,0.444137 
4089,2559,232.96,0.516286 
4090,2559,232.96,0.516327 
4091,2559,232.96,0.516367 
4092,2559,232.96,0.516408 
4093,2559,232.96,0.516448 
4094,2559,232.96,0.516489 
4095,2559,232.96,0.516530 
4096,2559,232.96,0.516570 
4097,2559,232.96,0.516611 
4098,2559,232.96,0.516651 
4099,2555,232.09,0.516692 
4100,2559,232.96,0.531156 
4101,2545,229.91,0.516775 
4102,2587,239.07,0.567299 
4103,2583,238.19,0.415896 
4104,2559,232.96,0.430346 
4105,2592,240.16,0.516917 
4106,2559,232.96,0.397960 
4107,2581,237.76,0.516981 
4108,2559,232.96,0.437690 
4109,2559,232.96,0.517051 
4110,2559,232.96,0.517091 
4111,2559,232.96,0.517132 
4112,2559,232.96,0.517172 
4113,2582,237.98,0.517213 
4114,2591,239.94,0.434316 
4115,2559,232.96,0.401891 
4116,2588,239.28,0.517306 
4117,2559,232.96,0.412773 
4118,2559,232.96,0.517372 
4119,2559,232.96,0.517412 
4120,2559,232.96,0.517453 
4121,2559,232.96,0.517493 
4122,2582,237.98,0.517534 
4123,2583,238.19,0.434637 
4124,2592,240.16,0.431060 
4125,2558,232.74,0.398634 
4126,2559,232.96,0.521261 
4127,2559,232.96,0.517696 
4128,2559,232.96,0.517736 
4129,2583,238.19,0.517777 
4130,2559,232.96,0.431274 
4131,2586,238.85,0.517845 
4132,2558,232.74,0.420524 
4133,2559,232.96,0.521518 
4134,2559,232.96,0.517953 
4135,2556,232.31,0.517994 
4136,2546,230.13,0.528853 
4137,2583,238.19,0.564954 
4138,2558,232.74,0.431580 
4139,2559,232.96,0.521758 
4140,2559,232.96,0.518193 
4141,2559,232.96,0.518233 
4142,2559,232.96,0.518274 
4143,2559,232.96,0.518314 
4144,2559,232.96,0.518355 
4145,2559,232.96,0.518396 
4146,2559,232.96,0.518436 
4147,2595,240.81,0.518477 
4148,2559,232.96,0.388702 
4149,2559,232.96,0.518539 
4150,2546,230.13,0.518579 
4151,2559,232.96,0.565498 
4152,2559,232.96,0.518667 
4153,2559,232.96,0.518708 
4154,2585,238.63,0.518748 
4155,2559,232.96,0.425033 
4156,2589,239.50,0.518816 
4157,2559,232.96,0.410677 
4158,2559,232.96,0.518881 
4159,2559,232.96,0.518922 
4160,2559,232.96,0.518962 
4161,2559,232.96,0.519003 
4162,2559,232.96,0.519044 
4163,2558,232.74,0.519084 
4164,2583,238.19,0.522731 
4165,2581,237.76,0.432622 
4166,2559,232.96,0.439862 
4167,2592,240.16,0.519223 
4168,2559,232.96,0.400266 
4169,2583,238.19,0.519287 
4170,2559,232.96,0.432784 
4171,2559,232.96,0.519355 
4172,2559,232.96,0.519396 
4173,2559,232.96,0.519436 
4174,2559,232.96,0.519477 
4175,2559,232.96,0.519517 
4176,2559,232.96,0.519558 
4177,2559,232.96,0.519598 
4178,2559,232.96,0.519639 
4179,2559,232.96,0.519679 
4180,2592,240.16,0.519720 
4181,2559,232.96,0.400763 
4182,2559,232.96,0.519784 
4183,2559,232.96,0.519825 
4184,2559,232.96,0.519865 
4185,2559,232.96,0.519906 
4186,2559,232.96,0.519946 
4187,2559,232.96,0.519987 
4188,2559,232.96,0.520027 
4189,2559,232.96,0.520068 
4190,2559,232.96,0.520108 
4191,2559,232.96,0.520149 
4192,2559,232.96,0.520189 
4193,2559,232.96,0.520230 
4194,2559,232.96,0.520270 
4195,2559,232.96,0.520311 
4196,2559,232.96,0.520351 
4197,2559,232.96,0.520392 
4198,2559,232.96,0.520432 
4199,2559,232.96,0.520473 
4200,2559,232.96,0.520513 
4201,2559,232.96,0.520554 
4202,2583,238.19,0.520594 
4203,2559,232.96,0.434092 
4204,2559,232.96,0.520663 
4205,2559,232.96,0.520704 
4206,2559,232.96,0.520744 
4207,2559,232.96,0.520785 
4208,2559,232.96,0.520825 
4209,2559,232.96,0.520866 
4210,2592,240.16,0.520906 
4211,2559,232.96,0.401949 
4212,2559,232.96,0.520970 
4213,2444,207.89,0.521011 
4214,2559,232.96,0.935739 
4215,2559,232.96,0.521151 
4216,2586,238.85,0.521192 
4217,2559,232.96,0.423871 
4218,2587,239.07,0.521259 
4219,2559,232.96,0.420332 
4220,2581,237.76,0.521325 
4221,2559,232.96,0.442035 
4222,2589,239.50,0.521395 
4223,2581,237.76,0.413256 
4224,2523,225.11,0.442129 
4225,2559,232.96,0.651305 
4226,2559,232.96,0.521549 
4227,2559,232.96,0.521589 
4228,2555,232.09,0.521630 
4229,2582,237.98,0.536095 
4230,2559,232.96,0.438776 
4231,2558,232.74,0.521742 
4232,2559,232.96,0.525388 
4233,2559,232.96,0.521823 
4234,2559,232.96,0.521864 
4235,2559,232.96,0.521904 
4236,2559,232.96,0.521945 
4237,2559,232.96,0.521985 
4238,2559,232.96,0.522026 
4239,2559,232.96,0.522066 
4240,2589,239.50,0.522107 
4241,2559,232.96,0.413968 
4242,2559,232.96,0.522172 
4243,2559,232.96,0.522213 
4244,2587,239.07,0.522253 
4245,2558,232.74,0.421327 
4246,2559,232.96,0.525926 
4247,2559,232.96,0.522361 
4248,2559,232.96,0.522402 
4249,2559,232.96,0.522442 
4250,2557,232.53,0.522483 
4251,2559,232.96,0.529735 
4252,2559,232.96,0.522565 
4253,2559,232.96,0.522605 
4254,2559,232.96,0.522646 
4255,2581,237.76,0.522686 
4256,2582,237.98,0.443395 
4257,2559,232.96,0.439818 
4258,2581,237.76,0.522784 
4259,2559,232.96,0.443494 
4260,2559,232.96,0.522854 
4261,2559,232.96,0.522895 
4262,2585,238.63,0.522935 
4263,2559,232.96,0.429220 
4264,2559,232.96,0.523003 
4265,2589,239.50,0.523043 
4266,2559,232.96,0.414905 
4267,2559,232.96,0.523109 
4268,2559,232.96,0.523149 
4269,2583,238.19,0.523190 
4270,2559,232.96,0.436687 
4271,2559,232.96,0.523258 
4272,2581,237.76,0.523299 
4273,2559,232.96,0.444008 
4274,2559,232.96,0.523369 
4275,2559,232.96,0.523409 
4276,2559,232.96,0.523450 
4277,2559,232.96,0.523490 
4278,2559,232.96,0.523531 
4279,2559,232.96,0.523571 
4280,2559,232.96,0.523612 
4281,2559,232.96,0.523652 
4282,2580,237.54,0.523693 
4283,2559,232.96,0.448008 
4284,2559,232.96,0.523763 
4285,2559,232.96,0.523803 
4286,2559,232.96,0.523844 
4287,2559,232.96,0.523884 
4288,2559,232.96,0.523925 
4289,2591,239.94,0.523966 
4290,2587,239.07,0.408615 
4291,2559,232.96,0.423063 
4292,2559,232.96,0.524056 
4293,2582,237.98,0.524096 
4294,2559,232.96,0.441200 
4295,2580,237.54,0.524166 
4296,2559,232.96,0.448481 
4297,2559,232.96,0.524236 
4298,2559,232.96,0.524276 
4299,2559,232.96,0.524317 
4300,2559,232.96,0.524357 
4301,2551,231.22,0.524398 
4302,2559,232.96,0.553286 
4303,2559,232.96,0.524483 
4304,2559,232.96,0.524524 
4305,2559,232.96,0.524564 
4306,2559,232.96,0.524605 
4307,2583,238.19,0.524645 
4308,2589,239.50,0.438142 
4309,2584,238.41,0.416535 
4310,2559,232.96,0.434589 
4311,2583,238.19,0.524766 
4312,2559,232.96,0.438263 
4313,2583,238.19,0.524835 
4314,2556,232.31,0.438332 
4315,2559,232.96,0.535722 
4316,2559,232.96,0.524946 
4317,2581,237.76,0.524986 
4318,2559,232.96,0.445695 
4319,2592,240.16,0.525056 
4320,2582,237.98,0.406099 
4321,2583,238.19,0.442182 
4322,2583,238.19,0.438605 
4323,2559,232.96,0.438633 
4324,2559,232.96,0.525204 
4325,2559,232.96,0.525245 
4326,2583,238.19,0.525286 
4327,2559,232.96,0.438783 
4328,2559,232.96,0.525354 
4329,2559,232.96,0.525395 
4330,2585,238.63,0.525435 
4331,2559,232.96,0.431720 
4332,2559,232.96,0.525503 
4333,2559,232.96,0.525543 
4334,2559,232.96,0.525584 
4335,2559,232.96,0.525624 
4336,2559,232.96,0.525665 
4337,2559,232.96,0.525705 
4338,2559,232.96,0.525746 
4339,2559,232.96,0.525786 
4340,2601,242.12,0.525827 
4341,2589,239.50,0.374416 
4342,2586,238.85,0.417707 
4343,2559,232.96,0.428550 
4344,2559,232.96,0.525938 
4345,2589,239.50,0.525978 
4346,2559,232.96,0.417839 
4347,2585,238.63,0.526044 
4348,2559,232.96,0.432329 
4349,2586,238.85,0.526111 
4350,2593,240.37,0.428790 
4351,2586,238.85,0.403575 
4352,2589,239.50,0.428840 
4353,2559,232.96,0.418048 
4354,2602,242.34,0.526253 
4355,2589,239.50,0.371236 
4356,2559,232.96,0.418132 
4357,2559,232.96,0.526336 
4358,2580,237.54,0.526377 
4359,2559,232.96,0.450692 
4360,2559,232.96,0.526447 
4361,2559,232.96,0.526488 
4362,2559,232.96,0.526528 
4363,2587,239.07,0.526569 
4364,2584,238.41,0.425642 
4365,2582,237.98,0.436486 
4366,2540,228.82,0.443725 
4367,2559,232.96,0.595205 
4368,2559,232.96,0.526742 
4369,2559,232.96,0.526782 
4370,2581,237.76,0.526823 
4371,2559,232.96,0.447532 
4372,2602,242.34,0.526892 
4373,2559,232.96,0.371876 
4374,2559,232.96,0.526951 
4375,2582,237.98,0.526992 
4376,2559,232.96,0.444095 
4377,2581,237.76,0.527061 
4378,2587,239.07,0.447770 
4379,2559,232.96,0.426163 
4380,2559,232.96,0.527156 
4381,2583,238.19,0.527197 
4382,2581,237.76,0.440694 
4383,2559,232.96,0.447934 
4384,2559,232.96,0.527295 
4385,2559,232.96,0.527335 
4386,2589,239.50,0.527376 
4387,2585,238.63,0.419237 
4388,2589,239.50,0.433686 
4389,2559,232.96,0.419289 
4390,2587,239.07,0.527493 
4391,2559,232.96,0.426567 
4392,2587,239.07,0.527560 
4393,2559,232.96,0.426633 
4394,2559,232.96,0.527626 
4395,2559,232.96,0.527667 
4396,2590,239.72,0.527707 
4397,2585,238.63,0.415963 
4398,2589,239.50,0.434017 
4399,2580,237.54,0.419620 
4400,2585,238.63,0.452099 
4401,2583,238.19,0.434099 
4402,2583,238.19,0.441338 
4403,2586,238.85,0.441366 
4404,2559,232.96,0.430576 
4405,2556,232.31,0.527964 
4406,2559,232.96,0.538822 
4407,2559,232.96,0.528046 
4408,2586,238.85,0.528087 
4409,2559,232.96,0.430766 
4410,2559,232.96,0.528154 
4411,2543,229.47,0.528194 
4412,2559,232.96,0.585931 
4413,2559,232.96,0.528284 
4414,2554,231.87,0.528324 
4415,2581,237.76,0.546395 
4416,2559,232.96,0.449077 
4417,2559,232.96,0.528437 
4418,2559,232.96,0.528478 
4419,2585,238.63,0.528518 
4420,2559,232.96,0.434803 
4421,2590,239.72,0.528586 
4422,2559,232.96,0.416841 
4423,2559,232.96,0.528651 
4424,2589,239.50,0.528691 
4425,2586,238.85,0.420552 
4426,2589,239.50,0.431395 
4427,2559,232.96,0.420604 
4428,2589,239.50,0.528808 
4429,2588,239.28,0.420669 
4430,2559,232.96,0.424300 
4431,2559,232.96,0.528899 
4432,2559,232.96,0.528940 
4433,2559,232.96,0.528980 
4434,2559,232.96,0.529021 
4435,2559,232.96,0.529061 
4436,2646,251.93,0.529102 
4437,2559,232.96,0.215422 
4438,2559,232.96,0.529138 
4439,2559,232.96,0.529178 
4440,2585,238.63,0.529219 
4441,2559,232.96,0.435504 
4442,2559,232.96,0.529286 
4443,2583,238.19,0.529327 
4444,2559,232.96,0.442824 
4445,2559,232.96,0.529395 
4446,2559,232.96,0.529436 
4447,2559,232.96,0.529477 
4448,2559,232.96,0.529517 
4449,2586,238.85,0.529558 
4450,2581,237.76,0.432237 
4451,2581,237.76,0.450293 
4452,2581,237.76,0.450322 
4453,2587,239.07,0.450351 
4454,2593,240.37,0.428745 
4455,2559,232.96,0.407135 
4456,2558,232.74,0.529761 
4457,2559,232.96,0.533407 
4458,2581,237.76,0.529842 
4459,2586,238.85,0.450552 
4460,2559,232.96,0.432551 
4461,2559,232.96,0.529939 
4462,2559,232.96,0.529979 
4463,2559,232.96,0.530020 
4464,2586,238.85,0.530060 
4465,2586,238.85,0.432739 
4466,2592,240.16,0.432766 
4467,2559,232.96,0.411156 
4468,2559,232.96,0.530177 
4469,2587,239.07,0.530218 
4470,2586,238.85,0.429291 
4471,2583,238.19,0.432923 
4472,2559,232.96,0.443767 
4473,2581,237.76,0.530339 
4474,2555,232.09,0.451048 
4475,2584,238.41,0.544833 
4476,2589,239.50,0.440302 
4477,2559,232.96,0.422299 
4478,2559,232.96,0.530504 
4479,2538,228.38,0.530544 
4480,2559,232.96,0.606310 
4481,2590,239.72,0.530636 
4482,2559,232.96,0.418891 
4483,2559,232.96,0.530701 
4484,2559,232.96,0.530742 
4485,2586,238.85,0.530782 
4486,2559,232.96,0.433461 
4487,2559,232.96,0.530849 
4488,2587,239.07,0.530890 
4489,2594,240.59,0.429963 
4490,2559,232.96,0.404747 
4491,2594,240.59,0.530979 
4492,2546,230.13,0.404810 
4493,2586,238.85,0.577919 
4494,2590,239.72,0.433727 
4495,2582,237.98,0.419330 
4496,2583,238.19,0.448202 
4497,2559,232.96,0.444625 
4498,2582,237.98,0.531196 
4499,2586,238.85,0.448299 
4500,2586,238.85,0.433904 
4501,2559,232.96,0.433931 
4502,2591,239.94,0.531319 
4503,2587,239.07,0.415968 
4504,2583,238.19,0.430416 
4505,2559,232.96,0.444866 
4506,2559,232.96,0.531437 
4507,2581,237.76,0.531478 
4508,2559,232.96,0.452187 
4509,2592,240.16,0.531547 
4510,2587,239.07,0.412590 
4511,2559,232.96,0.430644 
4512,2585,238.63,0.531637 
4513,2559,232.96,0.437922 
4514,2559,232.96,0.531705 
4515,2585,238.63,0.531745 
4516,2559,232.96,0.438030 
4517,2559,232.96,0.531813 
4518,2559,232.96,0.531853 
4519,2559,232.96,0.531894 
4520,2559,232.96,0.531934 
4521,2559,232.96,0.531975 
4522,2559,232.96,0.532015 
4523,2589,239.50,0.532056 
4524,2559,232.96,0.423917 
4525,2586,238.85,0.532121 
4526,2559,232.96,0.434801 
4527,2559,232.96,0.532189 
4528,2590,239.72,0.532229 
4529,2559,232.96,0.420484 
4530,2586,238.85,0.532294 
4531,2559,232.96,0.434973 
4532,2559,232.96,0.532361 
4533,2559,232.96,0.532402 
4534,2559,232.96,0.532442 
4535,2559,232.96,0.532483 
4536,2559,232.96,0.532523 
4537,2559,232.96,0.532564 
4538,2587,239.07,0.532604 
4539,2589,239.50,0.431678 
4540,2592,240.16,0.424491 
4541,2585,238.63,0.413698 
4542,2559,232.96,0.438964 
4543,2559,232.96,0.532746 
4544,2585,238.63,0.532787 
4545,2559,232.96,0.439072 
4546,2589,239.50,0.532854 
4547,2559,232.96,0.424716 
4548,2581,237.76,0.532920 
4549,2589,239.50,0.453629 
4550,2594,240.59,0.424810 
4551,2559,232.96,0.406805 
4552,2559,232.96,0.533037 
4553,2580,237.54,0.533077 
4554,2587,239.07,0.457392 
4555,2559,232.96,0.432180 
4556,2559,232.96,0.533173 
4557,2559,232.96,0.533214 
4558,2559,232.96,0.533255 
4559,2584,238.41,0.533295 
4560,2592,240.16,0.443186 
4561,2583,238.19,0.414366 
4562,2581,237.76,0.446843 
4563,2592,240.16,0.454083 
4564,2559,232.96,0.414446 
4565,2559,232.96,0.533467 
4566,2587,239.07,0.533508 
4567,2592,240.16,0.432581 
4568,2582,237.98,0.414577 
4569,2592,240.16,0.450660 
4570,2559,232.96,0.414629 
4571,2583,238.19,0.533650 
4572,2559,232.96,0.447147 
4573,2559,232.96,0.533718 
4574,2559,232.96,0.533759 
4575,2559,232.96,0.533799 
4576,2597,241.25,0.533840 
4577,2585,238.63,0.396853 
4578,2559,232.96,0.440146 
4579,2559,232.96,0.533928 
4580,2594,240.59,0.533969 
4581,2589,239.50,0.407800 
4582,2586,238.85,0.425852 
4583,2559,232.96,0.436695 
4584,2583,238.19,0.534083 
4585,2559,232.96,0.447580 
4586,2592,240.16,0.534152 
4587,2591,239.94,0.415195 
4588,2581,237.76,0.418824 
4589,2594,240.59,0.454908 
4590,2559,232.96,0.408060 
4591,2585,238.63,0.534291 
4592,2585,238.63,0.440576 
4593,2585,238.63,0.440603 
4594,2595,240.81,0.440630 
4595,2605,242.99,0.404598 
4596,2591,239.94,0.368560 
4597,2559,232.96,0.419060 
4598,2592,240.16,0.534475 
4599,2559,232.96,0.415518 
4600,2585,238.63,0.534539 
4601,2559,232.96,0.440824 
4602,2559,232.96,0.534607 
4603,2559,232.96,0.534647 
4604,2559,232.96,0.534688 
4605,2586,238.85,0.534728 
4606,2559,232.96,0.437407 
4607,2559,232.96,0.534795 
4608,2582,237.98,0.534836 
4609,2559,232.96,0.451939 
4610,2559,232.96,0.534905 
4611,2582,237.98,0.534945 
4612,2583,238.19,0.452049 
4613,2559,232.96,0.448471 
4614,2559,232.96,0.535043 
4615,2559,232.96,0.535083 
4616,2583,238.19,0.535124 
4617,2594,240.59,0.448621 
4618,2559,232.96,0.408983 
4619,2591,239.94,0.535215 
4620,2591,239.94,0.419864 
4621,2591,239.94,0.419888 
4622,2596,241.03,0.419912 
4623,2596,241.03,0.401906 
4624,2559,232.96,0.401927 
4625,2559,232.96,0.535370 
4626,2597,241.25,0.535410 
4627,2581,237.76,0.398424 
4628,2593,240.37,0.456140 
4629,2583,238.19,0.412898 
4630,2559,232.96,0.448980 
4631,2559,232.96,0.535552 
4632,2586,238.85,0.535592 
4633,2595,240.81,0.438271 
4634,2559,232.96,0.405844 
4635,2559,232.96,0.535681 
4636,2581,237.76,0.535722 
4637,2591,239.94,0.456431 
4638,2591,239.94,0.420400 
4639,2587,239.07,0.420424 
4640,2591,239.94,0.434872 
4641,2559,232.96,0.420474 
4642,2559,232.96,0.535889 
4643,2593,240.37,0.535930 
4644,2559,232.96,0.413367 
4645,2590,239.72,0.535993 
4646,2588,239.28,0.424248 
4647,2559,232.96,0.431485 
4648,2588,239.28,0.536083 
4649,2583,238.19,0.431551 
4650,2559,232.96,0.449606 
4651,2582,237.98,0.536178 
4652,2559,232.96,0.453281 
4653,2559,232.96,0.536247 
4654,2581,237.76,0.536287 
4655,2591,239.94,0.456996 
4656,2594,240.59,0.420966 
4657,2559,232.96,0.410172 
4658,2582,237.98,0.536403 
4659,2589,239.50,0.453506 
4660,2589,239.50,0.428293 
4661,2559,232.96,0.428318 
4662,2589,239.50,0.536522 
4663,2588,239.28,0.428383 
4664,2559,232.96,0.432014 
4665,2559,232.96,0.536613 
4666,2595,240.81,0.536654 
4667,2582,237.98,0.406879 
4668,2594,240.59,0.453779 
4669,2559,232.96,0.410536 
4670,2590,239.72,0.536767 
4671,2592,240.16,0.425022 
4672,2594,240.59,0.417835 
4673,2559,232.96,0.410646 
4674,2590,239.72,0.536878 
4675,2559,232.96,0.425133 
4676,2559,232.96,0.536943 
4677,2637,249.97,0.536983 
4678,2608,243.64,0.255758 
4679,2587,239.07,0.360331 
4680,2592,240.16,0.436072 
4681,2585,238.63,0.418068 
4682,2585,238.63,0.443333 
4683,2592,240.16,0.443360 
4684,2581,237.76,0.418145 
4685,2585,238.63,0.457835 
4686,2590,239.72,0.443440 
4687,2594,240.59,0.425437 
4688,2588,239.28,0.411037 
4689,2559,232.96,0.432696 
4690,2559,232.96,0.537294 
4691,2596,241.03,0.537335 
4692,2583,238.19,0.403954 
4693,2583,238.19,0.450853 
4694,2594,240.59,0.450881 
4695,2586,238.85,0.411244 
4696,2588,239.28,0.440114 
4697,2559,232.96,0.432929 
4698,2581,237.76,0.537527 
4699,2594,240.59,0.458237 
4700,2559,232.96,0.411388 
4701,2581,237.76,0.537619 
4702,2583,238.19,0.458329 
4703,2595,240.81,0.451146 
4704,2595,240.81,0.407902 
4705,2559,232.96,0.407924 
4706,2596,241.03,0.537761 
4707,2559,232.96,0.404380 
4708,2592,240.16,0.537823 
4709,2592,240.16,0.418866 
4710,2587,239.07,0.418889 
4711,2600,241.90,0.436943 
4712,2588,239.28,0.390091 
4713,2594,240.59,0.433382 
4714,2598,241.46,0.411772 
4715,2559,232.96,0.397370 
4716,2559,232.96,0.538023 
4717,2590,239.72,0.538064 
4718,2559,232.96,0.426319 
4719,2583,238.19,0.538129 
4720,2595,240.81,0.451626 
4721,2559,232.96,0.408382 
4722,2559,232.96,0.538219 
4723,2559,232.96,0.538260 
4724,2559,232.96,0.538301 
4725,2593,240.37,0.538341 
4726,2592,240.16,0.415778 
4727,2590,239.72,0.419407 
4728,2559,232.96,0.426643 
4729,2587,239.07,0.538452 
4730,2588,239.28,0.437526 
4731,2544,229.69,0.433946 
4732,2559,232.96,0.592634 
4733,2591,239.94,0.538593 
4734,2559,232.96,0.423242 
4735,2601,242.12,0.538657 
4736,2586,238.85,0.387247 
4737,2586,238.85,0.441355 
4738,2559,232.96,0.441381 
4739,2590,239.72,0.538769 
4740,2559,232.96,0.427025 
4741,2559,232.96,0.538834 
4742,2559,232.96,0.538875 
4743,2559,232.96,0.538915 
4744,2594,240.59,0.538956 
4745,2559,232.96,0.412787 
4746,2592,240.16,0.539019 
4747,2589,239.50,0.420062 
4748,2559,232.96,0.430903 
4749,2559,232.96,0.539108 
4750,2582,237.98,0.539148 
4751,2559,232.96,0.456251 
4752,2586,238.85,0.539217 
4753,2585,238.63,0.441896 
4754,2583,238.19,0.445529 
4755,2582,237.98,0.452768 
4756,2581,237.76,0.456402 
4757,2586,238.85,0.460037 
4758,2587,239.07,0.442036 
4759,2581,237.76,0.438457 
4760,2559,232.96,0.460118 
4761,2581,237.76,0.539479 
4762,2559,232.96,0.460188 
4763,2559,232.96,0.539549 
4764,2559,232.96,0.539589 
4765,2589,239.50,0.539630 
4766,2559,232.96,0.431491 
4767,2599,241.68,0.539695 
4768,2582,237.98,0.395496 
4769,2591,239.94,0.456818 
4770,2559,232.96,0.424393 
4771,2586,238.85,0.539808 
4772,2586,238.85,0.442487 
4773,2584,238.41,0.442514 
4774,2583,238.19,0.449752 
4775,2586,238.85,0.453386 
4776,2593,240.37,0.442596 
4777,2623,246.91,0.417381 
4778,2598,241.46,0.309224 
4779,2559,232.96,0.399381 
4780,2581,237.76,0.540034 
4781,2583,238.19,0.460743 
4782,2559,232.96,0.453560 
4783,2592,240.16,0.540132 
4784,2548,230.56,0.421175 
4785,2585,238.63,0.579862 
4786,2589,239.50,0.446487 
4787,2559,232.96,0.432090 
4788,2559,232.96,0.540294 
4789,2559,232.96,0.540335 
4790,2559,232.96,0.540375 
4791,2589,239.50,0.540416 
4792,2624,247.13,0.432277 
4793,2593,240.37,0.306093 
4794,2559,232.96,0.417885 
4795,2559,232.96,0.540511 
4796,2592,240.16,0.540551 
4797,2585,238.63,0.421595 
4798,2559,232.96,0.446860 
4799,2588,239.28,0.540642 
4800,2590,239.72,0.436110 
4801,2586,238.85,0.428923 
4802,2559,232.96,0.443371 
4803,2581,237.76,0.540759 
4804,2594,240.59,0.461469 
4805,2559,232.96,0.414620 
4806,2591,239.94,0.540851 
4807,2581,237.76,0.425501 
4808,2559,232.96,0.461584 
4809,2591,239.94,0.540945 
4810,2559,232.96,0.425594 
4811,2581,237.76,0.541009 
4812,2559,232.96,0.461719 
4813,2581,237.76,0.541079 
4814,2587,239.07,0.461788 
4815,2582,237.98,0.440181 
4816,2559,232.96,0.458237 
4817,2559,232.96,0.541203 
4818,2559,232.96,0.541244 
4819,2559,232.96,0.541284 
4820,2559,232.96,0.541325 
4821,2593,240.37,0.541365 
4822,2559,232.96,0.418803 
4823,2559,232.96,0.541429 
4824,2559,232.96,0.541469 
4825,2589,239.50,0.541510 
4826,2559,232.96,0.433371 
4827,2559,232.96,0.541575 
4828,2585,238.63,0.541616 
4829,2538,228.38,0.447901 
4830,2559,232.96,0.617409 
4831,2559,232.96,0.541735 
4832,2590,239.72,0.541775 
4833,2581,237.76,0.430031 
4834,2595,240.81,0.462509 
4835,2592,240.16,0.412054 
4836,2559,232.96,0.422894 
4837,2593,240.37,0.541915 
4838,2590,239.72,0.419352 
4839,2559,232.96,0.430193 
4840,2559,232.96,0.542003 
4841,2559,232.96,0.542043 
4842,2594,240.59,0.542084 
4843,2592,240.16,0.415915 
4844,2559,232.96,0.423149 
4845,2593,240.37,0.542170 
4846,2586,238.85,0.419607 
4847,2528,226.20,0.444872 
4848,2559,232.96,0.654045 
4849,2598,241.46,0.542317 
4850,2587,239.07,0.401724 
4851,2559,232.96,0.441410 
4852,2588,239.28,0.542403 
4853,2559,232.96,0.437871 
4854,2559,232.96,0.542469 
4855,2594,240.59,0.542510 
4856,2559,232.96,0.416341 
4857,2582,237.98,0.542573 
4858,2590,239.72,0.459676 
4859,2559,232.96,0.430857 
4860,2559,232.96,0.542666 
4861,2525,225.55,0.542707 
4862,2582,237.98,0.665351 
4863,2585,238.63,0.459868 
4864,2559,232.96,0.449079 
4865,2589,239.50,0.542861 
4866,2559,232.96,0.434722 
4867,2559,232.96,0.542927 
4868,2559,232.96,0.542967 
4869,2589,239.50,0.543008 
4870,2586,238.85,0.434869 
4871,2559,232.96,0.445712 
4872,2593,240.37,0.543100 
4873,2591,239.94,0.420537 
4874,2586,238.85,0.427772 
4875,2593,240.37,0.445826 
4876,2589,239.50,0.420611 
4877,2559,232.96,0.435057 
4878,2586,238.85,0.543262 
4879,2583,238.19,0.445941 
4880,2559,232.96,0.456785 
4881,2589,239.50,0.543357 
4882,2581,237.76,0.435218 
4883,2559,232.96,0.464091 
4884,2559,232.96,0.543451 
4885,2559,232.96,0.543492 
4886,2559,232.96,0.543532 
4887,2591,239.94,0.543573 
4888,2586,238.85,0.428222 
4889,2590,239.72,0.446276 
4890,2591,239.94,0.431879 
4891,2583,238.19,0.428297 
4892,2582,237.98,0.457169 
4893,2559,232.96,0.460803 
4894,2596,241.03,0.543769 
4895,2559,232.96,0.410388 
4896,2559,232.96,0.543831 
4897,2583,238.19,0.543871 
4898,2583,238.19,0.457368 
4899,2559,232.96,0.457396 
4900,2559,232.96,0.543968 
4901,2590,239.72,0.544008 
4902,2591,239.94,0.432264 
4903,2589,239.50,0.428682 
4904,2589,239.50,0.435918 
4905,2587,239.07,0.435943 
4906,2589,239.50,0.443180 
4907,2586,238.85,0.435994 
4908,2589,239.50,0.446837 
4909,2583,238.19,0.436046 
4910,2592,240.16,0.457706 
4911,2559,232.96,0.425281 
4912,2559,232.96,0.544301 
4913,2593,240.37,0.544342 
4914,2590,239.72,0.421779 
4915,2589,239.50,0.432620 
4916,2587,239.07,0.436250 
4917,2586,238.85,0.443487 
4918,2559,232.96,0.447119 
4919,2583,238.19,0.544507 
4920,2585,238.63,0.458004 
4921,2559,232.96,0.450820 
4922,2559,232.96,0.544603 
4923,2559,232.96,0.544643 
4924,2559,232.96,0.544684 
4925,2559,232.96,0.544724 
4926,2559,232.96,0.544765 
4927,2559,232.96,0.544805 
4928,2559,232.96,0.544846 
4929,2583,238.19,0.544886 
4930,2559,232.96,0.458384 
4931,2579,237.32,0.544955 
4932,2583,238.19,0.472876 
4933,2611,244.30,0.458482 
4934,2559,232.96,0.357543 
4935,2559,232.96,0.545067 
4936,2588,239.28,0.545108 
4937,2611,244.30,0.440575 
4938,2589,239.50,0.357663 
4939,2593,240.37,0.437008 
4940,2583,238.19,0.422609 
4941,2559,232.96,0.458692 
4942,2559,232.96,0.545263 
4943,2559,232.96,0.545304 
4944,2559,232.96,0.545345 
4945,2589,239.50,0.545385 
4946,2559,232.96,0.437246 
4947,2559,232.96,0.545451 
4948,2582,237.98,0.545491 
4949,2559,232.96,0.462594 
4950,2592,240.16,0.545560 
4951,2592,240.16,0.426603 
4952,2559,232.96,0.426627 
4953,2559,232.96,0.545648 
4954,2559,232.96,0.545688 
4955,2586,238.85,0.545729 
4956,2559,232.96,0.448408 
4957,2583,238.19,0.545796 
4958,2590,239.72,0.459293 
4959,2591,239.94,0.434079 
4960,2559,232.96,0.430497 
4961,2587,239.07,0.545913 
4962,2595,240.81,0.444986 
4963,2559,232.96,0.416164 
4964,2594,240.59,0.546001 
4965,2586,238.85,0.419832 
4966,2559,232.96,0.448702 
4967,2582,237.98,0.546090 
4968,2592,240.16,0.463194 
4969,2598,241.46,0.427162 
4970,2587,239.07,0.405550 
4971,2593,240.37,0.445236 
4972,2592,240.16,0.423626 
4973,2587,239.07,0.427255 
4974,2595,240.81,0.445308 
4975,2559,232.96,0.416486 
4976,2588,239.28,0.546323 
4977,2559,232.96,0.441791 
4978,2559,232.96,0.546389 
4979,2589,239.50,0.546430 
4980,2587,239.07,0.438291 
4981,2559,232.96,0.445528 
4982,2559,232.96,0.546521 
4983,2595,240.81,0.546562 
4984,2595,240.81,0.416787 
4985,2589,239.50,0.416809 
4986,2559,232.96,0.438467 
4987,2559,232.96,0.546671 
4988,2586,238.85,0.546712 
4989,2589,239.50,0.449391 
4990,2559,232.96,0.438599 
4991,2588,239.28,0.546804 
4992,2559,232.96,0.442271 
4993,2590,239.72,0.546870 
4994,2582,237.98,0.435125 
4995,2590,239.72,0.463997 
4996,2559,232.96,0.435178 
4997,2559,232.96,0.546988 
4998,2559,232.96,0.547028 
4999,2588,239.28,0.547069 
5000,2582,237.98,0.442536 
5001,2559,232.96,0.464197 
5002,2587,239.07,0.547163 
5003,2590,239.72,0.446237 
5004,2559,232.96,0.435445 
5005,2589,239.50,0.547254 
5006,2559,232.96,0.439116 
5007,2585,238.63,0.547320 
5008,2559,232.96,0.453605 
5009,2559,232.96,0.547387 
5010,2559,232.96,0.547428 
5011,2587,239.07,0.547469 
5012,2559,232.96,0.446542 
5013,2559,232.96,0.547535 
5014,2594,240.59,0.547576 
5015,2590,239.72,0.421407 
5016,2544,229.69,0.435853 
5017,2559,232.96,0.601753 
5018,2559,232.96,0.547711 
5019,2559,232.96,0.547752 
5020,2559,232.96,0.547792 
5021,2559,232.96,0.547833 
5022,2586,238.85,0.547873 
5023,2559,232.96,0.450552 
5024,2527,225.99,0.547940 
5025,2559,232.96,0.663372 
5026,2559,232.96,0.548038 
5027,2559,232.96,0.548079 
5028,2592,240.16,0.548119 
5029,2559,232.96,0.429162 
5030,2588,239.28,0.548183 
5031,2559,232.96,0.443650 
5032,2559,232.96,0.548249 
5033,2590,239.72,0.548290 
5034,2587,239.07,0.436545 
5035,2591,239.94,0.447387 
5036,2582,237.98,0.432989 
5037,2589,239.50,0.465467 
5038,2597,241.25,0.440254 
5039,2559,232.96,0.411431 
5040,2555,232.09,0.548479 
5041,2559,232.96,0.562943 
5042,2586,238.85,0.548562 
5043,2559,232.96,0.451241 
5044,2584,238.41,0.548629 
5045,2559,232.96,0.458520 
5046,2582,237.98,0.548697 
5047,2559,232.96,0.465800 
5048,2591,239.94,0.548766 
5049,2581,237.76,0.433415 
5050,2559,232.96,0.469499 
5051,2594,240.59,0.548860 
5052,2559,232.96,0.422691 
5053,2559,232.96,0.548923 
5054,2559,232.96,0.548963 
5055,2559,232.96,0.549004 
5056,2581,237.76,0.549044 
5057,2601,242.12,0.469753 
5058,2585,238.63,0.397663 
5059,2592,240.16,0.455377 
5060,2592,240.16,0.430162 
5061,2586,238.85,0.430186 
5062,2559,232.96,0.451845 
5063,2559,232.96,0.549233 
5064,2617,245.61,0.549274 
5065,2559,232.96,0.340167 
5066,2559,232.96,0.549325 
5067,2559,232.96,0.549365 
5068,2559,232.96,0.549406 
5069,2559,232.96,0.549446 
5070,2559,232.96,0.549487 
5071,2559,232.96,0.549527 
5072,2586,238.85,0.549568 
5073,2591,239.94,0.452247 
5074,2591,239.94,0.434243 
5075,2594,240.59,0.434267 
5076,2559,232.96,0.423474 
5077,2559,232.96,0.549705 
5078,2597,241.25,0.549746 
5079,2559,232.96,0.412759 
5080,2589,239.50,0.549807 
5081,2591,239.94,0.441668 
5082,2588,239.28,0.434481 
5083,2593,240.37,0.445323 
5084,2559,232.96,0.427319 
5085,2559,232.96,0.549945 
5086,2592,240.16,0.549985 
5087,2582,237.98,0.431028 
5088,2597,241.25,0.467112 
5089,2559,232.96,0.413051 
5090,2583,238.19,0.550099 
5091,2559,232.96,0.463596 
5092,2559,232.96,0.550167 
5093,2593,240.37,0.550208 
5094,2583,238.19,0.427645 
5095,2559,232.96,0.463728 
5096,2596,241.03,0.550299 
5097,2559,232.96,0.416919 
5098,2559,232.96,0.550361 
5099,2601,242.12,0.550402 
5100,2559,232.96,0.398991 
5101,2559,232.96,0.550461 
5102,2559,232.96,0.550501 
5103,2559,232.96,0.550542 
5104,2599,241.68,0.550582 
5105,2559,232.96,0.406384 
5106,2587,239.07,0.550643 
5107,2595,240.81,0.449716 
5108,2559,232.96,0.420894 
5109,2590,239.72,0.550731 
5110,2594,240.59,0.438986 
5111,2587,239.07,0.424587 
5112,2559,232.96,0.449851 
5113,2589,239.50,0.550844 
5114,2587,239.07,0.442706 
5115,2596,241.03,0.449943 
5116,2595,240.81,0.417515 
5117,2586,238.85,0.421142 
5118,2559,232.96,0.453618 
5119,2583,238.19,0.551006 
5120,2593,240.37,0.464503 
5121,2559,232.96,0.428471 
5122,2592,240.16,0.551097 
5123,2641,250.84,0.432140 
5124,2588,239.28,0.255471 
5125,2559,232.96,0.446586 
5126,2559,232.96,0.551185 
5127,2587,239.07,0.551225 
5128,2602,242.34,0.450298 
5129,2559,232.96,0.396235 
5130,2595,240.81,0.551310 
5131,2585,238.63,0.421535 
5132,2559,232.96,0.457617 
5133,2589,239.50,0.551399 
5134,2590,239.72,0.443261 
5135,2559,232.96,0.439680 
5136,2588,239.28,0.551489 
5137,2588,239.28,0.446957 
5138,2583,238.19,0.446982 
5139,2597,241.25,0.465037 
5140,2559,232.96,0.414582 
5141,2586,238.85,0.551630 
5142,2559,232.96,0.454309 
5143,2593,240.37,0.551697 
5144,2586,238.85,0.429134 
5145,2589,239.50,0.454399 
5146,2559,232.96,0.443607 
5147,2602,242.34,0.551812 
5148,2593,240.37,0.396795 
5149,2559,232.96,0.429267 
5150,2559,232.96,0.551893 
5151,2559,232.96,0.551934 
5152,2595,240.81,0.551974 
5153,2585,238.63,0.422200 
5154,2583,238.19,0.458281 
5155,2591,239.94,0.465520 
5156,2600,241.90,0.436701 
5157,2559,232.96,0.404271 
5158,2582,237.98,0.552135 
5159,2559,232.96,0.469238 
5160,2581,237.76,0.552204 
5161,2559,232.96,0.472913 
5162,2559,232.96,0.552274 
5163,2590,239.72,0.552314 
5164,2583,238.19,0.440570 
5165,2587,239.07,0.465836 
5166,2559,232.96,0.451440 
5167,2559,232.96,0.552433 
5168,2559,232.96,0.552474 
5169,2593,240.37,0.552514 
5170,2590,239.72,0.429952 
5171,2559,232.96,0.440793 
5172,2559,232.96,0.552602 
5173,2586,238.85,0.552643 
5174,2585,238.63,0.455322 
5175,2559,232.96,0.458954 
5176,2589,239.50,0.552737 
5177,2591,239.94,0.444598 
5178,2559,232.96,0.437411 
5179,2559,232.96,0.552826 
5180,2590,239.72,0.552867 
5181,2595,240.81,0.441122 
5182,2593,240.37,0.423117 
5183,2559,232.96,0.430351 
5184,2559,232.96,0.552977 
5185,2559,232.96,0.553017 
5186,2583,238.19,0.553058 
5187,2559,232.96,0.466555 
5188,2596,241.03,0.553126 
5189,2599,241.68,0.419746 
5190,2597,241.25,0.408949 
5191,2559,232.96,0.416181 
5192,2598,241.46,0.553229 
5193,2595,240.81,0.412636 
5194,2559,232.96,0.423474 
5195,2589,239.50,0.553311 
5196,2559,232.96,0.445173 
5197,2559,232.96,0.553377 
5198,2592,240.16,0.553417 
5199,2596,241.03,0.434461 
5200,2559,232.96,0.420060 
5201,2559,232.96,0.553503 
5202,2559,232.96,0.553543 
5203,2585,238.63,0.553584 
5204,2595,240.81,0.459869 
5205,2559,232.96,0.423836 
5206,2585,238.63,0.553673 
5207,2597,241.25,0.459958 
5208,2586,238.85,0.416714 
5209,2586,238.85,0.456400 
5210,2559,232.96,0.456427 
5211,2589,239.50,0.553815 
5212,2559,232.96,0.445676 
5213,2592,240.16,0.553880 
5214,2595,240.81,0.434923 
5215,2593,240.37,0.424129 
5216,2559,232.96,0.431363 
5217,2583,238.19,0.553989 
5218,2559,232.96,0.467486 
5219,2595,240.81,0.554057 
5220,2590,239.72,0.424283 
5221,2583,238.19,0.442334 
5222,2592,240.16,0.467601 
5223,2587,239.07,0.435175 
5224,2599,241.68,0.453228 
5225,2559,232.96,0.409983 
5226,2586,238.85,0.554241 
5227,2559,232.96,0.456921 
5228,2591,239.94,0.554309 
5229,2589,239.50,0.438958 
5230,2583,238.19,0.446194 
5231,2559,232.96,0.467855 
5232,2581,237.76,0.554426 
5233,2559,232.96,0.475135 
5234,2593,240.37,0.554496 
5235,2590,239.72,0.431933 
5236,2582,237.98,0.442774 
5237,2610,244.08,0.471646 
5238,2581,237.76,0.370707 
5239,2581,237.76,0.475295 
5240,2583,238.19,0.475324 
5241,2582,237.98,0.468141 
5242,2559,232.96,0.471775 
5243,2598,241.46,0.554741 
5244,2582,237.98,0.414148 
5245,2559,232.96,0.471865 
5246,2550,231.00,0.554831 
5247,2586,238.85,0.587325 
5248,2587,239.07,0.457555 
5249,2587,239.07,0.453976 
5250,2559,232.96,0.454002 
5251,2588,239.28,0.554995 
5252,2559,232.96,0.450462 
5253,2559,232.96,0.555061 
5254,2585,238.63,0.555101 
5255,2559,232.96,0.461386 
5256,2588,239.28,0.555169 
5257,2594,240.59,0.450636 
5258,2559,232.96,0.429026 
5259,2559,232.96,0.555257 
5260,2581,237.76,0.555298 
5261,2559,232.96,0.476007 
5262,2586,238.85,0.555367 
5263,2559,232.96,0.458047 
5264,2590,239.72,0.555435 
5265,2559,232.96,0.443690 
5266,2586,238.85,0.555499 
5267,2582,237.98,0.458179 
5268,2559,232.96,0.472629 
5269,2581,237.76,0.555595 
5270,2559,232.96,0.476304 
5271,2605,242.99,0.555665 
5272,2559,232.96,0.389830 
5273,2588,239.28,0.555722 
5274,2588,239.28,0.451189 
5275,2583,238.19,0.451215 
5276,2604,242.77,0.469270 
5277,2592,240.16,0.393573 
5278,2617,245.61,0.436861 
5279,2589,239.50,0.346735 
5280,2559,232.96,0.447713 
5281,2559,232.96,0.555918 
5282,2610,244.08,0.555958 
5283,2596,241.03,0.372094 
5284,2595,240.81,0.422592 
5285,2594,240.59,0.426219 
5286,2590,239.72,0.429847 
5287,2593,240.37,0.444293 
5288,2590,239.72,0.433500 
5289,2559,232.96,0.444340 
5290,2590,239.72,0.556150 
5291,2582,237.98,0.444405 
5292,2590,239.72,0.473278 
5293,2559,232.96,0.444458 
5294,2581,237.76,0.556268 
5295,2585,238.63,0.476977 
5296,2602,242.34,0.462582 
5297,2559,232.96,0.401308 
5298,2559,232.96,0.556383 
5299,2559,232.96,0.556424 
5300,2559,232.96,0.556464 
5301,2591,239.94,0.556505 
5302,2559,232.96,0.441154 
5303,2599,241.68,0.556569 
5304,2559,232.96,0.412370 
5305,2586,238.85,0.556629 
5306,2559,232.96,0.459308 
5307,2623,246.91,0.556696 
5308,2594,240.59,0.325954 
5309,2559,232.96,0.430535 
5310,2559,232.96,0.556767 
5311,2559,232.96,0.556807 
5312,2559,232.96,0.556848 
5313,2544,229.69,0.556888 
5314,2587,239.07,0.611018 
5315,2590,239.72,0.456010 
5316,2593,240.37,0.445218 
5317,2594,240.59,0.434424 
5318,2582,237.98,0.430841 
5319,2589,239.50,0.474135 
5320,2582,237.98,0.448922 
5321,2559,232.96,0.474189 
5322,2559,232.96,0.557155 
5323,2559,232.96,0.557195 
5324,2581,237.76,0.557236 
5325,2559,232.96,0.477945 
5326,2588,239.28,0.557306 
5327,2585,238.63,0.452773 
5328,2591,239.94,0.463616 
5329,2589,239.50,0.442007 
5330,2559,232.96,0.449243 
5331,2587,239.07,0.557448 
5332,2582,237.98,0.456521 
5333,2608,243.64,0.474577 
5334,2602,242.34,0.380850 
5335,2615,245.17,0.402501 
5336,2586,238.85,0.355641 
5337,2590,239.72,0.460226 
5338,2597,241.25,0.445829 
5339,2559,232.96,0.420611 
5340,2594,240.59,0.557659 
5341,2559,232.96,0.431491 
5342,2582,237.98,0.557722 
5343,2559,232.96,0.474825 
5344,2590,239.72,0.557791 
5345,2583,238.19,0.446047 
5346,2559,232.96,0.471313 
5347,2559,232.96,0.557884 
5348,2559,232.96,0.557925 
5349,2587,239.07,0.557965 
5350,2596,241.03,0.457039 
5351,2549,230.78,0.424611 
5352,2597,241.25,0.594113 
5353,2590,239.72,0.421072 
5354,2583,238.19,0.446335 
5355,2559,232.96,0.471601 
5356,2559,232.96,0.558172 
5357,2559,232.96,0.558213 
5358,2592,240.16,0.558253 
5359,2589,239.50,0.439297 
5360,2593,240.37,0.450138 
5361,2598,241.46,0.435739 
5362,2597,241.25,0.417732 
5363,2559,232.96,0.421358 
5364,2587,239.07,0.558406 
5365,2593,240.37,0.457480 
5366,2582,237.98,0.435870 
5367,2602,242.34,0.475558 
5368,2598,241.46,0.403467 
5369,2582,237.98,0.417909 
5370,2559,232.96,0.475626 
5371,2582,237.98,0.558592 
5372,2559,232.96,0.475695 
5373,2559,232.96,0.558661 
5374,2559,232.96,0.558701 
5375,2583,238.19,0.558742 
5376,2559,232.96,0.472239 
5377,2559,232.96,0.558810 
5378,2595,240.81,0.558851 
5379,2559,232.96,0.429076 
5380,2593,240.37,0.558913 
5381,2589,239.50,0.436351 
5382,2595,240.81,0.450797 
5383,2593,240.37,0.429186 
5384,2587,239.07,0.436420 
5385,2592,240.16,0.458079 
5386,2559,232.96,0.440075 
5387,2559,232.96,0.559096 
5388,2598,241.46,0.559136 
5389,2518,224.02,0.418544 
5390,2592,240.16,0.707042 
5391,2582,237.98,0.440262 
5392,2592,240.16,0.476345 
5393,2598,241.46,0.440314 
5394,2597,241.25,0.418701 
5395,2599,241.68,0.422327 
5396,2559,232.96,0.415136 
5397,2587,239.07,0.559395 
5398,2559,232.96,0.458469 
5399,2591,239.94,0.559462 
5400,2593,240.37,0.444111 
5401,2591,239.94,0.436923 
5402,2559,232.96,0.444158 
5403,2559,232.96,0.559573 
5404,2602,242.34,0.559614 
5405,2585,238.63,0.404597 
5406,2559,232.96,0.465917 
5407,2559,232.96,0.559699 
5408,2587,239.07,0.559740 
5409,2588,239.28,0.458813 
5410,2587,239.07,0.455233 
5411,2593,240.37,0.458865 
5412,2597,241.25,0.437255 
5413,2588,239.28,0.422854 
5414,2585,238.63,0.455328 
5415,2598,241.46,0.466172 
5416,2595,240.81,0.419321 
5417,2595,240.81,0.430159 
5418,2559,232.96,0.430181 
5419,2594,240.59,0.560018 
5420,2582,237.98,0.433850 
5421,2586,238.85,0.477144 
5422,2559,232.96,0.462748 
5423,2594,240.59,0.560136 
5424,2595,240.81,0.433968 
5425,2602,242.34,0.430384 
5426,2594,240.59,0.405164 
5427,2559,232.96,0.434030 
5428,2589,239.50,0.560262 
5429,2559,232.96,0.452123 
5430,2559,232.96,0.560327 
5431,2559,232.96,0.560368 
5432,2559,232.96,0.560408 
5433,2559,232.96,0.560449 
5434,2559,232.96,0.560489 
5435,2559,232.96,0.560530 
5436,2583,238.19,0.560570 
5437,2559,232.96,0.474067 
5438,2583,238.19,0.560639 
5439,2598,241.46,0.474136 
5440,2587,239.07,0.420074 
5441,2559,232.96,0.459760 
5442,2584,238.41,0.560754 
5443,2559,232.96,0.470645 
5444,2559,232.96,0.560822 
5445,2592,240.16,0.560862 
5446,2585,238.63,0.441906 
5447,2592,240.16,0.467171 
5448,2597,241.25,0.441956 
5449,2599,241.68,0.423950 
5450,2585,238.63,0.416758 
5451,2559,232.96,0.467262 
5452,2581,237.76,0.561044 
5453,2593,240.37,0.481753 
5454,2559,232.96,0.438511 
5455,2559,232.96,0.561137 
5456,2594,240.59,0.561177 
5457,2599,241.68,0.435009 
5458,2601,242.12,0.417001 
5459,2587,239.07,0.409809 
5460,2559,232.96,0.460312 
5461,2587,239.07,0.561305 
5462,2559,232.96,0.460378 
5463,2582,237.98,0.561371 
5464,2610,244.08,0.478475 
5465,2597,241.25,0.377536 
5466,2601,242.12,0.424427 
5467,2587,239.07,0.410024 
5468,2559,232.96,0.460527 
5469,2583,238.19,0.561520 
5470,2559,232.96,0.475017 
5471,2559,232.96,0.561589 
5472,2605,242.99,0.561629 
5473,2559,232.96,0.395795 
5474,2559,232.96,0.561687 
5475,2559,232.96,0.561727 
5476,2603,242.55,0.561768 
5477,2608,243.64,0.403145 
5478,2559,232.96,0.385133 
5479,2559,232.96,0.561841 
5480,2582,237.98,0.561881 
5481,2559,232.96,0.478985 
5482,2601,242.12,0.561951 
5483,2593,240.37,0.410540 
5484,2599,241.68,0.439407 
5485,2608,243.64,0.417794 
5486,2559,232.96,0.385360 
5487,2608,243.64,0.562068 
5488,2593,240.37,0.385415 
5489,2605,242.99,0.439520 
5490,2606,243.21,0.396271 
5491,2590,239.72,0.392682 
5492,2586,238.85,0.450394 
5493,2559,232.96,0.464842 
5494,2582,237.98,0.562230 
5495,2598,241.46,0.479333 
5496,2598,241.46,0.421666 
5497,2559,232.96,0.421686 
5498,2598,241.46,0.562340 
5499,2589,239.50,0.421747 
5500,2583,238.19,0.454221 
5501,2597,241.25,0.475882 
5502,2559,232.96,0.425426 
5503,2559,232.96,0.562474 
5504,2559,232.96,0.562515 
5505,2559,232.96,0.562555 
5506,2587,239.07,0.562596 
5507,2599,241.68,0.461669 
5508,2589,239.50,0.418423 
5509,2604,242.77,0.454503 
5510,2608,243.64,0.400438 
5511,2581,237.76,0.386032 
5512,2595,240.81,0.483408 
5513,2559,232.96,0.432954 
5514,2593,240.37,0.562791 
5515,2602,242.34,0.440228 
5516,2598,241.46,0.407797 
5517,2599,241.68,0.422239 
5518,2606,243.21,0.418653 
5519,2586,238.85,0.393431 
5520,2591,239.94,0.465567 
5521,2559,232.96,0.447564 
5522,2581,237.76,0.562979 
5523,2596,241.03,0.483688 
5524,2599,241.68,0.429627 
5525,2559,232.96,0.418831 
5526,2589,239.50,0.563090 
5527,2608,243.64,0.454951 
5528,2559,232.96,0.386462 
5529,2559,232.96,0.563170 
5530,2598,241.46,0.563211 
5531,2559,232.96,0.422618 
5532,2559,232.96,0.563272 
5533,2559,232.96,0.563312 
5534,2559,232.96,0.563353 
5535,2559,232.96,0.563393 
5536,2601,242.12,0.563434 
5537,2599,241.68,0.412023 
5538,2559,232.96,0.419254 
5539,2593,240.37,0.563513 
5540,2559,232.96,0.440950 
5541,2599,241.68,0.563576 
5542,2588,239.28,0.419377 
5543,2595,240.81,0.459063 
5544,2599,241.68,0.433847 
5545,2607,243.43,0.419445 
5546,2599,241.68,0.390617 
5547,2559,232.96,0.419480 
5548,2585,238.63,0.563739 
5549,2594,240.59,0.470024 
5550,2582,237.98,0.437597 
5551,2559,232.96,0.480892 
5552,2581,237.76,0.563858 
5553,2599,241.68,0.484567 
5554,2601,242.12,0.419688 
5555,2604,242.77,0.412496 
5556,2602,242.34,0.401697 
5557,2587,239.07,0.408926 
5558,2559,232.96,0.463034 
5559,2598,241.46,0.564027 
5560,2559,232.96,0.423434 
5561,2599,241.68,0.564088 
5562,2591,239.94,0.419889 
5563,2559,232.96,0.448757 
5564,2559,232.96,0.564172 
5565,2595,240.81,0.564213 
5566,2559,232.96,0.434438 
5567,2598,241.46,0.564275 
5568,2583,238.19,0.423682 
5569,2593,240.37,0.477793 
5570,2559,232.96,0.441761 
5571,2559,232.96,0.564387 
5572,2581,237.76,0.564427 
5573,2559,232.96,0.485137 
5574,2559,232.96,0.564497 
5575,2602,242.34,0.564538 
5576,2597,241.25,0.409521 
5577,2595,240.81,0.427569 
5578,2585,238.63,0.434802 
5579,2582,237.98,0.470884 
5580,2598,241.46,0.481729 
5581,2585,238.63,0.424062 
5582,2585,238.63,0.470960 
5583,2599,241.68,0.470987 
5584,2601,242.12,0.420530 
5585,2559,232.96,0.413338 
5586,2580,237.54,0.564808 
5587,2598,241.46,0.489123 
5588,2589,239.50,0.424245 
5589,2559,232.96,0.456719 
5590,2559,232.96,0.564923 
5591,2601,242.12,0.564964 
5592,2583,238.19,0.413553 
5593,2559,232.96,0.478479 
5594,2611,244.30,0.565051 
5595,2583,238.19,0.377581 
5596,2586,238.85,0.478562 
5597,2585,238.63,0.467772 
5598,2559,232.96,0.471404 
5599,2598,241.46,0.565187 
5600,2543,229.47,0.424594 
5601,2584,238.41,0.622943 
5602,2559,232.96,0.475147 
5603,2590,239.72,0.565324 
5604,2559,232.96,0.453579 
5605,2559,232.96,0.565389 
5606,2603,242.55,0.565429 
5607,2559,232.96,0.406807 
5608,2596,241.03,0.565488 
5609,2591,239.94,0.432107 
5610,2601,242.12,0.450158 
5611,2599,241.68,0.414122 
5612,2598,241.46,0.421353 
5613,2559,232.96,0.424979 
5614,2591,239.94,0.565632 
5615,2595,240.81,0.450281 
5616,2559,232.96,0.435882 
5617,2559,232.96,0.565719 
5618,2559,232.96,0.565759 
5619,2559,232.96,0.565800 
5620,2559,232.96,0.565840 
5621,2589,239.50,0.565881 
5622,2559,232.96,0.457742 
5623,2590,239.72,0.565946 
5624,2559,232.96,0.454201 
5625,2597,241.25,0.566011 
5626,2559,232.96,0.429024 
5627,2559,232.96,0.566072 
5628,2593,240.37,0.566113 
5629,2693,262.17,0.443550 
5630,2559,232.96,0.082975 
5631,2596,241.03,0.566147 
5632,2581,237.76,0.432767 
5633,2559,232.96,0.486878 
5634,2581,237.76,0.566238 
5635,2587,239.07,0.486948 
5636,2599,241.68,0.465341 
5637,2603,242.55,0.422095 
5638,2592,240.16,0.407691 
5639,2599,241.68,0.447374 
5640,2597,241.25,0.422156 
5641,2559,232.96,0.429388 
5642,2559,232.96,0.566436 
5643,2593,240.37,0.566476 
5644,2559,232.96,0.443914 
5645,2582,237.98,0.566540 
5646,2593,240.37,0.483643 
5647,2589,239.50,0.444006 
5648,2586,238.85,0.458452 
5649,2587,239.07,0.469295 
5650,2595,240.81,0.465716 
5651,2559,232.96,0.436894 
5652,2594,240.59,0.566731 
5653,2587,239.07,0.440562 
5654,2559,232.96,0.465827 
5655,2583,238.19,0.566820 
5656,2559,232.96,0.480317 
5657,2559,232.96,0.566888 
5658,2559,232.96,0.566929 
5659,2559,232.96,0.566969 
5660,2559,232.96,0.567010 
5661,2583,238.19,0.567050 
5662,2600,241.90,0.480548 
5663,2597,241.25,0.419274 
5664,2559,232.96,0.430111 
5665,2586,238.85,0.567159 
5666,2591,239.94,0.469838 
5667,2581,237.76,0.451835 
5668,2559,232.96,0.487919 
5669,2559,232.96,0.567279 
5670,2593,240.37,0.567320 
5671,2586,238.85,0.444757 
5672,2583,238.19,0.470022 
5673,2595,240.81,0.480866 
5674,2559,232.96,0.437623 
5675,2595,240.81,0.567460 
5676,2596,241.03,0.437685 
5677,2598,241.46,0.434101 
5678,2582,237.98,0.426910 
5679,2559,232.96,0.484626 
5680,2559,232.96,0.567592 
5681,2559,232.96,0.567633 
5682,2559,232.96,0.567673 
5683,2559,232.96,0.567714 
5684,2603,242.55,0.567754 
5685,2607,243.43,0.409132 
5686,2581,237.76,0.394726 
5687,2599,241.68,0.488497 
5688,2592,240.16,0.423618 
5689,2559,232.96,0.448880 
5690,2559,232.96,0.567901 
5691,2596,241.03,0.567941 
5692,2559,232.96,0.434560 
5693,2582,237.98,0.568003 
5694,2559,232.96,0.485106 
5695,2583,238.19,0.568072 
5696,2597,241.25,0.481569 
5697,2602,242.34,0.431114 
5698,2608,243.64,0.413105 
5699,2597,241.25,0.391487 
5700,2599,241.68,0.431168 
5701,2559,232.96,0.423976 
5702,2588,239.28,0.568235 
5703,2559,232.96,0.463703 
5704,2559,232.96,0.568301 
5705,2590,239.72,0.568342 
5706,2595,240.81,0.456597 
5707,2559,232.96,0.438592 
5708,2589,239.50,0.568429 
5709,2559,232.96,0.460290 
5710,2597,241.25,0.568494 
5711,2595,240.81,0.431508 
5712,2559,232.96,0.438741 
5713,2559,232.96,0.568578 
5714,2559,232.96,0.568618 
5715,2559,232.96,0.568659 
5716,2596,241.03,0.568699 
5717,2559,232.96,0.435318 
5718,2559,232.96,0.568761 
5719,2583,238.19,0.568801 
5720,2559,232.96,0.482299 
5721,2583,238.19,0.568870 
5722,2559,232.96,0.482367 
5723,2559,232.96,0.568939 
5724,2599,241.68,0.568979 
5725,2592,240.16,0.424781 
5726,2550,231.00,0.450042 
5727,2559,232.96,0.601517 
5728,2559,232.96,0.569108 
5729,2586,238.85,0.569149 
5730,2585,238.63,0.471828 
5731,2559,232.96,0.475460 
5732,2584,238.41,0.569243 
5733,2595,240.81,0.479134 
5734,2559,232.96,0.439496 
5735,2602,242.34,0.569333 
5736,2559,232.96,0.414316 
5737,2594,240.59,0.569391 
5738,2559,232.96,0.443223 
5739,2590,239.72,0.569454 
5740,2581,237.76,0.457710 
5741,2592,240.16,0.490188 
5742,2608,243.64,0.450551 
5743,2588,239.28,0.392879 
5744,2559,232.96,0.465014 
5745,2559,232.96,0.569612 
5746,2601,242.12,0.569653 
5747,2559,232.96,0.418243 
5748,2559,232.96,0.569712 
5749,2602,242.34,0.569753 
5750,2559,232.96,0.414736 
5751,2589,239.50,0.569812 
5752,2559,232.96,0.461673 
5753,2559,232.96,0.569877 
5754,2559,232.96,0.569918 
5755,2603,242.55,0.569958 
5756,2559,232.96,0.411336 
5757,2559,232.96,0.570016 
5758,2598,241.46,0.570057 
5759,2606,243.21,0.429464 
5760,2602,242.34,0.400637 
5761,2598,241.46,0.415077 
5762,2559,232.96,0.429519 
5763,2559,232.96,0.570172 
5764,2559,232.96,0.570213 
5765,2586,238.85,0.570253 
5766,2594,240.59,0.472932 
5767,2559,232.96,0.444111 
5768,2598,241.46,0.570343 
5769,2559,232.96,0.429750 
5770,2559,232.96,0.570404 
5771,2559,232.96,0.570444 
5772,2559,232.96,0.570485 
5773,2559,232.96,0.570525 
5774,2602,242.34,0.570566 
5775,2559,232.96,0.415549 
5776,2559,232.96,0.570624 
5777,2559,232.96,0.570665 
5778,2605,242.99,0.570706 
5779,2594,240.59,0.404871 
5780,2559,232.96,0.444554 
5781,2597,241.25,0.570785 
5782,2587,239.07,0.433798 
5783,2595,240.81,0.469879 
5784,2559,232.96,0.441057 
5785,2586,238.85,0.570894 
5786,2587,239.07,0.473573 
5787,2583,238.19,0.469994 
5788,2590,239.72,0.484444 
5789,2591,239.94,0.459230 
5790,2591,239.94,0.455649 
5791,2592,240.16,0.455673 
5792,2582,237.98,0.452090 
5793,2594,240.59,0.488174 
5794,2608,243.64,0.444931 
5795,2592,240.16,0.394469 
5796,2597,241.25,0.452180 
5797,2590,239.72,0.434174 
5798,2592,240.16,0.459436 
5799,2593,240.37,0.452249 
5800,2581,237.76,0.448666 
5801,2582,237.98,0.491961 
5802,2589,239.50,0.488384 
5803,2587,239.07,0.463171 
5804,2586,238.85,0.470408 
5805,2580,237.54,0.474039 
5806,2586,238.85,0.495702 
5807,2587,239.07,0.474096 
5808,2588,239.28,0.470516 
5809,2583,238.19,0.466936 
5810,2596,241.03,0.484992 
5811,2587,239.07,0.438142 
5812,2591,239.94,0.470617 
5813,2590,239.72,0.456219 
5814,2591,239.94,0.459849 
5815,2586,238.85,0.456268 
5816,2587,239.07,0.474321 
5817,2594,240.59,0.470742 
5818,2591,239.94,0.445526 
5819,2588,239.28,0.456366 
5820,2594,240.59,0.467208 
5821,2587,239.07,0.445598 
5822,2602,242.34,0.470862 
5823,2588,239.28,0.416799 
5824,2588,239.28,0.467301 
5825,2587,239.07,0.467326 
5826,2591,239.94,0.470958 
5827,2590,239.72,0.456559 
5828,2589,239.50,0.460189 
5829,2582,237.98,0.463820 
5830,2583,238.19,0.489087 
5831,2586,238.85,0.485509 
5832,2590,239.72,0.474719 
5833,2589,239.50,0.460322 
5834,2592,240.16,0.463953 
5835,2586,238.85,0.453159 
5836,2589,239.50,0.474819 
5837,2603,242.55,0.464027 
5838,2586,238.85,0.413569 
5839,2589,239.50,0.474888 
5840,2591,239.94,0.464097 
5841,2589,239.50,0.456910 
5842,2585,238.63,0.464146 
5843,2559,232.96,0.478594 
5844,2591,239.94,0.572377 
5845,2583,238.19,0.457026 
5846,2589,239.50,0.485898 
5847,2585,238.63,0.464290 
5848,2559,232.96,0.478739 
5849,2591,239.94,0.572521 
5850,2591,239.94,0.457171 
5851,2592,240.16,0.457195 
5852,2596,241.03,0.453612 
5853,2597,241.25,0.439212 
5854,2587,239.07,0.435627 
5855,2588,239.28,0.471708 
5856,2559,232.96,0.468128 
5857,2595,240.81,0.572727 
5858,2586,238.85,0.442952 
5859,2592,240.16,0.475428 
5860,2591,239.94,0.453818 
5861,2593,240.37,0.457448 
5862,2593,240.37,0.450260 
5863,2583,238.19,0.450283 
5864,2587,239.07,0.486365 
5865,2599,241.68,0.471970 
5866,2588,239.28,0.428724 
5867,2589,239.50,0.468409 
5868,2583,238.19,0.464829 
5869,2591,239.94,0.486490 
5870,2585,238.63,0.457670 
5871,2583,238.19,0.479330 
5872,2559,232.96,0.486569 
5873,2582,237.98,0.573140 
5874,2588,239.28,0.490243 
5875,2586,238.85,0.468636 
5876,2585,238.63,0.475873 
5877,2583,238.19,0.479506 
5878,2586,238.85,0.486745 
5879,2590,239.72,0.475955 
5880,2587,239.07,0.461558 
5881,2588,239.28,0.472400 
5882,2591,239.94,0.468820 
5883,2590,239.72,0.458028 
5884,2559,232.96,0.461658 
5885,2581,237.76,0.573467 
5886,2582,237.98,0.494177 
5887,2583,238.19,0.490600 
5888,2583,238.19,0.487022 
5889,2585,238.63,0.487050 
5890,2582,237.98,0.479866 
5891,2549,230.78,0.490711 
5892,2587,239.07,0.609737 
5893,2583,238.19,0.472756 
5894,2585,238.63,0.487206 
5895,2582,237.98,0.480022 
5896,2582,237.98,0.490867 
5897,2588,239.28,0.490896 
5898,2588,239.28,0.469288 
5899,2587,239.07,0.469314 
5900,2588,239.28,0.472945 
5901,2589,239.50,0.469365 
5902,2586,238.85,0.465785 
5903,2586,238.85,0.476627 
5904,2589,239.50,0.476654 
5905,2588,239.28,0.465863 
5906,2583,238.19,0.469494 
5907,2591,239.94,0.487549 
5908,2586,238.85,0.458729 
5909,2593,240.37,0.476783 
5910,2588,239.28,0.451568 
5911,2588,239.28,0.469621 
5912,2586,238.85,0.469646 
5913,2591,239.94,0.476883 
5914,2582,237.98,0.458880 
5915,2587,239.07,0.491358 
5916,2582,237.98,0.473357 
5917,2559,232.96,0.491413 
5918,2559,232.96,0.574379 
5919,2581,237.76,0.574419 
5920,2559,232.96,0.495128 
5921,2585,238.63,0.574489 
5922,2559,232.96,0.480774 
5923,2592,240.16,0.574556 
5924,2594,240.59,0.455599 
5925,2559,232.96,0.448411 
5926,2582,237.98,0.574643 
5927,2582,237.98,0.491746 
5928,2587,239.07,0.491774 
5929,2559,232.96,0.473773 
5930,2586,238.85,0.574766 
5931,2586,238.85,0.477445 
5932,2582,237.98,0.477472 
5933,2590,239.72,0.491922 
5934,2583,238.19,0.463103 
5935,2582,237.98,0.488369 
5936,2582,237.98,0.492004 
5937,2597,241.25,0.492032 
5938,2593,240.37,0.437971 
5939,2592,240.16,0.452416 
5940,2583,238.19,0.456045 
5941,2599,241.68,0.488522 
5942,2587,239.07,0.430854 
5943,2587,239.07,0.474146 
5944,2589,239.50,0.474172 
5945,2590,239.72,0.466986 
5946,2588,239.28,0.463405 
5947,2587,239.07,0.470641 
5948,2594,240.59,0.474273 
5949,2590,239.72,0.449057 
5950,2591,239.94,0.463503 
5951,2594,240.59,0.459922 
5952,2595,240.81,0.449128 
5953,2593,240.37,0.445544 
5954,2559,232.96,0.452778 
5955,2593,240.37,0.575404 
5956,2591,239.94,0.452841 
5957,2589,239.50,0.460076 
5958,2591,239.94,0.467312 
5959,2587,239.07,0.460125 
5960,2583,238.19,0.474573 
5961,2586,238.85,0.489023 
5962,2593,240.37,0.478233 
5963,2581,237.76,0.453018 
5964,2559,232.96,0.496312 
5965,2585,238.63,0.575673 
5966,2559,232.96,0.481958 
5967,2559,232.96,0.575740 
5968,2594,240.59,0.575781 
5969,2589,239.50,0.449612 
5970,2588,239.28,0.467665 
5971,2586,238.85,0.471296 
5972,2591,239.94,0.478533 
5973,2587,239.07,0.460530 
5974,2590,239.72,0.474978 
5975,2595,240.81,0.464186 
5976,2587,239.07,0.446180 
5977,2592,240.16,0.475050 
5978,2599,241.68,0.457046 
5979,2586,238.85,0.431827 
5980,2593,240.37,0.478725 
5981,2587,239.07,0.453510 
5982,2585,238.63,0.475168 
5983,2581,237.76,0.482406 
5984,2582,237.98,0.496857 
5985,2554,231.87,0.493281 
5986,2587,239.07,0.594277 
5987,2559,232.96,0.475322 
5988,2586,238.85,0.576316 
5989,2559,232.96,0.478995 
5990,2592,240.16,0.576383 
5991,2589,239.50,0.457426 
5992,2590,239.72,0.468267 
5993,2589,239.50,0.464686 
5994,2593,240.37,0.468317 
5995,2594,240.59,0.453918 
5996,2586,238.85,0.450335 
5997,2594,240.59,0.479205 
5998,2595,240.81,0.450384 
5999,2590,239.72,0.446800 
6000,2591,239.94,0.464852 
6001,2559,232.96,0.461270 
6002,2596,241.03,0.576685 
6003,2559,232.96,0.443305 
6004,2583,238.19,0.576747 
6005,2589,239.50,0.490244 
6006,2586,238.85,0.468637 
6007,2587,239.07,0.479479 
6008,2590,239.72,0.475900 
6009,2592,240.16,0.465108 
6010,2591,239.94,0.457920 
6011,2590,239.72,0.461550 
6012,2591,239.94,0.465180 
6013,2593,240.37,0.461598 
6014,2586,238.85,0.454410 
6015,2591,239.94,0.479675 
6016,2591,239.94,0.461672 
6017,2586,238.85,0.461696 
6018,2559,232.96,0.479749 
6019,2587,239.07,0.577137 
6020,2607,243.43,0.476211 
6021,2592,240.16,0.404117 
6022,2595,240.81,0.458222 
6023,2593,240.37,0.447428 
6024,2593,240.37,0.454662 
6025,2592,240.16,0.454685 
6026,2591,239.94,0.458313 
6027,2582,237.98,0.461943 
6028,2590,239.72,0.494421 
6029,2590,239.72,0.465601 
6030,2587,239.07,0.465626 
6031,2591,239.94,0.476468 
6032,2583,238.19,0.462070 
6033,2592,240.16,0.490942 
6034,2591,239.94,0.458516 
6035,2597,241.25,0.462146 
6036,2587,239.07,0.440534 
6037,2590,239.72,0.476614 
6038,2586,238.85,0.465822 
6039,2587,239.07,0.480271 
6040,2589,239.50,0.476691 
6041,2594,240.59,0.469505 
6042,2583,238.19,0.451500 
6043,2589,239.50,0.491189 
6044,2591,239.94,0.469581 
6045,2590,239.72,0.462394 
6046,2593,240.37,0.466024 
6047,2591,239.94,0.455230 
6048,2593,240.37,0.462465 
6049,2590,239.72,0.455277 
6050,2593,240.37,0.466118 
6051,2592,240.16,0.455324 
6052,2589,239.50,0.458953 
6053,2588,239.28,0.469795 
6054,2589,239.50,0.473426 
6055,2588,239.28,0.469845 
6056,2585,238.63,0.473476 
6057,2587,239.07,0.484319 
6058,2590,239.72,0.477135 
6059,2582,237.98,0.466343 
6060,2590,239.72,0.495215 
6061,2587,239.07,0.466396 
6062,2586,238.85,0.477238 
6063,2594,240.59,0.480870 
6064,2602,242.34,0.452049 
6065,2587,239.07,0.423223 
6066,2593,240.37,0.477331 
6067,2599,241.68,0.455721 
6068,2593,240.37,0.434108 
6069,2592,240.16,0.455764 
6070,2592,240.16,0.459393 
6071,2591,239.94,0.459416 
6072,2589,239.50,0.463046 
6073,2591,239.94,0.470282 
6074,2588,239.28,0.463094 
6075,2534,227.51,0.473936 
6076,2587,239.07,0.668685 
6077,2595,240.81,0.477621 
6078,2589,239.50,0.448800 
6079,2593,240.37,0.470457 
6080,2581,237.76,0.456058 
6081,2591,239.94,0.499353 
6082,2587,239.07,0.463322 
6083,2593,240.37,0.477770 
6084,2609,243.86,0.456160 
6085,2590,239.72,0.398487 
6086,2590,239.72,0.467016 
6087,2594,240.59,0.467040 
6088,2590,239.72,0.452641 
6089,2592,240.16,0.467087 
6090,2590,239.72,0.459899 
6091,2592,240.16,0.467135 
6092,2594,240.59,0.459947 
6093,2595,240.81,0.452759 
6094,2588,239.28,0.449175 
6095,2591,239.94,0.474439 
6096,2587,239.07,0.463646 
6097,2594,240.59,0.478094 
6098,2591,239.94,0.452879 
6099,2583,238.19,0.463719 
6100,2597,241.25,0.492590 
6101,2592,240.16,0.442135 
6102,2586,238.85,0.460185 
6103,2585,238.63,0.481845 
6104,2589,239.50,0.485477 
6105,2559,232.96,0.471081 
6106,2587,239.07,0.579285 
6107,2585,238.63,0.478358 
6108,2589,239.50,0.485596 
6109,2591,239.94,0.471199 
6110,2590,239.72,0.464012 
6111,2593,240.37,0.467642 
6112,2590,239.72,0.456849 
6113,2585,238.63,0.467689 
6114,2592,240.16,0.485744 
6115,2583,238.19,0.460529 
6116,2588,239.28,0.493006 
6117,2590,239.72,0.475004 
6118,2587,239.07,0.467818 
6119,2596,241.03,0.478660 
6120,2589,239.50,0.446232 
6121,2586,238.85,0.471496 
6122,2589,239.50,0.482338 
6123,2559,232.96,0.471547 
6124,2538,228.38,0.579751 
6125,2595,240.81,0.655517 
6126,2589,239.50,0.450028 
6127,2589,239.50,0.471686 
6128,2592,240.16,0.471711 
6129,2588,239.28,0.460918 
6130,2589,239.50,0.475365 
6131,2595,240.81,0.471785 
6132,2594,240.59,0.450174 
6133,2592,240.16,0.453802 
6134,2593,240.37,0.461036 
6135,2587,239.07,0.457453 
6136,2592,240.16,0.479112 
6137,2583,238.19,0.461108 
6138,2593,240.37,0.493585 
6139,2583,238.19,0.457554 
6140,2559,232.96,0.493636 
6141,2586,238.85,0.580208 
6142,2589,239.50,0.482887 
6143,2559,232.96,0.472096 
6144,2590,239.72,0.580300 
6145,2589,239.50,0.468555 
6146,2469,213.34,0.472186 
6147,2591,239.94,0.904928 
6148,2593,240.37,0.465086 
6149,2594,240.59,0.457898 
6150,2594,240.59,0.454315 
6151,2590,239.72,0.454337 
6152,2593,240.37,0.468783 
6153,2545,229.91,0.457990 
6154,2589,239.50,0.631100 
6155,2588,239.28,0.472485 
6156,2583,238.19,0.476116 
6157,2582,237.98,0.494171 
6158,2593,240.37,0.497805 
6159,2593,240.37,0.458168 
6160,2592,240.16,0.458191 
6161,2597,241.25,0.461819 
6162,2592,240.16,0.443813 
6163,2594,240.59,0.461864 
6164,2598,241.46,0.454675 
6165,2589,239.50,0.440274 
6166,2592,240.16,0.472748 
6167,2593,240.37,0.461955 
6168,2587,239.07,0.458372 
6169,2559,232.96,0.480031 
6170,2585,238.63,0.581024 
6171,2559,232.96,0.487309 
6172,2591,239.94,0.581092 
6173,2588,239.28,0.465741 
6174,2559,232.96,0.476583 
6175,2590,239.72,0.581182 
6176,2591,239.94,0.469437 
6177,2598,241.46,0.465856 
6178,2603,242.55,0.440638 
6179,2593,240.37,0.422628 
6180,2595,240.81,0.458706 
6181,2583,238.19,0.451517 
6182,2591,239.94,0.494810 
6183,2590,239.72,0.465990 
6184,2583,238.19,0.469620 
6185,2598,241.46,0.494887 
6186,2590,239.72,0.440825 
6187,2588,239.28,0.469693 
6188,2559,232.96,0.476930 
6189,2559,232.96,0.581528 
6190,2591,239.94,0.581569 
6191,2592,240.16,0.466218 
6192,2589,239.50,0.462636 
6193,2634,249.31,0.473477 
6194,2587,239.07,0.311233 
6195,2585,238.63,0.480716 
6196,2559,232.96,0.487954 
6197,2592,240.16,0.581736 
6198,2595,240.81,0.462780 
6199,2599,241.68,0.451985 
6200,2594,240.59,0.437583 
6201,2589,239.50,0.455633 
6202,2593,240.37,0.473685 
6203,2592,240.16,0.459286 
6204,2590,239.72,0.462915 
6205,2583,238.19,0.470150 
6206,2592,240.16,0.495417 
6207,2589,239.50,0.462991 
6208,2587,239.07,0.473832 
6209,2586,238.85,0.481069 
6210,2595,240.81,0.484701 
6211,2596,241.03,0.452274 
6212,2593,240.37,0.448690 
6213,2582,237.98,0.459529 
6214,2592,240.16,0.499218 
6215,2592,240.16,0.463186 
6216,2583,238.19,0.463210 
6217,2559,232.96,0.495687 
6218,2592,240.16,0.582259 
6219,2590,239.72,0.463302 
6220,2588,239.28,0.470537 
6221,2581,237.76,0.477774 
6222,2591,239.94,0.503041 
6223,2582,237.98,0.467010 
6224,2584,238.41,0.499488 
6225,2589,239.50,0.492305 
6226,2593,240.37,0.474302 
6227,2589,239.50,0.459904 
6228,2602,242.34,0.474350 
6229,2590,239.72,0.427498 
6230,2597,241.25,0.470787 
6231,2591,239.94,0.445570 
6232,2590,239.72,0.467227 
6233,2587,239.07,0.470857 
6234,2596,241.03,0.481699 
6235,2587,239.07,0.449271 
6236,2592,240.16,0.481747 
6237,2589,239.50,0.463742 
6238,2595,240.81,0.474584 
6239,2581,237.76,0.452973 
6240,2589,239.50,0.503479 
6241,2587,239.07,0.474660 
6242,2590,239.72,0.481897 
6243,2592,240.16,0.471105 
6244,2593,240.37,0.463917 
6245,2593,240.37,0.460335 
6246,2590,239.72,0.460358 
6247,2590,239.72,0.471198 
6248,2591,239.94,0.471223 
6249,2593,240.37,0.467641 
6250,2593,240.37,0.460454 
6251,2590,239.72,0.460476 
6252,2586,238.85,0.471317 
6253,2586,238.85,0.485765 
6254,2586,238.85,0.485792 
6255,2589,239.50,0.485818 
6256,2593,240.37,0.475027 
6257,2588,239.28,0.460628 
6258,2591,239.94,0.478681 
6259,2590,239.72,0.467888 
6260,2611,244.30,0.471518 
6261,2592,240.16,0.395817 
6262,2582,237.98,0.464344 
6263,2559,232.96,0.500428 
6264,2591,239.94,0.583394 
6265,2588,239.28,0.468043 
6266,2607,243.43,0.478885 
6267,2591,239.94,0.410397 
6268,2590,239.72,0.468108 
6269,2593,240.37,0.471738 
6270,2559,232.96,0.460945 
6271,2589,239.50,0.583571 
6272,2592,240.16,0.475432 
6273,2591,239.94,0.464639 
6274,2587,239.07,0.468268 
6275,2592,240.16,0.482716 
6276,2593,240.37,0.464712 
6277,2586,238.85,0.461130 
6278,2587,239.07,0.486394 
6279,2559,232.96,0.482815 
6280,2583,238.19,0.583808 
6281,2587,239.07,0.497305 
6282,2585,238.63,0.482910 
6283,2593,240.37,0.490147 
6284,2594,240.59,0.461327 
6285,2588,239.28,0.457744 
6286,2590,239.72,0.479402 
6287,2592,240.16,0.472215 
6288,2591,239.94,0.465028 
6289,2593,240.37,0.468657 
6290,2591,239.94,0.461469 
6291,2590,239.72,0.468704 
6292,2592,240.16,0.472334 
6293,2592,240.16,0.465146 
6294,2591,239.94,0.465170 
6295,2597,241.25,0.468799 
6296,2594,240.59,0.447187 
6297,2599,241.68,0.458026 
6298,2590,239.72,0.440019 
6299,2591,239.94,0.472492 
6300,2590,239.72,0.468911 
6301,2587,239.07,0.472541 
6302,2585,238.63,0.483383 
6303,2586,238.85,0.490621 
6304,2592,240.16,0.487042 
6305,2589,239.50,0.465433 
6306,2583,238.19,0.476274 
6307,2587,239.07,0.497935 
6308,2559,232.96,0.483539 
6309,2592,240.16,0.584532 
6310,2733,270.89,0.465576 
6311,2582,237.98,-0.042844 
6312,2594,240.59,0.501609 
6313,2608,243.64,0.458366 
6314,2592,240.16,0.407905 
6315,2586,238.85,0.465615 
6316,2598,241.46,0.487275 
6317,2590,239.72,0.444029 
6318,2592,240.16,0.472898 
6319,2588,239.28,0.465710 
6320,2586,238.85,0.480158 
6321,2589,239.50,0.487395 
6322,2581,237.76,0.476604 
6323,2587,239.07,0.505476 
6324,2582,237.98,0.483870 
6325,2583,238.19,0.501925 
6326,2582,237.98,0.498348 
6327,2587,239.07,0.501982 
6328,2559,232.96,0.483981 
6329,2583,238.19,0.584974 
6330,2583,238.19,0.498471 
6331,2587,239.07,0.498499 
6332,2587,239.07,0.484104 
6333,2589,239.50,0.484130 
6334,2582,237.98,0.476944 
6335,2587,239.07,0.502210 
6336,2587,239.07,0.484209 
6337,2595,240.81,0.484235 
6338,2591,239.94,0.455413 
6339,2590,239.72,0.469859 
6340,2587,239.07,0.473489 
6341,2588,239.28,0.484331 
6342,2593,240.37,0.480751 
6343,2621,246.48,0.462747 
6344,2591,239.94,0.361803 
6345,2601,242.12,0.469990 
6346,2592,240.16,0.433954 
6347,2595,240.81,0.466427 
6348,2559,232.96,0.455632 
6349,2591,239.94,0.585469 
6350,2607,243.43,0.470119 
6351,2590,239.72,0.412447 
6352,2589,239.50,0.473764 
6353,2587,239.07,0.477395 
6354,2594,240.59,0.484632 
6355,2583,238.19,0.459416 
6356,2585,238.63,0.499104 
6357,2581,237.76,0.491920 
6358,2589,239.50,0.506371 
6359,2589,239.50,0.477552 
6360,2589,239.50,0.477577 
6361,2594,240.59,0.477602 
6362,2589,239.50,0.459597 
6363,2591,239.94,0.477650 
6364,2587,239.07,0.470463 
6365,2599,241.68,0.484910 
6366,2601,242.12,0.441665 
6367,2581,237.76,0.434473 
6368,2589,239.50,0.506611 
6369,2585,238.63,0.477792 
6370,2589,239.50,0.492241 
6371,2586,238.85,0.477844 
6372,2583,238.19,0.488687 
6373,2586,238.85,0.499531 
6374,2583,238.19,0.488741 
6375,2559,232.96,0.499586 
6376,2583,238.19,0.586158 
6377,2559,232.96,0.499655 
6378,2586,238.85,0.586226 
6379,2559,232.96,0.488905 
6380,2587,239.07,0.586293 
6381,2589,239.50,0.485367 
6382,2582,237.98,0.478180 
6383,2586,238.85,0.503447 
6384,2586,238.85,0.489052 
6385,2594,240.59,0.489078 
6386,2589,239.50,0.460257 
6387,2589,239.50,0.478309 
6388,2602,242.34,0.478334 
6389,2589,239.50,0.431482 
6390,2592,240.16,0.478378 
6391,2586,238.85,0.467585 
6392,2587,239.07,0.489244 
6393,2588,239.28,0.485665 
6394,2589,239.50,0.482085 
6395,2587,239.07,0.478504 
6396,2582,237.98,0.485741 
6397,2559,232.96,0.503797 
6398,2589,239.50,0.586763 
6399,2588,239.28,0.478624 
6400,2591,239.94,0.482255 
6401,2587,239.07,0.471463 
6402,2590,239.72,0.485911 
6403,2590,239.72,0.475119 
6404,2590,239.72,0.475143 
6405,2592,240.16,0.475167 
6406,2596,241.03,0.467980 
6407,2594,240.59,0.453579 
6408,2593,240.37,0.460813 
6409,2592,240.16,0.464441 
6410,2559,232.96,0.468070 
6411,2590,239.72,0.587091 
6412,2585,238.63,0.475346 
6413,2589,239.50,0.493400 
6414,2590,239.72,0.479003 
6415,2583,238.19,0.475422 
6416,2559,232.96,0.500689 
6417,2582,237.98,0.587260 
6418,2579,237.32,0.504363 
6419,2592,240.16,0.515210 
6420,2584,238.41,0.468362 
6421,2591,239.94,0.497233 
6422,2590,239.72,0.472019 
6423,2588,239.28,0.475649 
6424,2593,240.37,0.482885 
6425,2594,240.59,0.464881 
6426,2595,240.81,0.461298 
6427,2594,240.59,0.457714 
6428,2592,240.16,0.461342 
6429,2593,240.37,0.468576 
6430,2594,240.59,0.464994 
6431,2591,239.94,0.461411 
6432,2595,240.81,0.472251 
6433,2589,239.50,0.457851 
6434,2589,239.50,0.479509 
6435,2585,238.63,0.479534 
6436,2591,239.94,0.493983 
6437,2592,240.16,0.472374 
6438,2587,239.07,0.468792 
6439,2586,238.85,0.486845 
6440,2588,239.28,0.490477 
6441,2589,239.50,0.483292 
6442,2586,238.85,0.479711 
6443,2588,239.28,0.490554 
6444,2585,238.63,0.483369 
6445,2587,239.07,0.494212 
6446,2583,238.19,0.487027 
6447,2587,239.07,0.501477 
6448,2594,240.59,0.487081 
6449,2593,240.37,0.461866 
6450,2589,239.50,0.465494 
6451,2585,238.63,0.479941 
6452,2589,239.50,0.494389 
6453,2590,239.72,0.479993 
6454,2592,240.16,0.476412 
6455,2595,240.81,0.469224 
6456,2592,240.16,0.458430 
6457,2586,238.85,0.469269 
6458,2590,239.72,0.490929 
6459,2587,239.07,0.476531 
6460,2589,239.50,0.487374 
6461,2598,241.46,0.480188 
6462,2607,243.43,0.447759 
6463,2591,239.94,0.415325 
6464,2594,240.59,0.473037 
6465,2559,232.96,0.462243 
6466,2594,240.59,0.588474 
6467,2592,240.16,0.462306 
6468,2590,239.72,0.469540 
6469,2589,239.50,0.476775 
6470,2602,242.34,0.480406 
6471,2599,241.68,0.433553 
6472,2594,240.59,0.444389 
6473,2588,239.28,0.462439 
6474,2597,241.25,0.484097 
6475,2587,239.07,0.451669 
6476,2591,239.94,0.487749 
6477,2592,240.16,0.473351 
6478,2593,240.37,0.469769 
6479,2589,239.50,0.466187 
6480,2591,239.94,0.480634 
6481,2590,239.72,0.473447 
6482,2592,240.16,0.477077 
6483,2601,242.12,0.469889 
6484,2589,239.50,0.437459 
6485,2592,240.16,0.480749 
6486,2591,239.94,0.469956 
6487,2589,239.50,0.473586 
6488,2591,239.94,0.480821 
6489,2592,240.16,0.473634 
6490,2559,232.96,0.470052 
6491,2597,241.25,0.589073 
6492,2591,239.94,0.452086 
6493,2591,239.94,0.473743 
6494,2591,239.94,0.473767 
6495,2589,239.50,0.473791 
6496,2585,238.63,0.481027 
6497,2586,238.85,0.495476 
6498,2587,239.07,0.491897 
6499,2592,240.16,0.488318 
6500,2589,239.50,0.470313 
6501,2587,239.07,0.481155 
6502,2588,239.28,0.488392 
6503,2595,240.81,0.484812 
6504,2641,250.84,0.459596 
6505,2583,238.19,0.293742 
6506,2590,239.72,0.502887 
6507,2587,239.07,0.477673 
6508,2592,240.16,0.488516 
6509,2592,240.16,0.470512 
6510,2590,239.72,0.470535 
6511,2606,243.21,0.477771 
6512,2592,240.16,0.420099 
6513,2595,240.81,0.470599 
6514,2599,241.68,0.459805 
6515,2598,241.46,0.445403 
6516,2593,240.37,0.449028 
6517,2594,240.59,0.467079 
6518,2595,240.81,0.463496 
6519,2595,240.81,0.459912 
6520,2593,240.37,0.459934 
6521,2586,238.85,0.467168 
6522,2592,240.16,0.492432 
6523,2597,241.25,0.470823 
6524,2595,240.81,0.452816 
6525,2590,239.72,0.460049 
6526,2586,238.85,0.478101 
6527,2595,240.81,0.492549 
6528,2585,238.63,0.460122 
6529,2591,239.94,0.496204 
6530,2589,239.50,0.474595 
6531,2594,240.59,0.481831 
6532,2592,240.16,0.463826 
6533,2594,240.59,0.471060 
6534,2593,240.37,0.463872 
6535,2590,239.72,0.467500 
6536,2595,240.81,0.478341 
6537,2594,240.59,0.460335 
6538,2593,240.37,0.463963 
6539,2598,241.46,0.467592 
6540,2595,240.81,0.449585 
6541,2581,237.76,0.460423 
6542,2559,232.96,0.510929 
6543,2593,240.37,0.590289 
6544,2592,240.16,0.467726 
6545,2595,240.81,0.471355 
6546,2589,239.50,0.460561 
6547,2592,240.16,0.482218 
6548,2590,239.72,0.471425 
549,2586,238.85,0.478661 
6550,2559,232.96,0.493109 
6551,2587,239.07,0.590497 
6552,2586,238.85,0.489570 
6553,2582,237.98,0.493202 
6554,2589,239.50,0.507653 
6555,2588,239.28,0.482439 
6556,2587,239.07,0.486070 
6557,2595,240.81,0.489702 
6558,2586,238.85,0.460880 
6559,2589,239.50,0.493356 
6560,2559,232.96,0.482564 
6561,2587,239.07,0.590769 
6562,2581,237.76,0.489842 
6563,2585,238.63,0.511504 
6564,2587,239.07,0.497109 
6565,2592,240.16,0.489924 
6566,2588,239.28,0.471920 
6567,2587,239.07,0.486367 
6568,2587,239.07,0.489999 
6569,2590,239.72,0.490025 
6570,2586,238.85,0.479233 
6571,2589,239.50,0.493681 
6572,2587,239.07,0.482890 
6573,2586,238.85,0.490127 
6574,2586,238.85,0.493759 
6575,2591,239.94,0.493785 
6576,2595,240.81,0.475782 
6577,2586,238.85,0.461382 
6578,2592,240.16,0.493857 
6579,2587,239.07,0.472248 
6580,2586,238.85,0.490302 
6581,2586,238.85,0.493933 
6582,2590,239.72,0.493960 
6583,2583,238.19,0.479563 
6584,2547,230.35,0.504829 
6585,2594,240.59,0.634672 
6586,2583,238.19,0.465238 
6587,2586,238.85,0.504926 
6588,2586,238.85,0.494136 
6589,2587,239.07,0.494163 
6590,2592,240.16,0.490583 
6591,2589,239.50,0.472579 
6592,2583,238.19,0.483421 
6593,2588,239.28,0.505082 
6594,2533,227.29,0.487080 
6595,2597,241.25,0.685434 
6596,2583,238.19,0.454706 
6597,2587,239.07,0.505210 
6598,2581,237.76,0.490814 
6599,2586,238.85,0.512476 
6600,2590,239.72,0.494475 
6601,2591,239.94,0.480078 
6602,2589,239.50,0.476496 
6603,2591,239.94,0.483732 
6604,2589,239.50,0.476545 
6605,2585,238.63,0.483781 
6606,2588,239.28,0.498230 
6607,2592,240.16,0.487439 
6608,2592,240.16,0.473041 
6609,2586,238.85,0.473064 
6610,2587,239.07,0.494723 
6611,2594,240.59,0.491144 
6612,2585,238.63,0.465928 
6613,2593,240.37,0.498404 
6614,2591,239.94,0.469584 
6615,2596,241.03,0.476818 
6616,2590,239.72,0.458812 
6617,2586,238.85,0.480470 
6618,2592,240.16,0.494918 
6619,2595,240.81,0.473309 
6620,2589,239.50,0.462514 
6621,2586,238.85,0.484172 
6622,2589,239.50,0.495015 
6623,2590,239.72,0.484223 
6624,2583,238.19,0.480642 
6625,2586,238.85,0.505909 
6626,2588,239.28,0.495119 
6627,2587,239.07,0.487933 
6628,2581,237.76,0.491565 
6629,2583,238.19,0.513227 
6630,2581,237.76,0.506044 
6631,2559,232.96,0.513284 
6632,2583,238.19,0.592645 
6633,2559,232.96,0.506142 
6634,2582,237.98,0.592713 
