ets Jul 29 2019 12:21:46

rst:0x1 (POWERON_RESET),boot:0x12 (SPI_FAST_FLASH_BOOT)
configsip: 0, SPIWP:0xee
clk_drv:0x00,q_drv:0x00,d_drv:0x00,cs0_drv:0x00,hd_drv:0x00,wp_drv:0x00
mode:DIO, clock div:2
load:0x3fff0040,len:6272
load:0x40078000,len:15848
load:0x40080400,len:3920
entry 0x40080644
I (27) boot: ESP-IDF v6.0 2nd stage bootloader
I (27) boot: compile time Apr 23 2026 08:09:33
I (28) boot: Multicore bootloader
I (29) boot: chip revision: v3.1
I (31) boot.esp32: SPI Speed      : 40MHz
I (35) boot.esp32: SPI Mode       : DIO
I (39) boot.esp32: SPI Flash Size : 2MB
I (42) boot: Enabling RNG early entropy source...
I (47) boot: Partition Table:
I (49) boot: ## Label            Usage          Type ST Offset   Length
I (56) boot:  0 nvs              WiFi data        01 02 00009000 00006000
I (62) boot:  1 phy_init         RF data          01 01 0000f000 00001000
I (69) boot:  2 factory          factory app      00 00 00010000 00100000
I (75) boot: End of partition table
I (79) esp_image: segment 0: paddr=00010020 vaddr=3f400020 size=09668h ( 38504) map
I (100) esp_image: segment 1: paddr=00019690 vaddr=3ffb0000 size=02a2ch ( 10796) load
I (104) esp_image: segment 2: paddr=0001c0c4 vaddr=40080000 size=03f54h ( 16212) load
I (111) esp_image: segment 3: paddr=00020020 vaddr=400d0020 size=0f6dch ( 63196) map
I (134) esp_image: segment 4: paddr=0002f704 vaddr=40083f54 size=06e28h ( 28200) load
I (146) esp_image: segment 5: paddr=00036534 vaddr=50000000 size=00028h (    40) load
I (152) boot: Loaded app from partition at offset 0x10000
I (152) boot: Disabling RNG early entropy source...
I (164) cpu_start: Multicore app
I (172) cpu_start: GPIO 3 and 1 are used as console UART I/O pins
I (172) cpu_start: Pro cpu start user code
I (172) cpu_start: cpu freq: 160000000 Hz
I (174) app_init: Application information:
I (178) app_init: Project name:     app-template
I (182) app_init: App version:      1
I (186) app_init: Compile time:     Apr 23 2026 08:07:59
I (191) app_init: ELF file SHA256:  904c88fda...
I (195) app_init: ESP-IDF:          v6.0
I (199) efuse_init: Min chip rev:     v0.0
I (202) efuse_init: Max chip rev:     v3.99 
I (206) efuse_init: Chip rev:         v3.1
I (211) heap_init: Initializing. RAM available for dynamic allocation:
I (217) heap_init: At 3FFAE6E0 len 00001920 (6 KiB): DRAM
I (222) heap_init: At 3FFB3410 len 0002CBF0 (178 KiB): DRAM
I (227) heap_init: At 3FFE0440 len 00003AE0 (14 KiB): D/IRAM
I (232) heap_init: At 3FFE4350 len 0001BCB0 (111 KiB): D/IRAM
I (238) heap_init: At 4008AD7C len 00015284 (84 KiB): IRAM
I (245) spi_flash: detected chip: generic
I (247) spi_flash: flash io: dio
W (250) spi_flash: Detected size(4096k) larger than the size in the binary image header(2048k). Using the size in the binary image header.
I (263) main_task: Started on CPU0
I (273) main_task: Calling app_main()
1,1699,59.75,0.000000 
2,1696,58.89,0.000000 
3,1698,59.46,0.000000 
4,1698,59.46,0.000000 
5,1690,57.17,0.000000 
6,1702,60.60,0.000000 
7,1699,59.75,0.000000 
8,1707,62.03,0.000000 
Forno LIGADO: a=3 [°C / min]
Forno LIGADO: a=3 [°C / min]
Forno LIGADO: a=3 [°C / min]
Forno LIGADO: a=3 [°C / min]
Forno LIGADO: a=3 [°C / min]
Forno LIGADO: a=3 [°C / min]
Forno LIGADO: a=3 [°C / min]
Forno LIGADO: a=3 [°C / min]
9,1701,60.32,0.000000 
10,1719,65.44,0.000000 
11,1698,59.46,0.000000 
12,1698,59.46,0.000000 
13,1695,58.60,0.000000 
14,1701,60.32,0.000000 
15,1704,61.17,0.000000 
16,1698,59.46,0.000000 
17,1697,59.17,0.000000 
18,1698,59.46,0.000000 
19,1703,60.89,0.000000 
20,1696,58.89,0.000000 
21,1697,59.17,0.000000 
22,1690,57.17,0.000000 
23,1694,58.31,0.000000 
24,1694,58.31,0.000000 
25,1694,58.31,0.000000 
26,1694,58.31,0.000000 
27,1696,58.89,0.000000 
28,1696,58.89,0.000000 
29,1694,58.31,0.000000 
30,1697,59.17,0.000000 
31,1696,58.89,0.000000 
32,1699,59.75,0.000000 
33,1687,56.31,0.000000 
34,1699,59.75,0.000000 
35,1698,59.46,0.000000 
36,1698,59.46,0.000000 
37,1700,60.03,0.000000 
38,1700,60.03,0.000000 
39,1698,59.46,0.000000 
40,1698,59.46,0.000000 
41,1701,60.32,0.000000 
42,1702,60.60,0.000000 
43,1698,59.46,0.000000 
44,1702,60.60,0.000000 
45,1707,62.03,0.000000 
46,1695,58.60,0.000000 
47,1698,59.46,0.000000 
48,1699,59.75,0.000000 
49,1694,58.31,0.000000 
50,1695,58.60,0.000000 
51,1696,58.89,0.000000 
52,1694,58.31,0.000000 
53,1696,58.89,0.000000 
54,1698,59.46,0.000000 
55,1698,59.46,0.000000 
56,1699,59.75,0.000000 
57,1698,59.46,0.000000 
58,1700,60.03,0.000000 
59,1707,62.03,0.000000 
60,1674,52.57,0.000000 
61,1701,60.32,0.157273 
62,1700,60.03,0.000000 
63,1701,60.32,0.000000 
64,1705,61.46,0.000000 
65,1696,58.89,0.000000 
66,1694,58.31,0.000000 
67,1697,59.17,0.000000 
68,1698,59.46,0.000000 
69,1696,58.89,0.000000 
70,1699,59.75,0.000000 
71,1701,60.32,0.000000 
72,1693,58.03,0.000000 
73,1700,60.03,0.000000 
74,1699,59.75,0.000000 
75,1702,60.60,0.000000 
76,1704,61.17,0.000000 
77,1712,63.45,0.000000 
78,1706,61.74,0.000000 
79,1709,62.60,0.000000 
80,1701,60.32,0.000000 
81,1707,62.03,0.000000 
82,1706,61.74,0.000000 
83,1709,62.60,0.000000 
84,1704,61.17,0.000000 
85,1706,61.74,0.000000 
86,1701,60.32,0.000000 
87,1689,56.88,0.000000 
88,1703,60.89,0.000000 
89,1698,59.46,0.000000 
90,1690,57.17,0.000000 
91,1703,60.89,0.000000 
92,1708,62.31,0.000000 
93,1706,61.74,0.000000 
94,1707,62.03,0.000000 
95,1703,60.89,0.000000 
96,1703,60.89,0.000000 
97,1711,63.17,0.000000 
98,1715,64.31,0.000000 
99,1703,60.89,0.000000 
00,1707,62.03,0.000000 
101,1715,64.31,0.000000 
102,1712,63.45,0.000000 
103,1709,62.60,0.000000 
104,1712,63.45,0.000000 
105,1712,63.45,0.000000 
106,1709,62.60,0.000000 
107,1709,62.60,0.000000 
108,1711,63.17,0.000000 
109,1709,62.60,0.000000 
110,1712,63.45,0.000000 
111,1711,63.17,0.000000 
112,1712,63.45,0.000000 
113,1711,63.17,0.000000 
114,1712,63.45,0.000000 
115,1711,63.17,0.000000 
116,1712,63.45,0.000000 
117,1709,62.60,0.000000 
118,1712,63.45,0.000000 
119,1709,62.60,0.000000 
120,1709,62.60,0.000000 
121,1710,62.88,0.000000 
122,1710,62.88,0.000000 
123,1705,61.46,0.000000 
124,1706,61.74,0.000000 
125,1707,62.03,0.000000 
126,1710,62.88,0.000000 
127,1697,59.17,0.000000 
128,1707,62.03,0.000000 
ets Jul 29 2019 12:21:46

rst:0x1 (POWERON_RESET),boot:0x12 (SPI_FAST_FLASH_BOOT)
configsip: 0, SPIWP:0xee
clk_drv:0x00,q_drv:0x00,d_drv:0x00,cs0_drv:0x00,hd_drv:0x00,wp_drv:0x00
mode:DIO, clock div:2
load:0x3fff0040,len:6272
load:0x40078000,len:15848
load:0x40080400,len:3920
entry 0x40080644
I (27) boot: ESP-IDF v6.0 2nd stage bootloader
I (27) boot: compile time Apr 23 2026 08:09:33
I (28) boot: Multicore bootloader
I (29) boot: chip revision: v3.1
I (31) boot.esp32: SPI Speed      : 40MHz
I (35) boot.esp32: SPI Mode       : DIO
I (39) boot.esp32: SPI Flash Size : 2MB
I (42) boot: Enabling RNG early entropy source...
I (47) boot: Partition Table:
I (49) boot: ## Label            Usage          Type ST Offset   Length
I (56) boot:  0 nvs              WiFi data        01 02 00009000 00006000
I (62) boot:  1 phy_init         RF data          01 01 0000f000 00001000
I (69) boot:  2 factory          factory app      00 00 00010000 00100000
I (75) boot: End of partition table
I (79) esp_image: segment 0: paddr=00010020 vaddr=3f400020 size=09668h ( 38504) map
I (100) esp_image: segment 1: paddr=00019690 vaddr=3ffb0000 size=02a2ch ( 10796) load
I (104) esp_image: segment 2: paddr=0001c0c4 vaddr=40080000 size=03f54h ( 16212) load
I (111) esp_image: segment 3: paddr=00020020 vaddr=400d0020 size=0f6dch ( 63196) map
I (134) esp_image: segment 4: paddr=0002f704 vaddr=40083f54 size=06e28h ( 28200) load
I (146) esp_image: segment 5: paddr=00036534 vaddr=50000000 size=00028h (    40) load
I (152) boot: Loaded app from partition at offset 0x10000
I (152) boot: Disabling RNG early entropy source...
I (164) cpu_start: Multicore app
I (172) cpu_start: GPIO 3 and 1 are used as console UART I/O pins
I (172) cpu_start: Pro cpu start user code
I (172) cpu_start: cpu freq: 160000000 Hz
I (174) app_init: Application information:
I (178) app_init: Project name:     app-template
I (182) app_init: App version:      1
I (186) app_init: Compile time:     Apr 23 2026 08:07:59
I (191) app_init: ELF file SHA256:  904c88fda...
I (195) app_init: ESP-IDF:          v6.0
I (199) efuse_init: Min chip rev:     v0.0
I (202) efuse_init: Max chip rev:     v3.99 
I (206) efuse_init: Chip rev:         v3.1
I (211) heap_init: Initializing. RAM available for dynamic allocation:
I (217) heap_init: At 3FFAE6E0 len 00001920 (6 KiB): DRAM
I (222) heap_init: At 3FFB3410 len 0002CBF0 (178 KiB): DRAM
I (227) heap_init: At 3FFE0440 len 00003AE0 (14 KiB): D/IRAM
I (232) heap_init: At 3FFE4350 len 0001BCB0 (111 KiB): D/IRAM
I (238) heap_init: At 4008AD7C len 00015284 (84 KiB): IRAM
I (245) spi_flash: detected chip: generic
I (247) spi_flash: flash io: dio
W (250) spi_flash: Detected size(4096k) larger than the size in the binary image header(2048k). Using the size in the binary image header.
I (263) main_task: Started on CPU0
I (273) main_task: Calling app_main()
1,1730,68.56,0.000000 
2,1728,68.00,0.000000 
3,1729,68.28,0.000000 
4,1731,68.85,0.000000 
5,1728,68.00,0.000000 
6,1730,68.56,0.000000 
7,1734,69.69,0.000000 
8,1732,69.13,0.000000 
9,1732,69.13,0.000000 
10,1738,70.82,0.000000 
11,1731,68.85,0.000000 
12,1728,68.00,0.000000 
Forno LIGADO: a=3 [°C / min]
Forno LIGADO: a=3 [°C / min]
Forno LIGADO: a=3 [°C / min]
Forno LIGADO: a=3 [°C / min]
Forno LIGADO: a=3 [°C / min]
Forno LIGADO: a=3 [°C / min]
Forno LIGADO: a=3 [°C / min]
Forno LIGADO: a=3 [°C / min]
Forno LIGADO: a=3 [°C / min]
Forno LIGADO: a=3 [°C / min]
Forno LIGADO: a=3 [°C / min]
Forno LIGADO: a=3 [°C / min]
Forno LIGADO: a=3 [°C / min]
Forno LIGADO: a=3 [°C / min]
13,1730,68.56,0.000000 
Forno LIGADO: a=3 [°C / min]
Forno LIGADO: a=3 [°C / min]
Forno LIGADO: a=3 [°C / min]
Forno LIGADO: a=3 [°C / min]
Forno LIGADO: a=3 [°C / min]
14,1714,64.02,0.000000 
15,1726,67.43,0.000000 
16,1733,69.41,0.000000 
17,1730,68.56,0.000000 
18,1740,71.39,0.000000 
19,1729,68.28,0.000000 
20,1729,68.28,0.000000 
21,1730,68.56,0.000000 
22,1727,67.71,0.000000 
23,1726,67.43,0.000000 
24,1715,64.31,0.000000 
25,1728,68.00,0.000000 
26,1730,68.56,0.000000 
27,1729,68.28,0.000000 
28,1731,68.85,0.000000 
29,1732,69.13,0.000000 
30,1730,68.56,0.000000 
31,1739,71.11,0.000000 
32,1715,64.31,0.000000 
33,1726,67.43,0.113247 
34,1732,69.13,0.000000 
35,1728,68.00,0.000000 
36,1730,68.56,0.000000 
37,1733,69.41,0.000000 
38,1729,68.28,0.000000 
39,1728,68.00,0.000000 
40,1730,68.56,0.000000 
41,1731,68.85,0.000000 
42,1737,70.54,0.000000 
43,1729,68.28,0.000000 
44,1729,68.28,0.000000 
45,1730,68.56,0.000000 
46,1729,68.28,0.000000 
47,1729,68.28,0.000000 
48,1730,68.56,0.000000 
49,1729,68.28,0.000000 
50,1732,69.13,0.000000 
51,1747,73.36,0.000000 
52,1730,68.56,0.000000 
53,1731,68.85,0.000000 
54,1722,66.30,0.000000 
55,1728,68.00,0.000000 
56,1728,68.00,0.000000 
57,1732,69.13,0.000000 
58,1726,67.43,0.000000 
59,1733,69.41,0.000000 
60,1726,67.43,0.000000 
61,1735,69.98,0.000000 
62,1733,69.41,0.000000 
63,1731,68.85,0.000000 
64,1729,68.28,0.000000 
65,1731,68.85,0.000000 
66,1730,68.56,0.000000 
67,1728,68.00,0.000000 
68,1730,68.56,0.000000 
69,1731,68.85,0.000000 
70,1731,68.85,0.000000 
71,1730,68.56,0.000000 
72,1737,70.54,0.000000 
73,1731,68.85,0.000000 
74,1731,68.85,0.000000 
75,1734,69.69,0.000000 
76,1733,69.41,0.000000 
77,1733,69.41,0.000000 
78,1730,68.56,0.000000 
79,1728,68.00,0.000000 
80,1731,68.85,0.000000 
81,1743,72.23,0.000000 
82,1733,69.41,0.000000 
83,1731,68.85,0.000000 
84,1729,68.28,0.000000 
85,1744,72.52,0.000000 
86,1733,69.41,0.000000 
87,1733,69.41,0.000000 
88,1735,69.98,0.000000 
89,1731,68.85,0.000000 
90,1737,70.54,0.000000 
91,1735,69.98,0.000000 
92,1729,68.28,0.000000 
93,1734,69.69,0.000000 
94,1735,69.98,0.000000 
95,1730,68.56,0.000000 
96,1734,69.69,0.000000 
97,1737,70.54,0.000000 
98,1733,69.41,0.000000 
99,1735,69.98,0.000000 
100,1730,68.56,0.000000 
101,1741,71.67,0.000000 
102,1730,68.56,0.000000 
103,1734,69.69,0.000000 
104,1738,70.82,0.000000 
105,1733,69.41,0.000000 
106,1733,69.41,0.000000 
107,1734,69.69,0.000000 
108,1738,70.82,0.000000 
109,1734,69.69,0.000000 
110,1733,69.41,0.000000 
111,1731,68.85,0.000000 
112,1733,69.41,0.000000 
113,1737,70.54,0.000000 
114,1733,69.41,0.000000 
115,1738,70.82,0.000000 
116,1728,68.00,0.000000 
117,1738,70.82,0.000000 
118,1742,71.95,0.000000 
119,1731,68.85,0.000000 
120,1734,69.69,0.000000 
121,1734,69.69,0.000000 
122,1745,72.80,0.000000 
123,1735,69.98,0.000000 
124,1735,69.98,0.000000 
125,1733,69.41,0.000000 
126,1738,70.82,0.000000 
127,1734,69.69,0.000000 
128,1739,71.11,0.000000 
129,1740,71.39,0.000000 
130,1738,70.82,0.000000 
131,1737,70.54,0.000000 
132,1734,69.69,0.000000 
133,1735,69.98,0.000000 
134,1738,70.82,0.000000 
135,1738,70.82,0.000000 
136,1739,71.11,0.000000 
137,1737,70.54,0.000000 
138,1739,71.11,0.000000 
139,1741,71.67,0.000000 
140,1741,71.67,0.000000 
141,1742,71.95,0.000000 
142,1741,71.67,0.000000 
143,1742,71.95,0.000000 
144,1742,71.95,0.000000 
145,1744,72.52,0.000000 
146,1743,72.23,0.000000 
147,1741,71.67,0.000000 
148,1743,72.23,0.000000 
149,1744,72.52,0.000000 
150,1743,72.23,0.000000 
151,1742,71.95,0.000000 
152,1743,72.23,0.000000 
153,1742,71.95,0.000000 
154,1742,71.95,0.000000 
155,1744,72.52,0.000000 
156,1741,71.67,0.000000 
157,1744,72.52,0.000000 
158,1743,72.23,0.000000 
159,1744,72.52,0.000000 
160,1744,72.52,0.000000 
161,1744,72.52,0.000000 
162,1744,72.52,0.000000 
163,1744,72.52,0.000000 
164,1742,71.95,0.000000 
165,1744,72.52,0.000000 
166,1740,71.39,0.000000 
167,1744,72.52,0.000000 
168,1741,71.67,0.000000 
169,1744,72.52,0.000000 
170,1742,71.95,0.000000 
171,1744,72.52,0.000000 
172,1741,71.67,0.000000 
173,1743,72.23,0.000000 
174,1742,71.95,0.000000 
175,1742,71.95,0.000000 
176,1739,71.11,0.000000 
177,1742,71.95,0.000000 
178,1741,71.67,0.000000 
179,1742,71.95,0.000000 
180,1744,72.52,0.000000 
181,1742,71.95,0.000000 
182,1744,72.52,0.000000 
183,1743,72.23,0.000000 
184,1744,72.52,0.000000 
185,1743,72.23,0.000000 
186,1744,72.52,0.000000 
187,1743,72.23,0.000000 
188,1744,72.52,0.000000 
189,1744,72.52,0.000000 
190,1744,72.52,0.000000 
191,1742,71.95,0.000000 
192,1744,72.52,0.000000 
193,1742,71.95,0.000000 
194,1755,75.61,0.000000 
195,1744,72.52,0.000000 
196,1744,72.52,0.000000 
197,1747,73.36,0.000000 
198,1744,72.52,0.000000 
199,1746,73.08,0.000000 
200,1744,72.52,0.000000 
201,1745,72.80,0.000000 
202,1766,78.69,0.000000 
203,1744,72.52,0.000000 
204,1748,73.64,0.102944 
205,1745,72.80,0.000000 
206,1749,73.92,0.000000 
207,1741,71.67,0.000000 
208,1745,72.80,0.000000 
209,1747,73.36,0.000000 
210,1750,74.21,0.000000 
211,1747,73.36,0.000000 
212,1744,72.52,0.000000 
213,1748,73.64,0.000000 
214,1747,73.36,0.000000 
215,1744,72.52,0.000000 
216,1746,73.08,0.000000 
217,1746,73.08,0.000000 
218,1745,72.80,0.000000 
219,1744,72.52,0.000000 
220,1743,72.23,0.000000 
221,1749,73.92,0.000000 
222,1744,72.52,0.000000 
223,1744,72.52,0.000000 
224,1744,72.52,0.000000 
225,1743,72.23,0.000000 
226,1744,72.52,0.000000 
227,1744,72.52,0.000000 
228,1755,75.61,0.000000 
229,1745,72.80,0.000000 
230,1744,72.52,0.000000 
231,1746,73.08,0.000000 
232,1744,72.52,0.000000 
233,1747,73.36,0.000000 
234,1750,74.21,0.000000 
235,1746,73.08,0.000000 
236,1924,121.75,0.000000 
237,1755,75.61,0.000000 
238,1749,73.92,0.763824 
239,1748,73.64,0.792507 
240,1734,69.69,0.797959 
241,1748,73.64,0.864067 
242,1753,75.05,0.799567 
243,1749,73.92,0.777114 
244,1750,74.21,0.796510 
245,1746,73.08,0.792657 
246,1750,74.21,0.812072 
247,1755,75.61,0.794256 
248,1750,74.21,0.771818 
249,1750,74.21,0.795851 
250,1750,74.21,0.796650 
251,1754,75.33,0.797449 
252,1750,74.21,0.779655 
253,1751,74.49,0.799045 
254,1751,74.49,0.795194 
255,1756,75.89,0.795993 
256,1757,76.17,0.773562 
257,1755,75.61,0.769716 
258,1756,75.89,0.779796 
259,1757,76.17,0.775949 
260,1758,76.45,0.772104 
261,1761,77.29,0.768260 
262,1769,79.53,0.755144 
263,1761,77.29,0.718909 
264,1762,77.57,0.756726 
265,1762,77.57,0.752885 
266,1761,77.29,0.753678 
267,1766,78.69,0.759105 
268,1766,78.69,0.736745 
269,1766,78.69,0.737535 
270,1771,80.09,0.738326 
271,1769,79.53,0.716001 
272,1771,80.09,0.726030 
273,1773,80.65,0.717577 
274,1774,80.93,0.709129 
275,1773,80.65,0.705300 
276,1776,81.49,0.710702 
277,1776,81.49,0.697646 
278,1776,81.49,0.698431 
279,1776,81.49,0.699216 
280,1782,83.16,0.700002 
281,1786,84.27,0.673143 
282,1778,82.04,0.655526 
283,1780,82.60,0.693127 
284,1791,85.66,0.684697 
285,1788,84.82,0.634908 
286,1787,84.55,0.649458 
287,1786,84.27,0.654831 
288,1787,84.55,0.660205 
289,1790,85.38,0.656389 
290,1792,85.93,0.643390 
291,1797,87.32,0.634989 
292,1794,86.49,0.612846 
293,1798,87.60,0.627365 
294,1792,85.93,0.609814 
295,1795,86.77,0.638085 
296,1798,87.60,0.625106 
297,1797,87.32,0.612138 
298,1802,88.70,0.617490 
299,1806,89.81,0.595383 
300,1805,89.53,0.577875 
301,1808,90.36,0.583210 
302,1808,90.36,0.570282 
303,1810,90.91,0.571049 
304,1808,90.36,0.562692 
305,1810,90.91,0.572582 
306,1814,92.01,0.564225 
307,1817,92.84,0.546762 
308,1818,93.11,0.533870 
309,1819,93.39,0.530082 
310,1825,95.04,0.526296 
311,1814,92.01,0.499804 
312,1817,92.84,0.550566 
313,1818,93.11,0.537674 
314,1820,93.66,0.533887 
315,1819,93.39,0.525556 
316,1822,94.21,0.530862 
317,1826,95.31,0.517990 
318,1825,95.04,0.500593 
319,1828,95.86,0.505887 
320,1825,95.04,0.493039 
321,1830,96.41,0.507401 
322,1826,95.31,0.485490 
323,1833,97.23,0.504377 
324,1835,97.78,0.473419 
325,1834,97.50,0.465124 
326,1833,97.23,0.470399 
327,1840,99.14,0.475677 
328,1834,97.50,0.444789 
329,1843,99.96,0.472655 
330,1840,99.14,0.432754 
331,1842,99.69,0.447039 
332,1843,99.96,0.438761 
333,1839,98.87,0.434999 
334,1842,99.69,0.453800 
335,1840,99.14,0.441008 
336,1857,103.77,0.450783 
337,1843,99.96,0.374999 
338,1844,100.23,0.438734 
339,1843,99.96,0.434973 
340,1849,101.59,0.440231 
341,1875,108.64,0.413945 
342,1857,103.77,0.298170 
343,1856,103.50,0.379456 
344,1857,103.77,0.384686 
345,1856,103.50,0.380937 
346,1861,104.85,0.386167 
347,1857,103.77,0.364473 
348,1856,103.50,0.383155 
349,1865,105.94,0.388386 
350,1870,107.29,0.348773 
351,1854,102.95,0.327142 
352,1866,106.21,0.399579 
353,1863,105.39,0.346507 
354,1854,102.95,0.360676 
355,1870,107.29,0.401794 
356,1867,106.48,0.330833 
357,1865,105.94,0.344981 
358,1864,105.67,0.354667 
359,1869,107.02,0.359881 
360,1866,106.21,0.338245 
361,1868,106.75,0.352399 
362,1869,107.02,0.344187 
363,1869,107.02,0.340451 
364,1869,107.02,0.341185 
365,1872,107.83,0.341920 
366,1872,107.83,0.329249 
367,1872,107.83,0.329982 
368,1873,108.10,0.330715 
369,1874,108.37,0.326982 
370,1870,107.29,0.323251 
371,1873,108.10,0.341848 
372,1876,108.91,0.329182 
373,1877,109.18,0.316527 
374,1878,109.45,0.312799 
375,1877,109.18,0.309071 
376,1790,85.38,0.314259 
377,1879,109.72,0.708640 
378,1877,109.18,0.306863 
379,1878,109.45,0.316508 
380,1882,110.52,0.312781 
381,1885,111.33,0.295695 
382,1879,109.72,0.283076 
383,1885,111.33,0.310510 
384,1885,111.33,0.284533 
385,1886,111.60,0.285260 
386,1886,111.60,0.281541 
387,1889,112.41,0.282267 
388,1888,112.14,0.269665 
389,1890,112.67,0.274831 
390,1898,114.82,0.266675 
391,1892,113.21,0.231936 
392,1891,112.94,0.259244 
393,1901,115.62,0.264404 
394,1888,112.14,0.220828 
395,1892,113.21,0.279165 
396,1907,117.22,0.262135 
397,1889,112.41,0.196488 
398,1889,112.41,0.276888 
399,1898,114.82,0.277614 
400,1899,115.09,0.238436 
401,1894,113.75,0.234730 
402,1902,115.89,0.257596 
403,1915,119.35,0.222903 
404,1904,116.42,0.166278 
405,1895,114.01,0.215493 
406,1906,116.96,0.256032 
407,1905,116.69,0.208100 
408,1904,116.42,0.213232 
409,1904,116.42,0.218366 
410,1904,116.42,0.219083 
411,1905,116.69,0.219801 
412,1906,116.96,0.216102 
413,1904,116.42,0.212403 
414,1908,117.49,0.221953 
415,1911,118.29,0.205012 
416,1904,116.42,0.192499 
417,1909,117.76,0.224101 
418,1908,117.49,0.202749 
419,1907,117.22,0.207876 
420,1952,129.14,0.213005 
421,1935,124.66,0.000000 
422,1908,117.49,0.000000 
423,1915,119.35,0.119266 
424,1926,122.28,0.000000 
425,1926,122.28,0.000000 
426,1907,117.22,0.000000 
427,1917,119.89,0.000000 
428,1919,120.42,0.000000 
429,1915,119.35,0.000000 
430,1915,119.35,0.000000 
431,1914,119.09,0.000000 
432,1919,120.42,0.000000 
433,1914,119.09,0.000000 
434,1906,116.96,0.000000 
435,1914,119.09,0.000000 
436,1913,118.82,0.000000 
437,1917,119.89,0.000000 
438,1911,118.29,0.000000 
439,1911,118.29,0.000000 
440,1909,117.76,0.000000 
441,1913,118.82,0.000000 
442,1907,117.22,0.000000 
443,1911,118.29,0.000000 
444,1900,115.35,0.000000 
445,1914,119.09,0.000000 
446,1910,118.02,0.000000 
447,1904,116.42,0.000000 
448,1918,120.15,0.000000 
449,1913,118.82,0.000000 
450,1915,119.35,0.000000 
451,1910,118.02,0.000000 
452,1911,118.29,0.000000 
453,1914,119.09,0.000000 
454,1904,116.42,0.000000 
455,1911,118.29,0.000000 
456,1911,118.29,0.000000 
457,1914,119.09,0.000000 
458,1914,119.09,0.000000 
459,1918,120.15,0.000000 
460,1911,118.29,0.000000 
461,1911,118.29,0.000000 
462,1909,117.76,0.000000 
463,1917,119.89,0.000000 
464,1913,118.82,0.000000 
465,1909,117.76,0.000000 
466,1907,117.22,0.000000 
467,1911,118.29,0.000000 
468,1915,119.35,0.000000 
469,1835,97.78,0.000000 
470,1911,118.29,0.357663 
471,1907,117.22,0.000000 
472,1913,118.82,0.000000 
473,1910,118.02,0.000000 
474,1919,120.42,0.000000 
475,1918,120.15,0.000000 
476,1910,118.02,0.000000 
477,1917,119.89,0.000000 
478,1918,120.15,0.000000 
479,1910,118.02,0.000000 
480,1909,117.76,0.000000 
481,1908,117.49,0.000000 
482,1910,118.02,0.000000 
483,1909,117.76,0.000000 
484,1915,119.35,0.000000 
485,1910,118.02,0.000000 
486,1910,118.02,0.000000 
487,1919,120.42,0.000000 
488,1906,116.96,0.000000 
489,1910,118.02,0.000000 
490,1904,116.42,0.000000 
491,1910,118.02,0.000000 
492,1909,117.76,0.000000 
493,1909,117.76,0.000000 
494,1917,119.89,0.000000 
495,1910,118.02,0.000000 
496,1907,117.22,0.000000 
497,1936,124.92,0.000000 
498,1897,114.55,0.000000 
499,1917,119.89,0.172266 
500,1918,120.15,0.000000 
501,1919,120.42,0.000000 
502,1917,119.89,0.000000 
503,1913,118.82,0.000000 
504,1911,118.29,0.000000 
505,1914,119.09,0.000000 
506,1911,118.29,0.000000 
507,1910,118.02,0.000000 
508,1908,117.49,0.000000 
509,1907,117.22,0.000000 
510,1906,116.96,0.000000 
511,1906,116.96,0.000000 
512,1906,116.96,0.000000 
513,1897,114.55,0.000000 
514,1905,116.69,0.000000 
515,1905,116.69,0.000000 
516,1899,115.09,0.000000 
517,1906,116.96,0.000000 
518,1907,117.22,0.000000 
519,1907,117.22,0.000000 
520,1907,117.22,0.000000 
521,1908,117.49,0.000000 
522,1906,116.96,0.000000 
523,1907,117.22,0.000000 
524,1909,117.76,0.000000 
525,1906,116.96,0.000000 
526,1903,116.16,0.000000 
527,1914,119.09,0.000000 
528,1910,118.02,0.000000 
529,1908,117.49,0.000000 
530,1903,116.16,0.000000 
531,1909,117.76,0.000000 
532,1907,117.22,0.000000 
533,1904,116.42,0.000000 
534,1908,117.49,0.000000 
535,1907,117.22,0.000000 
536,1890,112.67,0.000000 
537,1907,117.22,0.000000 
538,1902,115.89,0.000000 
539,1904,116.42,0.000000 
540,1906,116.96,0.000000 
541,1904,116.42,0.000000 
542,1903,116.16,0.000000 
543,1906,116.96,0.000000 
544,1904,116.42,0.000000 
545,1904,116.42,0.000000 
546,1904,116.42,0.000000 
547,1904,116.42,0.000000 
548,1904,116.42,0.000000 
549,1904,116.42,0.000000 
550,1904,116.42,0.000000 
551,1904,116.42,0.000000 
552,1905,116.69,0.000000 
553,1903,116.16,0.000000 
554,1900,115.35,0.000000 
555,1904,116.42,0.000000 
556,1904,116.42,0.000000 
557,1905,116.69,0.000000 
558,1904,116.42,0.000000 
559,1904,116.42,0.000000 
560,1904,116.42,0.000000 
561,1904,116.42,0.000000 
562,1906,116.96,0.000000 
563,1904,116.42,0.000000 
564,1904,116.42,0.000000 
565,1866,106.21,0.000000 
566,1903,116.16,0.169709 
567,1904,116.42,0.000000 
568,1902,115.89,0.000000 
569,1903,116.16,0.000000 
570,1903,116.16,0.000000 
571,1906,116.96,0.000000 
572,1900,115.35,0.000000 
573,1902,115.89,0.000000 
574,1902,115.89,0.000000 
575,1899,115.09,0.000000 
576,1893,113.48,0.000000 
577,1895,114.01,0.000000 
578,1898,114.82,0.000000 
579,1898,114.82,0.000000 
580,1899,115.09,0.000000 
581,1889,112.41,0.000000 
582,1897,114.55,0.000000 
583,1894,113.75,0.000000 
584,1898,114.82,0.000000 
585,1900,115.35,0.000000 
586,1897,114.55,0.000000 
587,1894,113.75,0.000000 
588,1895,114.01,0.000000 
589,1909,117.76,0.000000 
590,1898,114.82,0.000000 
591,1902,115.89,0.000000 
592,1899,115.09,0.000000 
593,1897,114.55,0.000000 
594,1894,113.75,0.000000 
595,1897,114.55,0.000000 
596,1891,112.94,0.000000 
597,1894,113.75,0.000000 
598,1894,113.75,0.000000 
599,1896,114.28,0.000000 
600,1897,114.55,0.000000 
601,1897,114.55,0.000000 
602,1895,114.01,0.000000 
603,1902,115.89,0.000000 
604,1895,114.01,0.000000 
605,1899,115.09,0.000000 
606,1891,112.94,0.000000 
607,1894,113.75,0.000000 
608,1900,115.35,0.000000 
609,1895,114.01,0.000000 
610,1897,114.55,0.000000 
611,1901,115.62,0.000000 
612,1897,114.55,0.000000 
613,1897,114.55,0.000000 
614,1892,113.21,0.000000 
615,1899,115.09,0.000000 
616,1893,113.48,0.000000 
617,1896,114.28,0.000000 
618,1901,115.62,0.000000 
619,1894,113.75,0.000000 
620,1893,113.48,0.000000 
621,1897,114.55,0.000000 
622,1893,113.48,0.000000 
623,1900,115.35,0.000000 
624,1895,114.01,0.000000 
625,1898,114.82,0.000000 
626,1893,113.48,0.000000 
627,1892,113.21,0.000000 
628,1890,112.67,0.000000 
629,1894,113.75,0.000000 
630,1891,112.94,0.000000 
631,1890,112.67,0.000000 
632,1893,113.48,0.000000 
633,1898,114.82,0.000000 
634,1893,113.48,0.000000 
635,1891,112.94,0.000000 
636,1892,113.21,0.000000 
637,1895,114.01,0.000000 
638,1887,111.87,0.000000 
639,1886,111.60,0.000000 
640,1887,111.87,0.000000 
641,1889,112.41,0.000000 
642,1888,112.14,0.000000 
643,1904,116.42,0.000000 
644,1891,112.94,0.000000 
645,1886,111.60,0.000000 
646,1892,113.21,0.000000 
647,1887,111.87,0.000000 
648,1888,112.14,0.000000 
649,1891,112.94,0.000000 
650,1886,111.60,0.000000 
651,1886,111.60,0.000000 
652,1888,112.14,0.000000 
653,1889,112.41,0.000000 
654,1889,112.41,0.000000 
655,1889,112.41,0.000000 
656,1890,112.67,0.000000 
657,1885,111.33,0.000000 
658,1930,123.34,0.000000 
659,1890,112.67,0.000000 
660,1887,111.87,0.177081 
661,1890,112.67,0.191162 
662,1882,110.52,0.178596 
663,1885,111.33,0.214914 
664,1889,112.41,0.202329 
665,1888,112.14,0.185314 
666,1886,111.60,0.190513 
667,1882,110.52,0.200159 
668,1888,112.14,0.218711 
669,1873,108.10,0.192794 
670,1890,112.67,0.260355 
671,1883,110.79,0.185440 
672,1883,110.79,0.217308 
673,1882,110.52,0.218070 
674,1879,109.72,0.223283 
675,1884,111.06,0.237407 
676,1882,110.52,0.215912 
677,1886,111.60,0.225574 
678,1883,110.79,0.208545 
679,1886,111.60,0.222648 
680,1885,111.33,0.210069 
681,1888,112.14,0.215276 
682,1882,110.52,0.202705 
683,1887,111.87,0.230145 
684,1886,111.60,0.208672 
685,1885,111.33,0.213878 
686,1887,111.87,0.219085 
687,1927,122.54,0.210958 
688,1890,112.67,0.000000 
689,1838,98.60,0.163945 
690,1879,109.72,0.397586 
691,1892,113.21,0.214419 
692,1891,112.94,0.157390 
693,1894,113.75,0.162586 
694,1891,112.94,0.150039 
695,1889,112.41,0.164103 
696,1896,114.28,0.173741 
697,1904,116.42,0.143455 
698,1898,114.82,0.108821 
699,1893,113.48,0.136107 
700,1891,112.94,0.159017 
701,1894,113.75,0.168648 
702,1894,113.75,0.156103 
703,1893,113.48,0.156862 
704,1892,113.21,0.162054 
705,1894,113.75,0.167249 
706,1890,112.67,0.159141 
707,1894,113.75,0.177644 
708,1890,112.67,0.160662 
709,1897,114.55,0.179166 
710,1890,112.67,0.148891 
711,1892,113.21,0.180686 
712,1894,113.75,0.172573 
713,1889,112.41,0.164465 
714,1890,112.67,0.187409 
715,1894,113.75,0.183733 
716,1890,112.67,0.166752 
717,1891,112.94,0.185256 
718,1904,116.42,0.181581 
719,1893,113.48,0.124784 
720,1890,112.67,0.174226 
721,1893,113.48,0.188298 
722,1893,113.48,0.175751 
723,1903,116.16,0.176513 
724,1892,113.21,0.133006 
725,1895,114.01,0.182466 
726,1892,113.21,0.169928 
727,1894,113.75,0.183990 
728,1896,114.28,0.175884 
729,1895,114.01,0.167783 
730,1894,113.75,0.172974 
731,1901,115.62,0.178168 
732,1911,118.29,0.147936 
733,1894,113.75,0.104546 
734,1893,113.48,0.180440 
735,1898,114.82,0.185636 
736,1894,113.75,0.164246 
737,1895,114.01,0.182726 
738,1888,112.14,0.179057 
739,1894,113.75,0.210877 
740,1899,115.09,0.185019 
741,1904,116.42,0.163636 
742,1895,114.01,0.142288 
743,1895,114.01,0.182867 
744,1897,114.55,0.183630 
745,1900,115.35,0.175533 
746,1899,115.09,0.163017 
747,1894,113.75,0.168202 
748,1902,115.89,0.191109 
749,1901,115.62,0.156457 
750,1904,116.42,0.161638 
751,1904,116.42,0.149138 
752,1899,115.09,0.149896 
753,1902,115.89,0.172763 
754,1904,116.42,0.160255 
755,1903,116.16,0.152176 
756,1918,120.15,0.157354 
757,1906,116.96,0.000000 
758,1904,116.42,0.000000 
759,1911,118.29,0.000000 
760,1906,116.96,0.000000 
761,1904,116.42,0.000000 
762,1910,118.02,0.000000 
763,1906,116.96,0.000000 
764,1905,116.69,0.000000 
765,1907,117.22,0.000000 
766,1907,117.22,0.000000 
767,1905,116.69,0.000000 
768,1907,117.22,0.000000 
769,1874,108.37,0.000000 
770,1906,116.96,0.147223 
771,1907,117.22,0.000000 
772,1905,116.69,0.000000 
773,1904,116.42,0.000000 
774,1905,116.69,0.000000 
775,1904,116.42,0.000000 
776,1911,118.29,0.000000 
777,1907,117.22,0.000000 
778,1906,116.96,0.000000 
779,1904,116.42,0.000000 
780,1900,115.35,0.000000 
781,1904,116.42,0.000000 
782,1904,116.42,0.000000 
783,1904,116.42,0.000000 
784,1904,116.42,0.000000 
785,1911,118.29,0.000000 
786,1908,117.49,0.000000 
787,1904,116.42,0.000000 
788,1904,116.42,0.000000 
789,1906,116.96,0.000000 
790,1905,116.69,0.000000 
791,1907,117.22,0.000000 
792,1905,116.69,0.000000 
793,1905,116.69,0.000000 
794,1909,117.76,0.000000 
795,1906,116.96,0.000000 
796,1904,116.42,0.000000 
797,1908,117.49,0.000000 
798,1906,116.96,0.000000 
799,1901,115.62,0.000000 
800,1906,116.96,0.000000 
801,1904,116.42,0.000000 
802,1904,116.42,0.000000 
803,1906,116.96,0.000000 
804,1906,116.96,0.000000 
805,1913,118.82,0.000000 
806,1904,116.42,0.000000 
807,1904,116.42,0.000000 
808,1910,118.02,0.000000 
809,1915,119.35,0.000000 
810,1905,116.69,0.000000 
811,1906,116.96,0.000000 
812,1904,116.42,0.000000 
813,1903,116.16,0.000000 
814,1904,116.42,0.000000 
815,1902,115.89,0.000000 
816,1905,116.69,0.000000 
817,1904,116.42,0.000000 
818,1904,116.42,0.000000 
819,1904,116.42,0.000000 
820,1903,116.16,0.000000 
821,1904,116.42,0.000000 
822,1922,121.21,0.000000 
823,1899,115.09,0.000000 
824,1903,116.16,0.102140 
825,1907,117.22,0.000000 
826,1902,115.89,0.000000 
827,1904,116.42,0.000000 
828,1894,113.75,0.000000 
829,1904,116.42,0.000000 
830,1895,114.01,0.000000 
831,1903,116.16,0.000000 
832,1898,114.82,0.000000 
833,1901,115.62,0.000000 
834,1903,116.16,0.000000 
835,1899,115.09,0.000000 
836,1902,115.89,0.000000 
837,1902,115.89,0.000000 
838,1903,116.16,0.000000 
839,1904,116.42,0.000000 
840,1904,116.42,0.000000 
841,1906,116.96,0.000000 
842,1904,116.42,0.000000 
843,1901,115.62,0.000000 
844,1901,115.62,0.000000 
845,1899,115.09,0.000000 
846,1904,116.42,0.000000 
847,1903,116.16,0.000000 
848,1895,114.01,0.000000 
849,1898,114.82,0.000000 
850,1902,115.89,0.000000 
851,1898,114.82,0.000000 
852,1904,116.42,0.000000 
853,1900,115.35,0.000000 
854,1898,114.82,0.000000 
855,1893,113.48,0.000000 
856,1902,115.89,0.000000 
857,1894,113.75,0.000000 
858,1894,113.75,0.000000 
859,1899,115.09,0.000000 
860,1895,114.01,0.000000 
861,1899,115.09,0.000000 
862,1897,114.55,0.000000 
863,1901,115.62,0.000000 
864,1888,112.14,0.000000 
865,1899,115.09,0.000000 
866,1898,114.82,0.000000 
867,1902,115.89,0.000000 
868,1898,114.82,0.000000 
869,1904,116.42,0.000000 
870,1897,114.55,0.000000 
871,1895,114.01,0.000000 
872,1895,114.01,0.000000 
873,1895,114.01,0.000000 
874,1893,113.48,0.000000 
875,1893,113.48,0.000000 
876,1893,113.48,0.000000 
877,1897,114.55,0.000000 
878,1895,114.01,0.000000 
879,1879,109.72,0.000000 
880,1893,113.48,0.000000 
881,1890,112.67,0.000000 
882,1897,114.55,0.000000 
883,1891,112.94,0.000000 
884,1892,113.21,0.000000 
885,1893,113.48,0.000000 
886,1891,112.94,0.000000 
887,1891,112.94,0.000000 
888,1890,112.67,0.000000 
889,1904,116.42,0.000000 
890,1890,112.67,0.000000 
891,1890,112.67,0.000000 
892,1886,111.60,0.000000 
893,1882,110.52,0.000000 
894,1889,112.41,0.000000 
895,1876,108.91,0.000000 
896,1887,111.87,0.000000 
897,1887,111.87,0.000000 
898,1888,112.14,0.000000 
899,1886,111.60,0.000000 
900,1891,112.94,0.000000 
901,1888,112.14,0.000000 
902,1891,112.94,0.000000 
903,1888,112.14,0.000000 
904,1886,111.60,0.000000 
905,1857,103.77,0.000000 
906,1890,112.67,0.130334 
907,1886,111.60,0.000000 
908,1883,110.79,0.000000 
909,1890,112.67,0.000000 
910,1890,112.67,0.000000 
911,1889,112.41,0.000000 
912,1882,110.52,0.000000 
913,1889,112.41,0.000000 
914,1892,113.21,0.000000 
915,1893,113.48,0.000000 
916,1874,108.37,0.000000 
917,1891,112.94,0.000000 
918,1885,111.33,0.000000 
919,1889,112.41,0.000000 
920,1891,112.94,0.000000 
921,1883,110.79,0.000000 
922,1888,112.14,0.000000 
923,1889,112.41,0.000000 
924,1882,110.52,0.000000 
925,1883,110.79,0.000000 
926,1888,112.14,0.000000 
927,1888,112.14,0.000000 
928,1894,113.75,0.000000 
929,1887,111.87,0.000000 
930,1886,111.60,0.000000 
931,1886,111.60,0.000000 
932,1889,112.41,0.000000 
933,1881,110.26,0.000000 
934,1882,110.52,0.000000 
935,1887,111.87,0.000000 
936,1884,111.06,0.000000 
937,1881,110.26,0.000000 
938,1890,112.67,0.000000 
939,1883,110.79,0.000000 
940,1898,114.82,0.000000 
941,1881,110.26,0.000000 
942,1875,108.64,0.000000 
943,1877,109.18,0.000000 
944,1879,109.72,0.000000 
945,1890,112.67,0.000000 
946,1879,109.72,0.000000 
947,1878,109.45,0.000000 
948,1882,110.52,0.000000 
949,1881,110.26,0.000000 
950,1890,112.67,0.000000 
951,1882,110.52,0.000000 
952,1876,108.91,0.000000 
953,1878,109.45,0.000000 
954,1879,109.72,0.000000 
955,1877,109.18,0.000000 
956,1878,109.45,0.000000 
957,1879,109.72,0.000000 
958,1878,109.45,0.000000 
959,1875,108.64,0.000000 
960,1878,109.45,0.000000 
961,1878,109.45,0.000000 
962,1878,109.45,0.000000 
963,1879,109.72,0.000000 
964,1875,108.64,0.000000 
965,1875,108.64,0.000000 
966,1875,108.64,0.000000 
967,1878,109.45,0.000000 
968,1874,108.37,0.000000 
969,1876,108.91,0.000000 
970,1875,108.64,0.000000 
971,1878,109.45,0.000000 
972,1877,109.18,0.000000 
973,1875,108.64,0.000000 
974,1877,109.18,0.000000 
975,1874,108.37,0.000000 
976,1874,108.37,0.000000 
977,1874,108.37,0.000000 
978,1875,108.64,0.000000 
979,1877,109.18,0.000000 
980,1874,108.37,0.000000 
981,1874,108.37,0.000000 
982,1875,108.64,0.000000 
983,1877,109.18,0.000000 
984,1877,109.18,0.000000 
985,1875,108.64,0.000000 
986,1878,109.45,0.000000 
987,1877,109.18,0.000000 
988,1877,109.18,0.000000 
989,1879,109.72,0.000000 
990,1878,109.45,0.000000 
991,1877,109.18,0.000000 
992,1882,110.52,0.000000 
993,1877,109.18,0.000000 
994,1875,108.64,0.000000 
995,1879,109.72,0.000000 
996,1877,109.18,0.000000 
997,1877,109.18,0.000000 
998,1877,109.18,0.000000 
999,1873,108.10,0.000000 
1000,1874,108.37,0.000000 
1001,1876,108.91,0.000000 
1002,1874,108.37,0.000000 
1003,1876,108.91,0.000000 
1004,1877,109.18,0.000000 
1005,1877,109.18,0.000000 
1006,1872,107.83,0.000000 
1007,1874,108.37,0.000000 
1008,1874,108.37,0.000000 
1009,1873,108.10,0.000000 
1010,1872,107.83,0.000000 
1011,1872,107.83,0.000000 
1012,1869,107.02,0.000000 
1013,1872,107.83,0.000000 
1014,1873,108.10,0.000000 
1015,1874,108.37,0.000000 
1016,1871,107.56,0.000000 
1017,1871,107.56,0.000000 
1018,1870,107.29,0.000000 
1019,1873,108.10,0.000000 
1020,1870,107.29,0.000000 
1021,1872,107.83,0.000000 
1022,1870,107.29,0.000000 
1023,1873,108.10,0.000000 
1024,1873,108.10,0.000000 
1025,1872,107.83,0.000000 
1026,1874,108.37,0.000000 
1027,1872,107.83,0.000000 
1028,1873,108.10,0.000000 
1029,1872,107.83,0.000000 
1030,1871,107.56,0.000000 
1031,1871,107.56,0.000000 
1032,1872,107.83,0.000000 
1033,1872,107.83,0.000000 
1034,1870,107.29,0.000000 
1035,1873,108.10,0.000000 
1036,1875,108.64,0.000000 
1037,1872,107.83,0.000000 
1038,1870,107.29,0.000000 
1039,1872,107.83,0.000000 
1040,1871,107.56,0.000000 
1041,1856,103.50,0.000000 
1042,1866,106.21,0.000000 
1043,1869,107.02,0.000000 
1044,1870,107.29,0.000000 
1045,1869,107.02,0.000000 
1046,1872,107.83,0.000000 
1047,1872,107.83,0.000000 
1048,1872,107.83,0.000000 
1049,1868,106.75,0.000000 
1050,1868,106.75,0.000000 
1051,1872,107.83,0.000000 
1052,1869,107.02,0.000000 
1053,1923,121.48,0.000000 
1054,1866,106.21,0.000000 
1055,1867,106.48,0.253421 
1056,1871,107.56,0.249765 
1057,1866,106.21,0.232700 
1058,1872,107.83,0.255874 
1059,1867,106.48,0.229867 
1060,1867,106.48,0.253033 
1061,1867,106.48,0.253852 
1062,1865,105.94,0.254671 
1063,1866,106.21,0.264441 
1064,1862,105.12,0.260785 
1065,1865,105.94,0.279519 
1066,1866,106.21,0.266903 
1067,1862,105.12,0.263248 
1068,1858,104.04,0.281982 
1069,1866,106.21,0.300743 
1070,1867,106.48,0.265716 
1071,1867,106.48,0.262062 
1072,1871,107.56,0.262882 
1073,1869,107.02,0.245819 
1074,1872,107.83,0.255575 
1075,1867,106.48,0.242988 
1076,1863,105.39,0.266156 
1077,1862,105.12,0.284885 
1078,1867,106.48,0.290189 
1079,1869,107.02,0.268624 
1080,1869,107.02,0.260500 
1081,1866,106.21,0.261320 
1082,1869,107.02,0.275559 
1083,1869,107.02,0.262962 
1084,1871,107.56,0.263782 
1085,1869,107.02,0.255663 
1086,1870,107.29,0.265421 
1087,1871,107.56,0.261771 
1088,1872,107.83,0.258123 
1089,1874,108.37,0.254475 
1090,1871,107.56,0.246364 
1091,1871,107.56,0.260579 
1092,1869,107.02,0.261399 
1093,1872,107.83,0.271157 
1094,1872,107.83,0.258573 
1095,1874,108.37,0.259392 
1096,1872,107.83,0.251282 
1097,1875,108.64,0.261030 
1098,1776,81.49,0.248458 
1099,1872,107.83,0.698422 
1100,1875,108.64,0.263551 
1101,1874,108.37,0.250979 
1102,1876,108.91,0.256260 
1103,1873,108.10,0.248155 
1104,1886,111.60,0.262361 
1105,1876,108.91,0.205266 
1106,1880,109.99,0.250605 
1107,1874,108.37,0.233594 
1108,1879,109.72,0.261163 
1109,1877,109.18,0.239685 
1110,1881,110.26,0.249417 
1111,1934,124.39,0.232412 
1112,1878,109.45,0.000000 
1113,1884,111.06,0.248013 
1114,1884,111.06,0.222114 
1115,1882,110.52,0.222928 
1116,1887,111.87,0.232642 
1117,1886,111.60,0.211221 
1118,1888,112.14,0.216478 
1119,1887,111.87,0.208404 
1120,1885,111.33,0.213659 
1121,1882,110.52,0.223362 
1122,1888,112.14,0.237523 
1123,1868,106.75,0.211660 
1124,1881,110.26,0.301618 
1125,1888,112.14,0.244430 
1126,1883,110.79,0.214116 
1127,1881,110.26,0.237158 
1128,1885,111.33,0.246877 
1129,1884,111.06,0.229896 
1130,1886,111.60,0.235159 
1131,1886,111.60,0.227081 
1132,1887,111.87,0.227896 
1133,1886,111.60,0.224267 
1134,1877,109.18,0.229526 
1135,1885,111.33,0.270409 
1136,1889,112.41,0.235608 
1137,1904,116.42,0.218650 
1138,1888,112.14,0.153025 
1139,1892,113.21,0.224709 
1140,1896,114.28,0.207768 
1141,1890,112.67,0.190848 
1142,1890,112.67,0.218265 
1143,1890,112.67,0.219078 
1144,1895,114.01,0.219892 
1145,1891,112.94,0.198530 
1146,1889,112.41,0.217079 
1147,1892,113.21,0.226770 
1148,1905,116.69,0.214270 
1149,1889,112.41,0.157543 
1150,1890,112.67,0.229203 
1151,1890,112.67,0.225579 
1152,1894,113.75,0.226393 
1153,1892,113.21,0.209464 
1154,1901,115.62,0.219146 
1155,1899,115.09,0.180097 
1156,1895,114.01,0.189753 
1157,1891,112.94,0.208276 
1158,1900,115.35,0.226827 
1159,1898,114.82,0.187765 
1160,1893,113.48,0.197425 
1161,1899,115.09,0.220389 
1162,1895,114.01,0.194623 
1163,1897,114.55,0.213148 
1164,1898,114.82,0.205101 
1165,1895,114.01,0.201485 
1166,1899,115.09,0.215584 
1167,1895,114.01,0.198683 
1168,1901,115.62,0.217208 
1169,1895,114.01,0.191460 
1170,1903,116.16,0.218832 
1171,1907,117.22,0.184242 
1172,1904,116.42,0.167385 
1173,1894,113.75,0.181439 
1174,1904,116.42,0.226501 
1175,1905,116.69,0.183062 
1176,1904,116.42,0.179454 
1177,1906,116.96,0.184679 
1178,1906,116.96,0.176655 
1179,1904,116.42,0.177463 
1180,1904,116.42,0.187104 
1181,1903,116.16,0.187913 
1182,1904,116.42,0.193141 
1183,1901,115.62,0.189532 
1184,1905,116.69,0.203602 
1185,1910,118.02,0.186736 
1186,1904,116.42,0.165483 
1187,1906,116.96,0.192769 
1188,1906,116.96,0.184746 
1189,1904,116.42,0.185555 
1190,1904,116.42,0.195197 
1191,1906,116.96,0.196008 
1192,1907,117.22,0.187986 
1193,1904,116.42,0.184381 
1194,1909,117.76,0.198437 
1195,1906,116.96,0.177177 
1196,1904,116.42,0.191223 
1197,1907,117.22,0.200866 
1198,1913,118.82,0.188430 
1199,1907,117.22,0.162787 
1200,1910,118.02,0.190045 
1201,1910,118.02,0.177622 
1202,1907,117.22,0.178430 
1203,1875,108.64,0.192471 
1204,1902,115.89,0.335283 
1205,1915,119.35,0.216197 
1206,1910,118.02,0.159667 
1207,1910,118.02,0.182498 
1208,1967,133.07,0.183306 
1209,1909,117.76,0.000000 
1210,1914,119.09,0.254020 
1211,1913,118.82,0.232798 
1212,1914,119.09,0.238008 
1213,1911,118.29,0.234412 
1214,1918,120.15,0.248433 
1215,1916,119.62,0.218429 
1216,1914,119.09,0.228029 
1217,1917,119.89,0.237638 
1218,1917,119.89,0.225244 
1219,1915,119.35,0.226049 
1220,1911,118.29,0.235654 
1221,1914,119.09,0.254078 
1222,1909,117.76,0.241673 
1223,1917,119.89,0.264514 
1224,1917,119.89,0.230091 
1225,1917,119.89,0.230897 
1226,1917,119.89,0.231704 
1227,1919,120.42,0.232510 
1228,1923,121.48,0.224524 
1229,1920,120.68,0.207761 
1230,1922,121.21,0.221738 
1231,1914,119.09,0.213759 
1232,1921,120.95,0.249736 
1233,1925,122.01,0.219763 
1234,1920,120.68,0.203012 
1235,1920,120.68,0.225763 
1236,1921,120.95,0.226569 
1237,1920,120.68,0.222982 
1238,1925,122.01,0.228180 
1239,1923,121.48,0.207037 
1240,1921,120.95,0.216615 
1241,1925,122.01,0.226201 
1242,1926,122.28,0.209450 
1243,1923,121.48,0.205868 
1244,1921,120.95,0.219831 
1245,1926,122.28,0.229418 
1246,1925,122.01,0.208282 
1247,1905,116.69,0.213471 
1248,1930,123.34,0.302298 
1249,1926,122.28,0.193180 
1250,1935,124.66,0.211507 
1251,1933,124.13,0.172912 
1252,1934,124.39,0.182454 
1253,1933,124.13,0.178881 
1254,1926,122.28,0.184053 
1255,1936,124.92,0.215507 
1256,1925,122.01,0.172542 
1257,1937,125.19,0.221495 
1258,1936,124.92,0.169777 
1259,1936,124.92,0.174943 
1260,1932,123.86,0.175742 
1261,1936,124.92,0.194030 
1262,1947,127.82,0.177341 
1263,1936,124.92,0.130169 
1264,1933,124.13,0.178932 
1265,1934,124.39,0.192846 
1266,1934,124.39,0.189274 
1267,1936,124.92,0.190075 
1268,1935,124.66,0.182134 
1269,1939,125.71,0.187303 
1270,1935,124.66,0.170632 
1271,1936,124.92,0.188901 
1272,1936,124.92,0.185332 
1273,1936,124.92,0.186132 
1274,1927,122.54,0.186932 
1275,1936,124.92,0.227118 
1276,1934,124.39,0.188538 
1277,1946,127.56,0.198081 
1278,1930,123.34,0.146523 
1279,1936,124.92,0.217179 
1280,1936,124.92,0.191740 
1281,1938,125.45,0.192541 
1282,1936,124.92,0.184606 
1283,1938,125.45,0.194142 
1284,1936,124.92,0.186207 
1285,1939,125.71,0.195743 
1286,1936,124.92,0.183443 
1287,1936,124.92,0.197345 
1288,1936,124.92,0.198146 
1289,1938,125.45,0.198948 
1290,1938,125.45,0.191015 
1291,1937,125.19,0.191816 
1292,1940,125.98,0.196984 
1293,1939,125.71,0.184689 
1294,1939,125.71,0.189853 
1295,1946,127.56,0.190653 
1296,1943,126.77,0.160938 
1297,1943,126.77,0.174804 
1298,1936,124.92,0.175602 
1299,1947,127.82,0.206949 
1300,1949,128.35,0.159782 
1301,1946,127.56,0.151875 
1302,1946,127.56,0.165727 
1303,1938,125.45,0.166524 
1304,1936,124.92,0.202203 
1305,1949,128.35,0.211742 
1306,1948,128.09,0.155872 
1307,1944,127.03,0.161018 
1308,1949,128.35,0.179232 
1309,1945,127.30,0.158264 
1310,1951,128.87,0.176471 
1311,1950,128.61,0.151163 
1312,1953,129.40,0.156306 
1313,1936,124.92,0.144064 
1314,1948,128.09,0.218918 
1315,1943,126.77,0.167400 
1316,1950,128.61,0.189972 
1317,1950,128.61,0.160299 
1318,1953,129.40,0.161096 
1319,1952,129.14,0.148855 
1320,1947,127.82,0.153994 
1321,1947,127.82,0.176534 
1322,1952,129.14,0.177333 
1323,1949,128.35,0.156388 
1324,1950,128.61,0.170226 
1325,1952,129.14,0.166675 
1326,1954,129.66,0.158780 
1327,1957,130.45,0.150889 
1328,1950,128.61,0.138665 
1329,1954,129.66,0.169858 
1330,1954,129.66,0.153275 
1331,1950,128.61,0.154071 
1332,1940,125.98,0.172247 
1333,1957,130.45,0.216603 
1334,1952,129.14,0.143451 
1335,1956,130.19,0.165951 
1336,1956,130.19,0.149380 
1337,1953,129.40,0.150176 
1338,1951,128.87,0.163995 
1339,1957,130.45,0.173482 
1340,1949,128.35,0.148229 
1341,1953,129.40,0.183772 
1342,1954,129.66,0.167186 
1343,1957,130.45,0.163640 
1344,1961,131.50,0.151418 
1345,1959,130.97,0.134876 
1346,1958,130.71,0.144335 
1347,1955,129.92,0.149464 
1348,1952,129.14,0.163274 
1349,1951,128.87,0.177100 
1350,1957,130.45,0.182245 
1351,1959,130.97,0.156993 
1352,1957,130.45,0.149117 
1353,1963,132.02,0.158584 
1354,1959,130.97,0.133383 
1355,1961,131.50,0.151501 
1356,1961,131.50,0.143631 
1357,1957,130.45,0.144425 
1358,1958,130.71,0.162558 
1359,1959,130.97,0.159018 
1360,1965,132.54,0.155479 
1361,1963,132.02,0.130296 
1362,1961,131.50,0.139742 
1363,1960,131.24,0.149196 
1364,1959,130.97,0.154323 
1365,1964,132.28,0.159453 
1366,1958,130.71,0.138596 
1367,1959,130.97,0.165378 
1368,1961,131.50,0.161841 
1369,1961,131.50,0.153972 
1370,1960,131.24,0.154768 
1371,1962,131.76,0.159896 
1372,1959,130.97,0.152030 
1373,1967,133.07,0.165822 
1374,1961,131.50,0.131992 
1375,1959,130.97,0.158746 
1376,1962,131.76,0.168209 
1377,1964,132.28,0.156010 
1378,1903,116.16,0.148150 
1379,1961,131.50,0.415707 
1380,1959,130.97,0.162766 
1381,1965,132.54,0.172229 
1382,1961,131.50,0.147048 
1383,1970,133.85,0.165157 
1384,1967,133.07,0.127033 
1385,1965,132.54,0.140785 
1386,1961,131.50,0.150227 
1387,1962,131.76,0.168336 
1388,1962,131.76,0.164803 
1389,1957,130.45,0.165601 
1390,1966,132.81,0.188067 
1391,1968,133.33,0.149892 
1392,1967,133.07,0.142042 
1393,1967,133.07,0.147158 
1394,1966,132.81,0.147953 
1395,1968,133.33,0.153072 
1396,1968,133.33,0.145223 
1397,1965,132.54,0.146018 
1398,1969,133.59,0.159782 
1399,1968,133.33,0.143289 
1400,1968,133.33,0.148404 
1401,1966,132.81,0.149199 
1402,1965,132.54,0.158639 
1403,1949,128.35,0.163760 
1404,1962,131.76,0.233958 
1405,1962,131.76,0.178349 
1406,1967,133.07,0.179148 
1407,1939,125.71,0.158317 
1408,1962,131.76,0.280734 
1409,1962,131.76,0.181559 
1410,1965,132.54,0.182359 
1411,1963,132.02,0.170176 
1412,1965,132.54,0.179628 
1413,1958,130.71,0.171774 
1414,1958,130.71,0.202888 
1415,1963,132.02,0.203691 
1416,1961,131.50,0.182833 
1417,1968,133.33,0.192293 
1418,1951,128.87,0.162812 
1419,1963,132.02,0.237283 
1420,1966,132.81,0.186040 
1421,1967,133.07,0.173863 
1422,1967,133.07,0.170338 
1423,1962,131.76,0.171137 
1424,1968,133.33,0.193566 
1425,1968,133.33,0.168416 
1426,1969,133.59,0.169214 
1427,1968,133.33,0.165692 
1428,1967,133.07,0.170810 
1429,1968,133.33,0.175930 
1430,1966,132.81,0.172408 
1431,1966,132.81,0.181852 
1432,1968,133.33,0.182652 
1433,1968,133.33,0.174807 
1434,1968,133.33,0.175606 
1435,1968,133.33,0.176406 
1436,1967,133.07,0.177205 
1437,1968,133.33,0.182326 
1438,1967,133.07,0.178805 
1439,1968,133.33,0.183926 
1440,1968,133.33,0.180405 
1441,1967,133.07,0.181205 
1442,1968,133.33,0.186327 
1443,1967,133.07,0.182806 
1444,1971,134.11,0.187928 
1445,1968,133.33,0.171452 
1446,1968,133.33,0.185206 
1447,1968,133.33,0.186007 
1448,1965,132.54,0.186808 
1449,1968,133.33,0.200578 
1450,1968,133.33,0.188412 
1451,1970,133.85,0.189213 
1452,1973,134.63,0.181376 
1453,1968,133.33,0.169229 
1454,1969,133.59,0.191613 
1455,1969,133.59,0.188094 
1456,1970,133.85,0.188895 
1457,1970,133.85,0.185378 
1458,1969,133.59,0.186179 
1459,1973,134.63,0.191298 
1460,1978,135.94,0.174835 
1461,1959,130.97,0.154087 
1462,1977,135.68,0.236965 
1463,1972,134.37,0.159998 
1464,1978,135.94,0.182350 
1465,1970,133.85,0.157289 
1466,1971,134.11,0.192580 
1467,1982,136.98,0.189064 
1468,1983,137.24,0.142478 
1469,1974,134.89,0.138974 
1470,1979,136.20,0.178513 
1471,1979,136.20,0.157772 
1472,1975,135.15,0.158569 
1473,1979,136.20,0.176595 
1474,1975,135.15,0.160166 
1475,1977,135.68,0.178192 
1476,1984,137.50,0.170374 
1477,1978,135.94,0.141059 
1478,1981,136.72,0.167661 
1479,1976,135.41,0.155549 
1480,1975,135.15,0.177870 
1481,1981,136.72,0.182980 
1482,1983,137.24,0.157946 
1483,1978,135.94,0.150144 
1484,1978,135.94,0.172449 
1485,1979,136.20,0.173248 
1486,1977,135.68,0.169742 
1487,1979,136.20,0.179152 
1488,1974,134.89,0.171341 
1489,1979,136.20,0.193680 
1490,1981,136.72,0.172942 
1491,1983,137.24,0.165136 
1492,1979,136.20,0.157334 
1493,1967,133.07,0.175336 
1494,1975,135.15,0.227895 
1495,1972,134.37,0.194171 
1496,1977,135.68,0.207911 
1497,1975,135.15,0.187160 
1498,1977,135.68,0.196579 
1499,1973,134.63,0.188764 
1500,1974,134.89,0.206806 
1501,1976,135.41,0.203298 
1502,1977,135.68,0.195481 
1503,1973,134.63,0.191975 
1504,2074,160.50,0.210018 
1505,1975,135.15,0.000000 
1506,1979,136.20,0.420031 
1507,1971,134.11,0.403605 
1508,1978,135.94,0.438888 
1509,1971,134.11,0.409518 
1510,1978,135.94,0.440497 
1511,1979,136.20,0.411126 
1512,1978,135.94,0.407623 
1513,1979,136.20,0.412730 
1514,1982,136.98,0.409228 
1515,1975,135.15,0.397124 
1516,1975,135.15,0.428059 
1517,1968,133.33,0.428863 
1518,1974,134.89,0.459877 
1519,1982,136.98,0.434789 
1520,1971,134.11,0.401148 
1521,1981,136.72,0.449337 
1522,1982,136.98,0.407058 
1523,1981,136.72,0.403559 
1524,1981,136.72,0.408660 
1525,1984,137.50,0.409462 
1526,1983,137.24,0.397368 
1527,1994,140.09,0.402466 
1528,1983,137.24,0.356079 
1529,1985,137.76,0.404061 
1530,1982,136.98,0.396269 
1531,1973,134.63,0.409961 
1532,1989,138.79,0.449521 
1533,1989,138.79,0.381511 
1534,1985,137.76,0.382309 
1535,1985,137.76,0.400275 
1536,1986,138.02,0.401076 
1537,1981,136.72,0.397583 
1538,1989,138.79,0.419870 
1539,1987,138.27,0.386313 
1540,1990,139.05,0.395693 
1541,1983,137.24,0.383623 
1542,1990,139.05,0.414472 
1543,1990,139.05,0.385225 
1544,1999,141.38,0.386023 
1545,1998,141.12,0.348296 
1546,1995,140.35,0.353364 
1547,2000,141.64,0.366991 
1548,2000,141.64,0.346406 
1549,1997,140.86,0.347199 
1550,2005,142.93,0.360816 
1551,1999,141.38,0.327444 
1552,2000,141.64,0.353851 
1553,2002,142.16,0.350372 
1554,2011,144.48,0.342624 
1555,1999,141.38,0.305054 
1556,2001,141.90,0.357018 
1557,2005,142.93,0.349268 
1558,2005,142.93,0.332991 
1559,1999,141.38,0.333782 
1560,2000,141.64,0.360189 
1561,2000,141.64,0.356711 
1562,2001,141.90,0.357506 
1563,2000,141.64,0.354029 
1564,2005,142.93,0.359095 
1565,2005,142.93,0.338547 
1566,2004,142.67,0.339339 
1567,2000,141.64,0.344396 
1568,2000,141.64,0.362267 
1569,2004,142.67,0.363062 
1570,2006,143.19,0.346780 
1571,2010,144.22,0.339044 
1572,2006,143.19,0.322795 
1573,2010,144.22,0.340626 
1574,2006,143.19,0.324377 
1575,2001,141.90,0.342208 
1576,2007,143.45,0.364336 
1577,2007,143.45,0.339534 
1578,2007,143.45,0.340326 
1579,2010,144.22,0.341119 
1580,2010,144.22,0.329133 
1581,1997,140.86,0.329924 
1582,2010,144.22,0.386186 
1583,2010,144.22,0.331513 
1584,2034,150.37,0.332304 
1585,2013,144.99,0.231359 
1586,2009,143.96,0.321108 
1587,2010,144.22,0.338920 
1588,2010,144.22,0.335454 
1589,2010,144.22,0.336246 
1590,2011,144.48,0.337038 
1591,2010,144.22,0.333573 
1592,2010,144.22,0.338621 
1593,2010,144.22,0.339413 
1594,2002,142.16,0.340206 
1595,2012,144.73,0.375104 
1596,2010,144.22,0.333284 
1597,2010,144.22,0.342587 
1598,2016,145.76,0.343380 
1599,2018,146.27,0.318657 
1600,2012,144.73,0.310953 
1601,2016,145.76,0.337239 
1602,2011,144.48,0.321026 
1603,2006,143.19,0.343075 
1604,2018,146.27,0.365166 
1605,2011,144.48,0.314912 
1606,2015,145.50,0.345453 
1607,2017,146.02,0.329236 
1608,2012,144.73,0.321530 
1609,2015,145.50,0.343572 
1610,2017,146.02,0.331609 
1611,2015,145.50,0.323904 
1612,2018,146.27,0.333191 
1613,2017,146.02,0.321240 
1614,2025,148.07,0.326276 
1615,2019,146.53,0.293142 
1616,2019,146.53,0.319362 
1617,2023,147.56,0.320151 
1618,2021,147.04,0.303979 
1619,2022,147.30,0.313244 
1620,2004,142.67,0.309793 
1621,2027,148.58,0.387129 
1622,2026,148.32,0.290204 
1623,2028,148.84,0.295222 
1624,2027,148.58,0.287545 
1625,2029,149.09,0.292561 
1626,2029,149.09,0.284887 
1627,2032,149.86,0.285671 
1628,2030,149.35,0.273778 
1629,2031,149.60,0.283012 
1630,2031,149.60,0.279570 
1631,2030,149.35,0.280354 
1632,2032,149.86,0.285364 
1633,2032,149.86,0.277698 
1634,2032,149.86,0.278481 
1635,2031,149.60,0.279265 
1636,2033,150.11,0.284274 
1637,2033,150.11,0.276610 
1638,2032,149.86,0.277394 
1639,2032,149.86,0.282401 
1640,2032,149.86,0.283185 
1641,2032,149.86,0.283970 
1642,2031,149.60,0.284754 
1643,2032,149.86,0.289763 
1644,2025,148.07,0.286324 
1645,2032,149.86,0.316713 
1646,2028,148.84,0.287898 
1647,2035,150.62,0.305591 
1648,2034,150.37,0.276807 
1649,2036,150.88,0.281810 
1650,2036,150.88,0.274156 
1651,2033,150.11,0.274939 
1652,2038,151.39,0.288383 
1653,1989,138.79,0.268075 
1654,2055,155.71,0.477201 
1655,2038,151.39,0.198238 
1656,2057,156.21,0.270442 
1657,2042,152.41,0.191418 
1658,2037,151.13,0.255150 
1659,2037,151.13,0.276993 
1660,2041,152.15,0.277776 
1661,2042,152.41,0.261707 
1662,2042,152.41,0.258279 
1663,2043,152.66,0.259060 
1664,2047,153.68,0.255633 
1665,2054,155.45,0.239597 
1666,2039,151.64,0.211005 
1667,2052,154.95,0.274808 
1668,2042,152.41,0.220947 
1669,2051,154.69,0.263734 
1670,2094,165.51,0.226699 
1671,2063,157.73,0.000000 
1672,2030,149.35,0.129506 
1673,2046,153.42,0.268938 
1674,2046,153.42,0.202291 
1675,2047,153.68,0.203071 
1676,2042,152.41,0.199649 
1677,2045,153.17,0.221454 
1678,2039,151.64,0.209617 
1679,2047,153.68,0.235650 
1680,2041,152.15,0.202778 
1681,2059,156.72,0.228792 
1682,2038,151.39,0.154037 
1683,2044,152.92,0.242986 
1684,2042,152.41,0.218511 
1685,2039,151.64,0.227708 
1686,2042,152.41,0.241125 
1687,2042,152.41,0.229277 
1688,2041,152.15,0.230061 
1689,2044,152.92,0.235055 
1690,2039,151.64,0.223216 
1691,2045,153.17,0.245046 
1692,2039,151.64,0.220580 
1693,2042,152.41,0.246615 
1694,2045,153.17,0.234769 
1695,2047,153.68,0.222934 
1696,2041,152.15,0.215312 
1697,2044,152.92,0.241328 
1698,2032,149.86,0.229490 
1699,2044,152.92,0.280852 
1700,2047,153.68,0.231066 
1701,2045,153.17,0.219240 
1702,2044,152.92,0.228428 
1703,2042,152.41,0.233417 
1704,2041,152.15,0.242616 
1705,2046,153.42,0.247611 
1706,2044,152.92,0.227366 
1707,2045,153.17,0.236558 
1708,2043,152.66,0.233138 
1709,2047,153.68,0.242334 
1710,2032,149.86,0.226304 
1711,2043,152.66,0.290275 
1712,2052,154.95,0.244697 
1713,2046,153.42,0.207680 
1714,2046,153.42,0.233650 
1715,2045,153.17,0.234434 
1716,2043,152.66,0.239423 
1717,2041,152.15,0.248620 
1718,2046,153.42,0.257824 
1719,2043,152.66,0.237580 
1720,2046,153.42,0.250980 
1721,2046,153.42,0.239153 
1722,2051,154.69,0.239938 
1723,2053,155.20,0.219730 
1724,2047,153.68,0.212126 
1725,2044,152.92,0.238087 
1726,2045,153.17,0.251483 
1727,2045,153.17,0.248065 
1728,2052,154.95,0.248852 
1729,2057,156.21,0.220247 
1730,2046,153.42,0.200081 
1731,2052,154.95,0.246999 
1732,2053,155.20,0.222597 
1733,2046,153.42,0.219187 
1734,2052,154.95,0.249352 
1735,2057,156.21,0.224950 
1736,2057,156.21,0.204785 
1737,2053,155.20,0.205566 
1738,2047,153.68,0.223103 
1739,2047,153.68,0.249066 
1740,2086,163.51,0.249853 
1741,2065,158.24,0.000000 
1742,2052,154.95,0.000000 
1743,2058,156.47,0.000000 
1744,2054,155.45,0.000000 
1745,2045,153.17,0.000000 
1746,2046,153.42,0.000000 
1747,2052,154.95,0.000000 
1748,2054,155.45,0.000000 
1749,2046,153.42,0.000000 
1750,2047,153.68,0.000000 
1751,2246,202.41,0.000000 
1752,2047,153.68,0.000000 
1753,2052,154.95,0.806687 
1754,2053,155.20,0.786489 
1755,2051,154.69,0.783082 
1756,2041,152.15,0.792255 
1757,2054,155.45,0.835068 
1758,2054,155.45,0.781256 
1759,2054,155.45,0.782041 
1760,2053,155.20,0.782827 
1761,2054,155.45,0.787804 
1762,2058,156.47,0.784398 
1763,2054,155.45,0.768434 
1764,2059,156.72,0.785967 
1765,2061,157.23,0.765820 
1766,2058,156.47,0.758240 
1767,2062,157.48,0.771568 
1768,2059,156.72,0.755627 
1769,2056,155.96,0.768950 
1770,2058,156.47,0.782289 
1771,2064,157.98,0.774703 
1772,2060,156.97,0.750408 
1773,2060,156.97,0.767902 
1774,2063,157.73,0.768685 
1775,2064,157.98,0.756931 
1776,2062,157.48,0.753537 
1777,2064,157.98,0.762672 
1778,2059,156.72,0.755101 
1779,2063,157.73,0.776778 
1780,2066,158.49,0.760843 
1781,2064,157.98,0.749102 
1782,2067,158.74,0.758230 
1783,2065,158.24,0.746493 
1784,2066,158.49,0.755618 
1785,2067,158.74,0.752227 
1786,2066,158.49,0.748836 
1787,2072,160.00,0.753789 
1788,2074,160.50,0.729563 
1789,2071,159.75,0.722018 
1790,2071,159.75,0.735282 
1791,2082,162.51,0.736061 
1792,2075,160.75,0.691119 
1793,2078,161.51,0.720965 
1794,2081,162.26,0.709273 
1795,2078,161.51,0.697592 
1796,2080,162.01,0.710821 
1797,2068,158.99,0.703291 
1798,2080,162.01,0.753988 
1799,2087,163.76,0.704847 
1800,2082,162.51,0.676601 
1801,2087,163.76,0.698093 
1802,2091,164.76,0.678145 
1803,2089,164.26,0.662365 
1804,2091,164.76,0.671406 
1805,2087,163.76,0.663904 
1806,2093,165.26,0.681222 
1807,2089,164.26,0.657178 
1808,2096,166.01,0.674483 
1809,2091,164.76,0.646328 
1810,2105,168.26,0.667747 
1811,2095,165.76,0.610783 
1812,2091,164.76,0.652752 
1813,2082,162.51,0.670045 
1814,2103,167.76,0.708086 
1815,2096,166.01,0.622085 
1816,2096,166.01,0.651699 
1817,2096,166.01,0.652466 
1818,2112,169.99,0.653233 
1819,2089,164.26,0.588164 
1820,2096,166.01,0.683683 
1821,2098,166.51,0.655530 
1822,2096,166.01,0.648046 
1823,2096,166.01,0.657064 
1824,2096,166.01,0.657832 
1825,2095,165.76,0.658600 
1826,2102,167.51,0.663495 
1827,2098,166.51,0.635402 
1828,2099,166.76,0.652650 
1829,2105,168.26,0.649294 
1830,2100,167.01,0.625354 
1831,2101,167.26,0.646703 
1832,2107,168.75,0.643349 
1833,2101,167.26,0.619427 
1834,2109,169.25,0.644878 
1835,2109,169.25,0.612738 
1836,2112,169.99,0.613500 
1837,2108,169.00,0.601947 
1838,2109,169.25,0.619129 
1839,2111,169.75,0.615784 
1840,2110,169.50,0.608334 
1841,2109,169.25,0.613200 
1842,2108,169.00,0.618068 
1843,2110,169.50,0.622939 
1844,2112,169.99,0.615487 
1845,2112,169.99,0.608041 
1846,2111,169.75,0.608802 
1847,2114,170.49,0.613666 
1848,2112,169.99,0.602123 
1849,2112,169.99,0.611085 
1850,2096,166.01,0.611847 
1851,2113,170.24,0.678444 
1852,2115,170.74,0.609277 
1853,2114,170.49,0.601840 
1854,2112,169.99,0.606698 
1855,2115,170.74,0.615661 
1856,2112,169.99,0.604123 
1857,2122,172.47,0.617184 
1858,2116,170.98,0.576996 
1859,2121,172.22,0.602305 
1860,2127,173.70,0.582601 
1861,2125,173.21,0.558852 
1862,2125,173.21,0.567769 
1863,2124,172.96,0.568524 
1864,2133,175.18,0.573363 
1865,2128,173.95,0.537421 
1866,2128,173.95,0.558545 
1867,2121,172.22,0.559299 
1868,2128,173.95,0.588639 
1869,2128,173.95,0.560812 
1870,2130,174.44,0.561566 
1871,2129,174.20,0.554167 
1872,2128,173.95,0.558996 
1873,2129,174.20,0.563828 
1874,2138,176.41,0.560505 
1875,2134,175.43,0.524629 
1876,2129,174.20,0.541644 
1877,2132,174.94,0.562761 
1878,2134,175.43,0.551291 
1879,2133,175.18,0.543903 
1880,2129,174.20,0.548725 
1881,2135,175.67,0.565773 
1882,2132,174.94,0.542095 
1883,2177,185.92,0.555057 
1884,2130,174.44,0.374091 
1885,2139,176.66,0.564686 
1886,2139,176.66,0.528825 
1887,2144,177.88,0.529575 
1888,2149,179.11,0.510035 
1889,2140,176.90,0.490531 
1890,2142,177.39,0.527755 
1891,2139,176.66,0.520388 
1892,2141,177.15,0.533315 
1893,2140,176.90,0.525945 
1894,2134,175.43,0.530754 
1895,2143,177.64,0.555893 
1896,2143,177.64,0.520085 
1897,2143,177.64,0.520834 
1898,2144,177.88,0.521583 
1899,2144,177.88,0.518277 
1900,2142,177.39,0.519025 
1901,2146,178.37,0.527885 
1902,2149,179.11,0.512419 
1903,2146,178.37,0.501021 
1904,2146,178.37,0.513913 
1905,2144,177.88,0.514661 
1906,2144,177.88,0.523514 
1907,2138,176.41,0.524264 
1908,2147,178.62,0.549365 
1909,2148,178.86,0.513611 
1910,2147,178.62,0.510310 
1911,2149,179.11,0.515107 
1912,2146,178.37,0.507759 
1913,2164,182.77,0.520653 
1914,2149,179.11,0.448728 
1915,2150,179.35,0.509994 
1916,2159,181.55,0.506696 
1917,2152,179.84,0.471099 
1918,2150,179.35,0.500098 
1919,2154,180.33,0.508931 
1920,2150,179.35,0.493511 
1921,2151,179.60,0.510424 
1922,2155,180.57,0.507128 
1923,2153,180.09,0.491713 
1924,2157,181.06,0.500536 
1925,2160,181.79,0.485132 
1926,2160,181.79,0.473780 
1927,2159,181.55,0.474523 
1928,2160,181.79,0.479296 
1929,2157,181.06,0.476009 
1930,2160,181.79,0.488848 
1931,2156,180.82,0.477497 
1932,2160,181.79,0.494371 
1933,2160,181.79,0.478985 
1934,2165,183.01,0.479729 
1935,2159,181.55,0.460341 
1936,2160,181.79,0.485243 
1937,2157,181.06,0.481957 
1938,2160,181.79,0.494797 
1939,2160,181.79,0.483447 
1940,2177,185.92,0.484191 
1941,2161,182.04,0.416646 
1942,2160,181.79,0.481640 
1943,2160,181.79,0.486413 
1944,2160,181.79,0.487158 
1945,2160,181.79,0.487902 
1946,2160,181.79,0.488647 
1947,2158,181.31,0.489392 
1948,2160,181.79,0.498199 
1949,2102,167.51,0.490883 
1950,2154,180.33,0.727910 
1951,2160,181.79,0.516614 
1952,2167,183.50,0.493157 
1953,2197,190.74,0.465731 
1954,2154,180.33,0.346576 
1955,2165,183.01,0.519575 
1956,2167,183.50,0.475987 
1957,2169,183.98,0.468689 
1958,2166,183.25,0.461396 
1959,2167,183.50,0.474193 
1960,2178,186.16,0.470916 
1961,2161,182.04,0.427538 
1962,2170,184.22,0.496537 
1963,2166,183.25,0.461090 
1964,2177,185.92,0.477902 
1965,2164,182.77,0.434508 
1966,2172,184.71,0.487427 
1967,2171,184.47,0.456030 
1968,2174,185.19,0.460783 
1969,2169,183.98,0.449492 
1970,2170,184.22,0.470293 
1971,2175,185.44,0.467020 
1972,2167,183.50,0.447708 
1973,2160,181.79,0.480553 
1974,2175,185.44,0.509469 
1975,2175,185.44,0.449940 
1976,2171,184.47,0.450679 
1977,2160,181.79,0.467459 
1978,2174,185.19,0.512439 
1979,2176,185.68,0.456918 
1980,2173,184.95,0.449644 
1981,2176,185.68,0.462408 
1982,2174,185.19,0.451125 
1983,2184,187.61,0.459880 
1984,2175,185.44,0.420610 
1985,2178,186.16,0.457349 
1986,2175,185.44,0.446075 
1987,2186,188.10,0.458829 
1988,2177,185.92,0.415583 
1989,2174,185.19,0.452293 
1990,2179,186.41,0.465053 
1991,2175,185.44,0.445771 
1992,2179,186.41,0.462526 
1993,2175,185.44,0.447252 
1994,2181,186.89,0.464008 
1995,2178,186.16,0.440734 
1996,2174,185.19,0.453473 
1997,2174,185.19,0.470236 
1998,2174,185.19,0.470979 
1999,2176,185.68,0.471722 
2000,2177,185.92,0.464451 
2001,2179,186.41,0.461188 
2002,2178,186.16,0.453925 
2003,2175,185.44,0.458667 
2004,2171,184.47,0.471423 
2005,2178,186.16,0.488207 
2006,2178,186.16,0.460897 
2007,2176,185.68,0.461639 
2008,2173,184.95,0.470389 
2009,2181,186.89,0.483155 
2010,2175,185.44,0.451868 
2011,2177,185.92,0.476624 
2012,2177,185.92,0.469356 
2013,2186,188.10,0.470099 
2014,2174,185.19,0.434867 
2015,2180,186.65,0.483599 
2016,2173,184.95,0.460320 
2017,2179,186.41,0.489095 
2018,2178,186.16,0.465807 
2019,2180,186.65,0.470552 
2020,2177,185.92,0.463293 
2021,2182,187.13,0.476040 
2022,2176,185.68,0.456783 
2023,2181,186.89,0.481530 
2024,2192,189.54,0.462266 
2025,2182,187.13,0.419122 
2026,2188,188.58,0.459747 
2027,2189,188.82,0.436537 
2028,2187,188.34,0.433288 
2029,2187,188.34,0.442001 
2030,2191,189.30,0.442741 
2031,2190,189.06,0.427536 
2032,2190,189.06,0.432257 
2033,2191,189.30,0.432995 
2034,2190,189.06,0.429749 
2035,2192,189.54,0.434470 
2036,2188,188.58,0.427243 
2037,2190,189.06,0.443918 
2038,2192,189.54,0.436685 
2039,2191,189.30,0.429458 
2040,2192,189.54,0.434178 
2041,2190,189.06,0.430934 
2042,2191,189.30,0.439637 
2043,2186,188.10,0.436393 
2044,2190,189.06,0.457065 
2045,2188,188.58,0.441856 
2046,2192,189.54,0.450568 
2047,2170,184.22,0.435371 
2048,2187,188.34,0.524066 
2049,2189,188.82,0.456786 
2050,2186,188.10,0.449553 
2051,2190,189.06,0.462258 
2052,2192,189.54,0.447051 
2053,2190,189.06,0.439825 
2054,2189,188.82,0.448530 
2055,2187,188.34,0.453256 
2056,2187,188.34,0.461972 
2057,2192,189.54,0.462714 
2058,2194,190.02,0.443531 
2059,2192,189.54,0.436311 
2060,2199,191.22,0.445010 
2061,2192,189.54,0.417917 
2062,2194,190.02,0.446486 
2063,2186,188.10,0.439266 
2064,2194,190.02,0.471881 
2065,2192,189.54,0.440750 
2066,2198,190.98,0.449449 
2067,2195,190.26,0.426328 
2068,2193,189.78,0.438990 
2069,2192,189.54,0.447686 
2070,2193,189.78,0.452407 
2071,2193,189.78,0.449167 
2072,2173,184.95,0.449908 
2073,2190,189.06,0.530549 
2074,2192,189.54,0.463348 
2075,2192,189.54,0.456125 
2076,2193,189.78,0.456867 
2077,2192,189.54,0.453628 
2078,2192,189.54,0.458350 
2079,2192,189.54,0.459092 
2080,2190,189.06,0.459834 
2081,2194,190.02,0.468543 
2082,2193,189.78,0.453361 
2083,2194,190.02,0.458081 
2084,2176,185.68,0.454845 
2085,2197,190.74,0.527442 
2086,2195,190.26,0.444410 
2087,2198,190.98,0.453101 
2088,2199,191.22,0.441919 
2089,2199,191.22,0.438688 
2090,2205,192.66,0.439427 
2091,2201,191.70,0.416369 
2092,2199,191.22,0.432964 
2093,2195,190.26,0.441642 
2094,2197,190.74,0.458277 
2095,2202,191.94,0.451068 
2096,2202,191.94,0.431960 
2097,2201,191.70,0.432698 
2098,2181,186.89,0.437404 
2099,2203,192.18,0.517801 
2100,2203,192.18,0.430962 
2101,2194,190.02,0.431700 
2102,2193,189.78,0.468183 
2103,2204,192.42,0.472906 
2104,2203,192.18,0.429963 
2105,2198,190.98,0.434666 
2106,2205,192.66,0.455247 
2107,2205,192.66,0.428221 
2108,2176,185.68,0.428959 
2109,2199,191.22,0.545223 
2110,2198,190.98,0.454250 
2111,2203,192.18,0.458963 
2112,2208,193.38,0.439863 
2113,2212,194.34,0.420799 
2114,2204,192.42,0.405720 
2115,2204,192.42,0.438111 
2116,2205,192.66,0.438851 
2117,2205,192.66,0.435629 
2118,2203,192.18,0.436368 
2119,2219,196.01,0.445034 
2120,2205,192.66,0.382534 
2121,2204,192.42,0.438580 
2122,2206,192.90,0.443282 
2123,2206,192.90,0.436100 
2124,2205,192.66,0.436839 
2125,2208,193.38,0.441540 
2126,2205,192.66,0.430402 
2127,2205,192.66,0.443019 
2128,2201,191.70,0.443759 
2129,2192,189.54,0.460359 
2130,2207,193.14,0.496873 
2131,2199,191.22,0.438071 
2132,2206,192.90,0.470529 
2133,2206,192.90,0.443515 
2134,2201,191.70,0.444256 
2135,2198,190.98,0.464816 
2136,2192,189.54,0.477470 
2137,2202,191.94,0.502077 
2138,2202,191.94,0.463088 
2139,2226,197.67,0.463831 
2140,2256,204.76,0.369823 
2141,2201,191.70,0.253340 
2142,2209,193.62,0.469986 
2143,2206,192.90,0.439037 
2144,2207,193.14,0.451651 
2145,2208,193.38,0.448434 
2146,2210,193.86,0.445217 
2147,2209,193.62,0.438047 
2148,2208,193.38,0.442742 
2149,2208,193.38,0.447439 
2150,2209,193.62,0.448181 
2151,2207,193.14,0.444966 
2152,2213,194.58,0.453621 
2153,2208,193.38,0.430639 
2154,2209,193.62,0.451145 
2155,2208,193.38,0.447931 
2156,2206,192.90,0.452629 
2157,2209,193.62,0.461288 
2158,2205,192.66,0.450158 
2159,2254,204.29,0.466735 
2160,2208,193.38,0.275177 
2161,2210,193.86,0.456318 
2162,2209,193.62,0.449149 
2163,2208,193.38,0.453846 
2164,2204,192.42,0.458545 
2165,2202,191.94,0.475129 
2166,2206,192.90,0.483804 
2167,2209,193.62,0.468698 
2168,2210,193.86,0.457569 
2169,2212,194.34,0.454358 
2170,2209,193.62,0.447195 
2171,2214,194.82,0.459797 
2172,2213,194.58,0.440782 
2173,2213,194.58,0.445471 
2174,2214,194.82,0.446213 
2175,2213,194.58,0.443006 
2176,2210,193.86,0.447695 
2177,2217,195.53,0.460292 
2178,2214,194.82,0.433395 
2179,2212,194.34,0.445972 
2180,2210,193.86,0.454613 
2181,2224,197.20,0.463260 
2182,2210,193.86,0.408796 
2183,2215,195.05,0.464741 
2184,2214,194.82,0.445734 
2185,2210,193.86,0.450423 
2186,2209,193.62,0.466969 
2187,2210,193.86,0.471669 
2188,2205,192.66,0.468460 
2189,2212,194.34,0.488994 
2190,2222,196.72,0.462048 
2191,2213,194.58,0.423357 
2192,2213,194.58,0.459580 
2193,2207,193.14,0.460324 
2194,2213,194.58,0.484792 
2195,2212,194.34,0.461815 
2196,2208,193.38,0.466509 
2197,2206,192.90,0.483070 
2198,2209,193.62,0.491735 
2199,2216,195.29,0.480609 
2200,2211,194.10,0.453704 
2201,2218,195.77,0.474191 
2202,2211,194.10,0.447307 
2203,2209,193.62,0.475679 
2204,2212,194.34,0.484334 
2205,2213,194.58,0.473221 
2206,2211,194.10,0.470017 
2207,2219,196.01,0.478664 
2208,2215,195.05,0.447839 
2209,2218,195.77,0.464355 
2210,2219,196.01,0.453267 
2211,2219,196.01,0.450069 
2212,2215,195.05,0.450812 
2213,2221,196.48,0.467328 
2214,2215,195.05,0.444421 
2215,2215,195.05,0.468815 
2216,2220,196.25,0.469560 
2217,2215,195.05,0.450592 
2218,2211,194.10,0.471048 
2219,2221,196.48,0.487592 
2220,2218,195.77,0.448891 
2221,2221,196.48,0.461452 
2222,2216,195.29,0.450377 
2223,2218,195.77,0.470826 
2224,2217,195.53,0.463685 
2225,2282,210.83,0.468372 
2226,2217,195.53,0.215994 
2227,2221,196.48,0.469827 
2228,2223,196.96,0.454811 
2229,2221,196.48,0.447682 
2230,2235,199.81,0.456297 
2231,2224,197.20,0.402065 
2232,2224,197.20,0.445971 
2233,2222,196.72,0.446713 
2234,2220,196.25,0.455324 
2235,2221,196.48,0.463943 
2236,2224,197.20,0.460750 
2237,2202,191.94,0.449689 
2238,2224,197.20,0.537322 
2239,2219,196.01,0.451187 
2240,2221,196.48,0.471614 
2241,2224,197.20,0.464482 
2242,2220,196.25,0.453421 
2243,2219,196.01,0.469909 
2244,2229,198.39,0.474594 
2245,2217,195.53,0.436012 
2246,2219,196.01,0.483965 
2247,2221,196.48,0.476830 
2248,2223,196.96,0.469698 
2249,2222,196.72,0.462572 
2250,2224,197.20,0.467252 
2251,2207,193.14,0.460129 
2252,2221,196.48,0.527952 
2253,2224,197.20,0.473433 
2254,2215,195.05,0.462374 
2255,2223,196.96,0.498577 
2256,2224,197.20,0.467803 
2257,2224,197.20,0.464615 
2258,2222,196.72,0.465360 
2259,2224,197.20,0.473975 
2260,2225,197.44,0.466852 
2261,2224,197.20,0.463666 
2262,2226,197.67,0.468343 
2263,2226,197.67,0.461226 
2264,2229,198.39,0.461971 
2265,2224,197.20,0.450934 
2266,2228,198.15,0.471322 
2267,2230,198.62,0.456349 
2268,2223,196.96,0.449243 
2269,2224,197.20,0.477489 
2270,2224,197.20,0.474303 
2271,2224,197.20,0.475050 
2272,2211,194.10,0.475797 
2273,2223,196.96,0.527799 
2274,2222,196.72,0.481232 
2275,2238,200.52,0.485915 
2276,2226,197.67,0.423883 
2277,2224,197.20,0.471672 
2278,2224,197.20,0.480281 
2279,2229,198.39,0.481028 
2280,2227,197.91,0.462131 
2281,2224,197.20,0.470730 
2282,2224,197.20,0.483268 
2283,2224,197.20,0.484016 
2284,2227,197.91,0.484764 
2285,2229,198.39,0.473721 
2286,2234,199.57,0.466615 
2287,2229,198.39,0.447753 
2288,2233,199.33,0.468104 
2289,2230,198.62,0.453161 
2290,2246,202.41,0.465669 
2291,2235,199.81,0.403829 
2292,2227,197.91,0.447552 
2293,2224,197.20,0.479673 
2294,2237,200.28,0.492213 
2295,2231,198.86,0.441963 
2296,2229,198.39,0.466212 
2297,2239,200.75,0.474805 
2298,2230,198.62,0.436376 
2299,2231,198.86,0.472369 
2300,2228,198.15,0.469194 
2301,2228,198.15,0.481714 
2302,2240,200.99,0.482462 
2303,2227,197.91,0.436198 
2304,2225,197.44,0.487879 
2305,2224,197.20,0.496488 
2306,2224,197.20,0.501171 
2307,2230,198.62,0.501922 
2308,2234,199.57,0.479103 
2309,2226,197.67,0.464168 
2310,2229,198.39,0.496304 
2311,2228,198.15,0.485272 
2312,2230,198.62,0.489947 
2313,2226,197.67,0.482845 
2314,2238,200.52,0.499301 
2315,2228,198.15,0.453003 
2316,2231,198.86,0.492940 
2317,2228,198.15,0.481916 
2318,2230,198.62,0.494438 
2319,2228,198.15,0.487338 
2320,2227,197.91,0.495938 
2321,2231,198.86,0.500616 
2322,2229,198.39,0.485666 
2323,2230,198.62,0.494262 
2324,2237,200.28,0.491088 
2325,2233,199.33,0.464408 
2326,2235,199.81,0.480819 
2327,2229,198.39,0.473732 
2328,2224,197.20,0.498004 
2329,2231,198.86,0.518400 
2330,2229,198.39,0.491661 
2331,2230,198.62,0.500259 
2332,2234,199.57,0.497085 
2333,2239,200.75,0.482153 
2334,2231,198.86,0.463332 
2335,2233,199.33,0.495408 
2336,2235,199.81,0.488317 
2337,2235,199.81,0.481231 
2338,2236,200.04,0.481980 
2339,2241,201.23,0.478813 
2340,2231,198.86,0.460007 
2341,2233,199.33,0.499899 
2342,2230,198.62,0.492809 
2343,2235,199.81,0.505323 
2344,2238,200.52,0.486476 
2345,2235,199.81,0.475483 
2346,2237,200.28,0.487973 
2347,2237,200.28,0.480893 
2348,2235,199.81,0.481642 
2349,2231,198.86,0.490220 
2350,2231,198.86,0.506647 
2351,2235,199.81,0.507399 
2352,2230,198.62,0.492475 
2353,2233,199.33,0.512825 
2354,2234,199.57,0.501814 
2355,2246,202.41,0.498647 
2356,2240,200.99,0.452495 
2357,2240,200.99,0.476664 
2358,2242,201.46,0.477412 
2359,2240,200.99,0.470346 
2360,2242,201.46,0.478907 
2361,2246,202.41,0.471842 
2362,2239,200.75,0.456979 
2363,2243,201.70,0.485058 
2364,2245,202.17,0.470179 
2365,2241,201.23,0.463121 
2366,2240,200.99,0.479484 
2367,2240,200.99,0.484140 
2368,2226,197.67,0.484890 
2369,2240,200.99,0.540508 
2370,2192,189.54,0.486397 
2371,2238,200.52,0.676506 
2372,2243,201.70,0.495744 
2373,2239,200.75,0.476955 
2374,2252,203.82,0.493332 
2375,2242,201.46,0.443379 
2376,2240,200.99,0.483103 
2377,2247,202.64,0.491666 
2378,2242,201.46,0.465093 
2379,2245,202.17,0.485349 
2380,2242,201.46,0.474389 
2381,2246,202.41,0.486847 
2382,2242,201.46,0.471986 
2383,2241,201.23,0.488344 
2384,2240,200.99,0.493001 
2385,2266,207.10,0.497659 
2386,2249,203.11,0.397299 
2387,2246,202.41,0.464032 
2388,2233,199.33,0.476470 
2389,2243,201.70,0.528040 
2390,2247,202.64,0.489680 
2391,2231,198.86,0.474826 
2392,2223,196.96,0.538136 
2393,2243,201.70,0.570320 
2394,2245,202.17,0.492698 
2395,2252,203.82,0.485643 
2396,2253,204.05,0.459123 
2397,2253,204.05,0.455979 
2398,2245,202.17,0.456725 
2399,2247,202.64,0.488631 
2400,2241,201.23,0.481582 
2401,2250,203.35,0.505746 
2402,2246,202.41,0.471397 
2403,2243,201.70,0.487731 
2404,2242,201.46,0.500186 
2405,2243,201.70,0.504843 
2406,2244,201.93,0.501691 
2407,2245,202.17,0.498540 
2408,2243,201.70,0.495390 
2409,2242,201.46,0.503946 
2410,2243,201.70,0.508604 
2411,2227,197.91,0.505452 
2412,2253,204.05,0.568864 
2413,2242,201.46,0.468002 
2414,2247,202.64,0.511619 
2415,2256,204.76,0.492864 
2416,2244,201.93,0.458594 
2417,2246,202.41,0.506062 
2418,2243,201.70,0.499013 
2419,2242,201.46,0.511470 
2420,2243,201.70,0.516129 
2421,2245,202.17,0.512979 
2422,2244,201.93,0.505928 
2423,2251,203.58,0.510583 
2424,2248,202.88,0.484056 
2425,2254,204.29,0.496488 
2426,2252,203.82,0.473888 
2427,2256,204.76,0.482415 
2428,2256,204.76,0.467615 
2429,2254,204.29,0.468362 
2430,2255,204.52,0.476882 
2431,2246,202.41,0.473744 
2432,2246,202.41,0.509527 
2433,2246,202.41,0.510281 
2434,2252,203.82,0.511034 
2435,2251,203.58,0.488418 
2436,2255,204.52,0.493060 
2437,2251,203.58,0.478256 
2438,2252,203.82,0.494561 
2439,2253,204.05,0.491421 
2440,2256,204.76,0.488283 
2441,2253,204.05,0.477373 
2442,2254,204.29,0.489783 
2443,2262,206.17,0.486645 
2444,2255,204.52,0.456345 
2445,2238,200.52,0.484255 
2446,2252,203.82,0.551285 
2447,2253,204.05,0.497430 
2448,2255,204.52,0.494292 
2449,2240,200.99,0.487269 
2450,2250,203.35,0.546479 
2451,2246,202.41,0.508227 
2452,2249,203.11,0.524567 
2453,2250,203.35,0.513631 
2454,2258,205.23,0.510491 
2455,2253,204.05,0.480146 
2456,2254,204.29,0.500322 
2457,2250,203.35,0.497186 
2458,2255,204.52,0.513500 
2459,2256,204.76,0.494806 
2460,2256,204.76,0.491673 
2461,2251,203.58,0.492424 
2462,2256,204.76,0.512617 
2463,2260,205.70,0.493930 
2464,2257,204.99,0.479157 
2465,2257,204.99,0.491548 
2466,2256,204.76,0.492299 
2467,2258,205.23,0.496935 
2468,2247,202.64,0.489921 
2469,2255,204.52,0.533459 
2470,2253,204.05,0.503081 
2471,2255,204.52,0.511609 
2472,2256,204.76,0.504588 
2473,2266,207.10,0.501456 
2474,2247,202.64,0.463442 
2475,2257,204.99,0.537978 
2476,2256,204.76,0.499831 
2477,2254,204.29,0.504468 
2478,2255,204.52,0.512993 
2479,2259,205.46,0.509861 
2480,2254,204.29,0.495084 
2481,2261,205.93,0.515254 
2482,2256,204.76,0.488834 
2483,2256,204.76,0.508989 
2484,2259,205.46,0.509743 
2485,2258,205.23,0.498851 
2486,2257,204.99,0.503484 
2487,2257,204.99,0.508119 
2488,2259,205.46,0.508873 
2489,2259,205.46,0.501865 
2490,2256,204.76,0.502618 
2491,2257,204.99,0.515018 
2492,2242,201.46,0.511889 
2493,2259,205.46,0.571057 
2494,2258,205.23,0.505645 
2495,2256,204.76,0.510279 
2496,2247,202.64,0.518799 
2497,2256,204.76,0.554575 
2498,2257,204.99,0.520315 
2499,2257,204.99,0.517188 
2500,2256,204.76,0.517943 
2501,2256,204.76,0.522582 
2502,2261,205.93,0.523339 
2503,2317,218.91,0.504692 
2504,2259,205.46,0.290722 
2505,2261,205.93,0.513926 
2506,2268,207.57,0.506924 
2507,2267,207.34,0.480578 
2508,2262,206.17,0.485195 
2509,2262,206.17,0.505303 
2510,2223,196.96,0.506057 
2511,2260,205.70,0.659099 
2512,2257,204.99,0.515341 
2513,2252,203.82,0.527738 
2514,2261,205.93,0.547928 
2515,2256,204.76,0.513736 
2516,2257,204.99,0.533894 
2517,2262,206.17,0.530768 
2518,2261,205.93,0.512131 
2519,2261,205.93,0.516762 
2520,2260,205.70,0.517517 
2521,2269,207.80,0.522151 
2522,2265,206.87,0.488064 
2523,2268,207.57,0.504286 
2524,2266,207.10,0.493435 
2525,2267,207.34,0.501922 
2526,2267,207.34,0.498807 
2527,2262,206.17,0.499560 
2528,2263,206.40,0.519671 
2529,2261,205.93,0.516553 
2530,2266,207.10,0.525059 
2531,2241,201.23,0.506451 
2532,2261,205.93,0.604409 
2533,2263,206.40,0.527339 
2534,2262,206.17,0.520345 
2535,2262,206.17,0.524976 
2536,2267,207.34,0.525733 
2537,2259,205.46,0.507133 
2538,2263,206.40,0.538877 
2539,2256,204.76,0.524129 
2540,2262,206.17,0.552039 
2541,2266,207.10,0.529521 
2542,2263,206.40,0.514790 
2543,2263,206.40,0.527160 
2544,2265,206.87,0.527917 
2545,2266,207.10,0.520931 
2546,2268,207.57,0.517817 
2547,2266,207.10,0.510838 
2548,2265,206.87,0.519328 
2549,2267,207.34,0.523954 
2550,2271,208.27,0.516973 
2551,2262,206.17,0.502270 
2552,2268,207.57,0.537840 
2553,2270,208.04,0.515375 
2554,2274,208.97,0.508401 
2555,2270,208.04,0.493716 
2556,2288,212.23,0.509909 
2557,2273,208.74,0.441373 
2558,2273,208.74,0.499826 
2559,2264,206.63,0.500580 
2560,2270,208.04,0.536123 
2561,2267,207.34,0.513675 
2562,2266,207.10,0.526027 
2563,2263,206.40,0.530653 
2564,2269,207.80,0.543025 
2565,2259,205.46,0.520570 
2566,2269,207.80,0.560049 
2567,2267,207.34,0.522089 
2568,2270,208.04,0.530578 
2569,2271,208.27,0.519740 
2570,2271,208.27,0.516634 
2571,2272,208.50,0.517391 
2572,2271,208.27,0.514286 
2573,2271,208.27,0.518903 
2574,2277,209.67,0.519659 
2575,2274,208.97,0.497273 
2576,2278,209.90,0.509591 
2577,2277,209.67,0.494930 
2578,2274,208.97,0.499535 
2579,2276,209.44,0.511853 
2580,2279,210.14,0.504897 
2581,2277,209.67,0.494097 
2582,2274,208.97,0.502552 
2583,2279,210.14,0.514870 
2584,2274,208.97,0.496360 
2585,2277,209.67,0.516380 
2586,2273,208.74,0.505572 
2587,2277,209.67,0.521748 
2588,2274,208.97,0.507083 
2589,2271,208.27,0.519403 
2590,2274,208.97,0.531738 
2591,2277,209.67,0.520918 
2592,2274,208.97,0.510111 
2593,2276,209.44,0.522430 
2594,2275,209.20,0.515476 
2595,2274,208.97,0.520087 
2596,2277,209.67,0.524700 
2597,2271,208.27,0.513894 
2598,2273,208.74,0.537792 
2599,2277,209.67,0.530831 
2600,2282,210.83,0.516168 
2601,2269,207.80,0.497680 
2602,2275,209.20,0.548546 
2603,2275,209.20,0.526147 
2604,2273,208.74,0.526905 
2605,2273,208.74,0.535377 
2606,2275,209.20,0.536136 
2607,2278,209.90,0.529181 
2608,2275,209.20,0.518380 
2609,2273,208.74,0.530696 
2610,2278,209.90,0.539169 
2611,2277,209.67,0.520655 
2612,2278,209.90,0.525264 
2613,2278,209.90,0.522170 
2614,2277,209.67,0.522927 
2615,2277,209.67,0.527536 
2616,2288,212.23,0.528295 
2617,2309,217.08,0.486766 
2618,2286,211.76,0.407299 
2619,2282,210.83,0.495934 
2620,2283,211.07,0.512056 
2621,2285,211.53,0.508967 
2622,2283,211.07,0.502039 
2623,2284,211.30,0.510477 
2624,2282,210.83,0.507391 
2625,2283,211.07,0.515833 
2626,2277,209.67,0.512745 
2627,2280,210.37,0.536590 
2628,2282,210.83,0.525798 
2629,2282,210.83,0.518863 
2630,2277,209.67,0.519620 
2631,2281,210.60,0.539621 
2632,2288,212.23,0.524983 
2633,2278,209.90,0.498853 
2634,2285,211.53,0.538042 
2635,2288,212.23,0.511882 
2636,2287,211.99,0.501123 
2637,2285,211.53,0.505714 
2638,2284,211.30,0.514148 
2639,2287,211.99,0.518745 
2640,2288,212.23,0.507983 
2641,2291,212.92,0.504902 
2642,2282,210.83,0.494157 
2643,2288,212.23,0.529453 
2644,2288,212.23,0.507170 
2645,2288,212.23,0.507925 
2646,2286,211.76,0.508681 
2647,2288,212.23,0.517111 
2648,2279,210.14,0.510194 
2649,2288,212.23,0.545534 
2650,2284,211.30,0.511711 
2651,2291,212.92,0.527823 
2652,2261,205.93,0.501725 
2653,2287,211.99,0.618101 
2654,2288,212.23,0.518589 
2655,2289,212.46,0.515509 
2656,2282,210.83,0.512431 
2657,2283,211.07,0.540065 
2658,2284,211.30,0.536981 
2659,2286,211.76,0.533899 
2660,2285,211.53,0.526977 
2661,2288,212.23,0.531575 
2662,2293,213.38,0.520820 
2663,2286,211.76,0.502417 
2664,2283,211.07,0.530008 
2665,2282,210.83,0.542290 
2666,2288,212.23,0.546895 
2667,2283,211.07,0.524614 
2668,2282,210.83,0.544570 
2669,2278,209.90,0.549176 
2670,2288,212.23,0.565330 
2671,2288,212.23,0.527659 
2672,2288,212.23,0.528418 
2673,2277,209.67,0.529177 
2674,2343,224.84,0.572222 
2675,2288,212.23,0.322021 
2676,2271,208.27,0.531430 
2677,2290,212.69,0.597618 
2678,2288,212.23,0.525290 
2679,2290,212.69,0.533717 
2680,2279,210.14,0.526808 
2681,2288,212.23,0.569820 
2682,2288,212.23,0.536000 
2683,2289,212.46,0.536760 
2684,2267,207.34,0.533685 
2685,2288,212.23,0.619167 
2686,2293,213.38,0.539052 
2687,2288,212.23,0.520652 
2688,2289,212.46,0.540570 
2689,2288,212.23,0.537496 
2690,2291,212.92,0.542091 
2691,2290,212.69,0.531352 
2692,2288,212.23,0.535943 
2693,2294,213.62,0.544372 
2694,2286,211.76,0.522146 
2695,2290,212.69,0.553567 
2696,2288,212.23,0.538986 
2697,2273,208.74,0.547415 
2698,2289,212.46,0.605885 
2699,2288,212.23,0.545112 
2700,2288,212.23,0.549708 
2701,2285,211.53,0.550471 
2702,2288,212.23,0.562748 
2703,2287,211.99,0.551997 
2704,2288,212.23,0.556596 
2705,2340,224.16,0.553523 
2706,2290,212.69,0.356870 
2707,2289,212.46,0.547351 
2708,2291,212.92,0.551947 
2709,2291,212.92,0.545044 
2710,2290,212.69,0.545806 
2711,2288,212.23,0.550399 
2712,2294,213.62,0.558830 
2713,2326,220.97,0.536606 
2714,2305,216.16,0.415686 
2715,2288,212.23,0.496107 
2716,2293,213.38,0.561852 
2717,2291,212.92,0.543456 
2718,2279,210.14,0.551877 
2719,2265,206.87,0.598725 
2720,2288,212.23,0.653536 
2721,2288,212.23,0.565687 
2722,2290,212.69,0.566452 
2723,2294,213.62,0.559548 
2724,2299,214.77,0.544993 
2725,2295,213.85,0.526639 
2726,2297,214.31,0.542687 
2727,2302,215.46,0.535801 
2728,2304,215.93,0.517470 
2729,2300,215.00,0.510601 
2730,2301,215.23,0.526616 
2731,2295,213.85,0.523559 
2732,2298,214.54,0.547242 
2733,2302,215.46,0.536535 
2734,2302,215.46,0.522025 
2735,2301,215.23,0.522783 
2736,2294,213.62,0.527357 
2737,2291,212.92,0.554867 
2738,2292,213.15,0.567117 
2739,2295,213.85,0.564052 
2740,2291,212.92,0.553334 
2741,2288,212.23,0.569410 
2742,2296,214.08,0.581676 
2743,2300,215.00,0.551805 
2744,2300,215.00,0.537285 
2745,2302,215.46,0.538046 
2746,2299,214.77,0.531174 
2747,2303,215.69,0.543385 
2748,2289,212.46,0.528882 
2749,2314,218.22,0.583174 
2750,2306,216.39,0.488557 
2751,2301,215.23,0.519731 
2752,2297,214.31,0.539551 
2753,2297,214.31,0.555589 
2754,2295,213.85,0.556352 
2755,2297,214.31,0.564763 
2756,2314,218.22,0.557881 
2757,2298,214.54,0.493886 
2758,2292,213.15,0.555578 
2759,2296,214.08,0.579293 
2760,2294,213.62,0.564753 
2761,2298,214.54,0.573169 
2762,2296,214.08,0.558640 
2763,2295,213.85,0.567048 
2764,2299,214.77,0.571638 
2765,2302,215.46,0.557115 
2766,2303,215.69,0.546428 
2767,2301,215.23,0.543376 
2768,2302,215.46,0.551768 
2769,2301,215.23,0.548715 
2770,2305,216.16,0.553293 
2771,2300,215.00,0.538804 
2772,2298,214.54,0.558635 
2773,2313,218.00,0.567038 
2774,2301,215.23,0.510663 
2775,2297,214.31,0.557105 
2776,2299,214.77,0.573146 
2777,2299,214.77,0.566271 
2778,2301,215.23,0.567036 
2779,2300,215.00,0.560166 
2780,2287,211.99,0.564747 
2781,2301,215.23,0.615270 
2782,2301,215.23,0.562468 
2783,2281,210.60,0.563232 
2784,2324,220.52,0.640624 
2785,2301,215.23,0.477403 
2786,2309,217.08,0.565526 
2787,2304,215.93,0.535810 
2788,2304,215.93,0.555611 
2789,2300,215.00,0.556374 
2790,2303,215.69,0.572397 
2791,2304,215.93,0.561717 
2792,2302,215.46,0.558670 
2793,2305,216.16,0.567060 
2794,2295,213.85,0.556388 
2795,2307,216.62,0.595329 
2796,2304,215.93,0.550305 
2797,2353,227.11,0.562496 
2798,2308,216.85,0.378311 
2799,2307,216.62,0.548765 
2800,2306,216.39,0.553334 
2801,2301,215.23,0.557906 
2802,2306,216.39,0.577732 
2803,2306,216.39,0.559437 
2804,2327,221.20,0.560202 
2805,2304,215.93,0.481320 
2806,2304,215.93,0.569340 
2807,2304,215.93,0.570106 
2808,2302,215.46,0.570872 
2809,2305,216.16,0.579265 
2810,2302,215.46,0.568595 
2811,2295,213.85,0.580798 
2812,2303,215.69,0.608305 
2813,2305,216.16,0.578523 
2814,2304,215.93,0.571668 
2815,2314,218.22,0.576245 
2816,2310,217.31,0.538971 
2817,2307,216.62,0.554931 
2818,2307,216.62,0.567110 
2819,2311,217.54,0.567875 
2820,2311,217.54,0.553425 
2821,2306,216.39,0.554189 
2822,2318,219.14,0.573977 
2823,2304,215.93,0.529150 
2824,2304,215.93,0.583124 
2825,2304,215.93,0.583892 
2826,2305,216.16,0.584661 
2827,2317,218.91,0.581618 
2828,2306,216.39,0.536774 
2829,2308,216.85,0.579338 
2830,2317,218.91,0.572492 
2831,2304,215.93,0.539070 
2832,2313,218.00,0.589255 
2833,2319,219.37,0.555781 
2834,2317,218.91,0.533784 
2835,2316,218.68,0.542126 
2836,2318,219.14,0.546681 
2837,2315,218.45,0.539860 
2838,2311,217.54,0.552000 
2839,2311,217.54,0.567956 
2840,2314,218.22,0.568722 
2841,2308,216.85,0.558092 
2842,2314,218.22,0.581663 
2843,2311,217.54,0.559625 
2844,2309,217.08,0.571786 
2845,2294,213.62,0.580158 
2846,2308,216.85,0.638157 
2847,2309,217.08,0.585507 
2848,2309,217.08,0.582470 
2849,2315,218.45,0.583239 
2850,2313,218.00,0.561210 
2851,2307,216.62,0.569568 
2852,2315,218.45,0.593150 
2853,2310,217.31,0.563512 
2854,2310,217.31,0.583271 
2855,2309,217.08,0.584040 
2856,2306,216.39,0.588611 
2857,2309,217.08,0.600799 
2858,2310,217.31,0.590151 
2859,2319,219.37,0.587118 
2860,2314,218.22,0.553725 
2861,2315,218.45,0.573453 
2862,2315,218.45,0.570424 
2863,2311,217.54,0.571191 
2864,2320,219.60,0.587149 
2865,2318,219.14,0.553771 
2866,2318,219.14,0.562113 
2867,2320,219.60,0.562878 
2868,2320,219.60,0.556066 
2869,2323,220.29,0.556831 
2870,2322,220.06,0.546240 
2871,2318,219.14,0.550787 
2872,2313,218.00,0.566700 
2873,2315,218.45,0.586438 
2874,2318,219.14,0.579613 
2875,2318,219.14,0.569004 
2876,2318,219.14,0.569770 
2877,2320,219.60,0.570537 
2878,2319,219.37,0.563726 
2879,2325,220.74,0.568280 
2880,2320,219.60,0.546340 
2881,2356,227.78,0.566022 
2882,2321,219.83,0.431425 
2883,2329,221.66,0.563748 
2884,2320,219.60,0.534275 
2885,2320,219.60,0.569062 
2886,2320,219.60,0.569829 
2887,2320,219.60,0.570595 
2888,2320,219.60,0.571362 
2889,2320,219.60,0.572129 
2890,2307,216.62,0.572896 
2891,2321,219.83,0.623028 
2892,2319,219.37,0.570651 
2893,2320,219.60,0.578993 
2894,2320,219.60,0.575973 
2895,2311,217.54,0.576741 
2896,2318,219.14,0.611656 
2897,2320,219.60,0.585859 
2898,2320,219.60,0.579051 
2899,2318,219.14,0.579819 
2900,2321,219.83,0.588165 
2901,2319,219.37,0.577570 
2902,2320,219.60,0.585913 
2903,2319,219.37,0.582894 
2904,2311,217.54,0.587451 
2905,2320,219.60,0.618580 
2906,2318,219.14,0.585206 
2907,2320,219.60,0.593553 
2908,2320,219.60,0.586746 
2909,2320,219.60,0.587515 
2910,2323,220.29,0.588285 
2911,2324,220.52,0.577699 
2912,2321,219.83,0.574685 
2913,2323,220.29,0.586803 
2914,2321,219.83,0.580004 
2915,2320,219.60,0.588341 
2916,2323,220.29,0.592898 
2917,2325,220.74,0.582312 
2918,2323,220.29,0.575519 
2919,2323,220.29,0.583849 
2920,2322,220.06,0.584618 
2921,2325,220.74,0.589171 
2922,2326,220.97,0.578595 
2923,2325,220.74,0.575584 
2924,2335,223.02,0.580131 
2925,2325,220.74,0.543177 
2926,2325,220.74,0.581663 
2927,2325,220.74,0.582432 
2928,2323,220.29,0.583201 
2929,2326,220.97,0.591532 
2930,2327,221.20,0.580961 
2931,2322,220.06,0.577952 
2932,2325,220.74,0.597623 
2933,2331,222.11,0.587048 
2934,2327,221.20,0.565166 
2935,2329,221.66,0.581027 
2936,2332,222.34,0.574246 
2937,2329,221.66,0.563699 
2938,2332,222.34,0.575780 
2939,2329,221.66,0.565234 
2940,2330,221.89,0.577314 
2941,2326,220.97,0.574310 
2942,2327,221.20,0.590179 
2943,2330,221.89,0.587171 
2944,2331,222.11,0.576618 
2945,2350,226.43,0.573614 
2946,2331,222.11,0.503013 
2947,2333,222.57,0.575140 
2948,2326,220.97,0.568370 
2949,2320,219.60,0.595547 
2950,2325,220.74,0.619015 
2951,2322,220.06,0.600872 
2952,2325,220.74,0.612990 
2953,2326,220.97,0.602417 
2954,2327,221.20,0.599410 
2955,2330,221.89,0.596404 
2956,2327,221.20,0.585852 
2957,2332,222.34,0.597945 
2958,2326,220.97,0.579852 
2959,2331,222.11,0.603263 
2960,2032,149.86,0.585163 
2961,2330,221.89,1.000000 
2962,2332,222.34,0.000000 
2963,2333,222.57,0.000000 
2964,2329,221.66,0.000000 
2965,2330,221.89,0.000000 
2966,2330,221.89,0.000000 
2967,2333,222.57,0.000000 
2968,2320,219.60,0.000000 
2969,2384,234.07,0.000000 
2970,2331,222.11,0.000000 
2971,2329,221.66,0.198460 
2972,2329,221.66,0.206776 
2973,2326,220.97,0.207548 
2974,2325,220.74,0.219648 
2975,2336,223.25,0.224201 
2976,2330,221.89,0.183490 
2977,2330,221.89,0.206865 
2978,2336,223.25,0.207637 
2979,2335,223.02,0.185803 
2980,2329,221.66,0.190336 
2981,2330,221.89,0.213721 
2982,2329,221.66,0.210721 
2983,2327,221.20,0.215267 
2984,2326,220.97,0.223590 
2985,2327,221.20,0.228143 
2986,2326,220.97,0.225140 
2987,2330,221.89,0.229693 
2988,2330,221.89,0.215368 
2989,2325,220.74,0.216141 
2990,2322,220.06,0.235795 
2991,2327,221.20,0.247917 
2992,2322,220.06,0.229792 
2993,2325,220.74,0.249471 
2994,2325,220.74,0.238903 
2995,2330,221.89,0.239680 
2996,2326,220.97,0.221577 
2997,2326,220.97,0.237452 
2998,2321,219.83,0.238229 
2999,2327,221.20,0.257916 
3000,2314,218.22,0.236008 
3001,2323,220.29,0.286010 
3002,2326,220.97,0.251860 
3003,2323,220.29,0.240470 
3004,2322,220.06,0.251762 
3005,2323,220.29,0.255497 
3006,2321,219.83,0.251666 
3007,2321,219.83,0.259186 
3008,2325,220.74,0.259139 
3009,2352,226.88,0.243961 
3010,2307,216.62,0.142410 
3011,2323,220.29,0.312129 
3012,2319,219.37,0.251371 
3013,2321,219.83,0.266466 
3014,2322,220.06,0.258845 
3015,2320,219.60,0.255013 
3016,2325,220.74,0.262537 
3017,2320,219.60,0.243572 
3018,2311,217.54,0.262441 
3019,2320,219.60,0.296542 
3020,2327,221.20,0.262353 
3021,2320,219.60,0.235831 
3022,2329,221.66,0.262256 
3023,2322,220.06,0.228184 
3024,2320,219.60,0.254586 
3025,2320,219.60,0.262110 
3026,2320,219.60,0.262063 
3027,2320,219.60,0.262016 
3028,2318,219.14,0.261970 
3029,2316,218.68,0.269501 
3030,2315,218.45,0.277039 
3031,2313,218.00,0.280789 
3032,2315,218.45,0.288338 
3033,2358,228.23,0.280702 
3034,2311,217.54,0.118877 
3035,2313,218.00,0.295783 
3036,2310,217.31,0.288143 
3037,2310,217.31,0.299501 
3038,2307,216.62,0.299459 
3039,2310,217.31,0.310833 
3040,2314,218.22,0.299379 
3041,2310,217.31,0.284139 
3042,2320,219.60,0.299294 
3043,2314,218.22,0.261304 
3044,2310,217.31,0.284008 
3045,2309,217.08,0.299163 
3046,2306,216.39,0.302925 
3047,2313,218.00,0.314304 
3048,2309,217.08,0.287642 
3049,2305,216.16,0.302803 
3050,2297,214.31,0.317990 
3051,2307,216.62,0.348481 
3052,2309,217.08,0.310301 
3053,2306,216.39,0.302650 
3054,2307,216.62,0.314029 
3055,2391,235.63,0.310182 
3056,2315,218.45,0.000000 
3057,2306,216.39,0.283954 
3058,2309,217.08,0.318126 
3059,2311,217.54,0.306668 
3060,2305,216.16,0.299022 
3061,2057,156.21,0.321814 
3062,2309,217.08,1.000000 
3063,2313,218.00,0.000000 
3064,2313,218.00,0.000000 
3065,2305,216.16,0.000000 
3066,2313,218.00,0.000000 
3067,2309,217.08,0.000000 
3068,2308,216.85,0.000000 
3069,2295,213.85,0.000000 
3070,2306,216.39,0.000000 
3071,2307,216.62,0.000000 
3072,2306,216.39,0.000000 
3073,2310,217.31,0.000000 
3074,2307,216.62,0.000000 
3075,2307,216.62,0.000000 
3076,2309,217.08,0.000000 
3077,2306,216.39,0.000000 
3078,2304,215.93,0.000000 
3079,2306,216.39,0.000000 
3080,2308,216.85,0.000000 
3081,2304,215.93,0.000000 
3082,2309,217.08,0.000000 
3083,2305,216.16,0.000000 
3084,2303,215.69,0.000000 
3085,2303,215.69,0.000000 
3086,2298,214.54,0.000000 
3087,2299,214.77,0.000000 
3088,2309,217.08,0.000000 
3089,2295,213.85,0.000000 
3090,2299,214.77,0.000000 
3091,2305,216.16,0.000000 
3092,2297,214.31,0.000000 
3093,2299,214.77,0.000000 
3094,2306,216.39,0.000000 
3095,2299,214.77,0.000000 
3096,2298,214.54,0.000000 
3097,2293,213.38,0.000000 
3098,2298,214.54,0.000000 
3099,2299,214.77,0.000000 
3100,2295,213.85,0.000000 
3101,2294,213.62,0.000000 
3102,2295,213.85,0.000000 
3103,2290,212.69,0.000000 
3104,2291,212.92,0.000000 
3105,2290,212.69,0.000000 
3106,2289,212.46,0.000000 
3107,2289,212.46,0.000000 
3108,2290,212.69,0.000000 
3109,2288,212.23,0.000000 
3110,2290,212.69,0.000000 
3111,2287,211.99,0.000000 
3112,2287,211.99,0.000000 
3113,2287,211.99,0.000000 
3114,2290,212.69,0.000000 
3115,2288,212.23,0.000000 
3116,2288,212.23,0.000000 
3117,2279,210.14,0.000000 
3118,2287,211.99,0.000000 
3119,2278,209.90,0.000000 
3120,2275,209.20,0.000000 
3121,2278,209.90,0.000000 
3122,2284,211.30,0.000000 
3123,2277,209.67,0.000000 
3124,2274,208.97,0.000000 
3125,2286,211.76,0.000000 
3126,2284,211.30,0.000000 
3127,2272,208.50,0.000000 
3128,2274,208.97,0.000000 
3129,2271,208.27,0.000000 
3130,2273,208.74,0.000000 
3131,2271,208.27,0.000000 
3132,2271,208.27,0.000000 
3133,2260,205.70,0.000000 
3134,2271,208.27,0.000000 
3135,2263,206.40,0.000000 
3136,2267,207.34,0.000000 
3137,2265,206.87,0.000000 
3138,2269,207.80,0.000000 
3139,2267,207.34,0.000000 
3140,2269,207.80,0.000000 
3141,2266,207.10,0.000000 
3142,2023,147.56,0.000000 
3143,2262,206.17,0.984949 
3144,2262,206.17,0.000000 
3145,2260,205.70,0.000000 
3146,2263,206.40,0.000000 
3147,2263,206.40,0.000000 
3148,2260,205.70,0.000000 
3149,2266,207.10,0.000000 
3150,2229,198.39,0.000000 
3151,2264,206.63,0.144181 
3152,2263,206.40,0.000000 
3153,2263,206.40,0.000000 
3154,2261,205.93,0.000000 
3155,2263,206.40,0.000000 
3156,2263,206.40,0.000000 
3157,2267,207.34,0.000000 
3158,2307,216.62,0.000000 
3159,2263,206.40,0.000000 
3160,2258,205.23,0.168939 
3161,2263,206.40,0.188311 
3162,2258,205.23,0.168911 
3163,2262,206.17,0.188284 
3164,2259,205.46,0.172758 
3165,2260,205.70,0.184376 
3166,2259,205.46,0.180484 
3167,2262,206.17,0.184349 
3168,2266,207.10,0.172704 
3169,2260,205.70,0.157200 
3170,2257,204.99,0.180426 
3171,2256,204.76,0.192054 
3172,2256,204.76,0.195926 
3173,2249,203.11,0.195914 
3174,2258,205.23,0.223131 
3175,2261,205.93,0.188130 
3176,2255,204.52,0.176480 
3177,2256,204.76,0.199754 
3178,2256,204.76,0.195858 
3179,2255,204.52,0.195847 
3180,2235,199.81,0.199721 
3181,2254,204.29,0.277731 
3182,2256,204.76,0.203597 
3183,2251,203.58,0.195815 
3184,2252,203.82,0.215245 
3185,2249,203.11,0.211345 
3186,2249,203.11,0.223014 
3187,2222,196.72,0.223006 
3188,2252,203.82,0.328716 
3189,2252,203.82,0.211329 
3190,2253,204.05,0.211320 
3191,2245,202.17,0.207421 
3192,2243,201.70,0.238571 
3193,2247,202.64,0.246371 
3194,2246,202.41,0.230763 
3195,2254,204.29,0.234655 
3196,2245,202.17,0.203502 
3197,2242,201.46,0.238540 
3198,2243,201.70,0.250244 
3199,2254,204.29,0.246336 
3200,2243,201.70,0.203479 
3201,2250,203.35,0.246322 
3202,2245,202.17,0.219026 
3203,2245,202.17,0.238505 
3204,2250,203.35,0.238500 
3205,2258,205.23,0.219008 
3206,2249,203.11,0.187901 
3207,2247,202.64,0.222882 
3208,2243,201.70,0.230668 
3209,2255,204.52,0.246265 
3210,2243,201.70,0.199522 
3211,2234,199.57,0.246251 
3212,2246,202.41,0.281445 
3213,2271,208.27,0.234542 
3214,2231,198.86,0.137522 
3215,2247,202.64,0.293180 
3216,2244,201.93,0.230621 
3217,2234,199.57,0.242315 
3218,2244,201.93,0.281412 
3219,2246,202.41,0.242312 
3220,2254,204.29,0.234505 
3221,2248,202.88,0.203352 
3222,2246,202.41,0.226693 
3223,2240,200.99,0.234482 
3224,2249,203.11,0.257901 
3225,2256,204.76,0.222783 
3226,2244,201.93,0.195547 
3227,2355,227.56,0.242258 
3228,2244,201.93,0.000000 
3229,2245,202.17,0.423781 
3230,2241,201.23,0.419875 
3231,2243,201.70,0.435486 
3232,2230,198.62,0.427672 
3233,2242,201.46,0.478548 
3234,2242,201.46,0.431576 
3235,2238,200.52,0.431572 
3236,2240,200.99,0.447203 
3237,2241,201.23,0.439382 
3238,2240,200.99,0.435472 
3239,2238,200.52,0.439377 
3240,2240,200.99,0.447194 
3241,2245,202.17,0.439373 
3242,2241,201.23,0.419847 
3243,2246,202.41,0.435458 
3244,2242,201.46,0.415938 
3245,2251,203.58,0.431543 
3246,2245,202.17,0.396450 
3247,2247,202.64,0.419821 
3248,2244,201.93,0.412016 
3249,2244,201.93,0.423711 
3250,2245,202.17,0.423706 
3251,2249,203.11,0.419800 
3252,2243,201.70,0.404203 
3253,2253,204.05,0.427592 
3254,2256,204.76,0.388624 
3255,2246,202.41,0.376954 
3256,2245,202.17,0.415862 
3257,2244,201.93,0.419757 
3258,2243,201.70,0.423653 
3259,2238,200.52,0.427552 
3260,2245,202.17,0.447087 
3261,2246,202.41,0.419742 
3262,2242,201.46,0.415836 
3263,2283,211.07,0.431441 
3264,2241,201.23,0.272582 
3265,2249,203.11,0.435317 
3266,2246,202.41,0.404106 
3267,2246,202.41,0.415790 
3268,2245,202.17,0.415785 
3269,2250,203.35,0.419679 
3270,2247,202.64,0.400188 
3271,2239,200.75,0.411867 
3272,2247,202.64,0.443093 
3273,2246,202.41,0.411859 
3274,2245,202.17,0.415752 
3275,2250,203.35,0.419646 
3276,2241,201.23,0.400155 
3277,2245,202.17,0.435249 
3278,2250,203.35,0.419630 
3279,2253,204.05,0.400138 
3280,2373,231.61,0.388457 
3281,2249,203.11,0.000000 
3282,2238,200.52,0.471250 
3283,2250,203.35,0.514179 
3284,2251,203.58,0.467347 
3285,2245,202.17,0.463446 
3286,2251,203.58,0.486817 
3287,2245,202.17,0.463433 
3288,2247,202.64,0.486803 
3289,2243,201.70,0.478999 
3290,2248,202.88,0.494597 
3291,2255,204.52,0.475091 
3292,2246,202.41,0.447846 
3293,2245,202.17,0.482870 
3294,2253,204.05,0.486764 
3295,2250,203.35,0.455599 
3296,2254,204.29,0.467263 
3297,2251,203.58,0.451694 
3298,2252,203.82,0.463352 
3299,2252,203.82,0.459453 
3300,2250,203.35,0.459444 
3301,2247,202.64,0.467218 
3302,2254,204.29,0.478898 
3303,2253,204.05,0.451642 
3304,2242,201.46,0.455520 
3305,2251,203.58,0.498380 
3306,2253,204.05,0.463288 
3307,2255,204.52,0.455499 
3308,2253,204.05,0.447714 
3309,2250,203.35,0.455478 
3310,2256,204.76,0.467142 
3311,2253,204.05,0.443801 
3312,2254,204.29,0.455449 
3313,2253,204.05,0.451552 
3314,2254,204.29,0.455430 
3315,2261,205.93,0.451532 
3316,2256,204.76,0.424347 
3317,2256,204.76,0.443736 
3318,2254,204.29,0.443724 
3319,2256,204.76,0.451485 
3320,2258,205.23,0.443703 
3321,2250,203.35,0.435926 
3322,2254,204.29,0.467012 
3323,2256,204.76,0.451443 
3324,2253,204.05,0.443661 
3325,2256,204.76,0.455310 
3326,2267,207.34,0.443640 
3327,2260,205.70,0.400992 
3328,2256,204.76,0.428086 
3329,2295,213.85,0.443597 
3330,2256,204.76,0.293249 
3331,2192,189.54,0.443553 
3332,2258,205.23,0.695245 
3333,2263,206.40,0.435801 
3334,2256,204.76,0.416401 
3335,2251,203.58,0.443539 
3336,2257,204.99,0.462969 
3337,2270,208.04,0.439636 
3338,2256,204.76,0.389275 
3339,2256,204.76,0.443488 
3340,2256,204.76,0.443477 
3341,2256,204.76,0.443466 
3342,2256,204.76,0.443454 
3343,2256,204.76,0.443443 
3344,2265,206.87,0.443432 
3345,2256,204.76,0.408523 
3346,2256,204.76,0.443404 
3347,2256,204.76,0.443393 
3348,2258,205.23,0.443381 
3349,2230,198.62,0.435605 
3350,2260,205.70,0.544863 
3351,2256,204.76,0.427836 
3352,2267,207.34,0.443347 
3353,2259,205.46,0.400700 
3354,2269,207.80,0.431672 
3355,2251,203.58,0.392937 
3356,2265,206.87,0.462728 
3357,2259,205.46,0.408381 
3358,2266,207.10,0.431616 
3359,2261,205.93,0.404481 
3360,2263,206.40,0.423829 
3361,2261,205.93,0.416065 
3362,2270,208.04,0.423800 
3363,2259,205.46,0.388956 
3364,2261,205.93,0.431524 
3365,2256,204.76,0.423754 
3366,2256,204.76,0.443143 
3367,2260,205.70,0.443131 
3368,2267,207.34,0.427595 
3369,2256,204.76,0.400470 
3370,2253,204.05,0.443089 
3371,2256,204.76,0.454738 
3372,2258,205.23,0.443068 
3373,2256,204.76,0.435291 
3374,2256,204.76,0.443044 
3375,2255,204.52,0.443033 
3376,2256,204.76,0.446907 
3377,2256,204.76,0.443011 
3378,2256,204.76,0.443000 
3379,2254,204.29,0.442988 
3380,2254,204.29,0.450749 
3381,2256,204.76,0.450739 
3382,2247,202.64,0.442957 
3383,2255,204.52,0.477966 
3384,2254,204.29,0.446824 
3385,2256,204.76,0.450700 
3386,2255,204.52,0.442918 
3387,2251,203.58,0.446792 
3388,2253,204.05,0.462337 
3389,2253,204.05,0.454547 
3390,2253,204.05,0.454538 
3391,2253,204.05,0.454528 
3392,2251,203.58,0.454519 
3393,2256,204.76,0.462290 
3394,2254,204.29,0.442840 
3395,2255,204.52,0.450601 
3396,2254,204.29,0.446704 
3397,2254,204.29,0.450580 
3398,2250,203.35,0.450570 
3399,2246,202.41,0.466121 
3400,2252,203.82,0.481699 
3401,2241,201.23,0.458324 
3402,2250,203.35,0.501201 
3403,2270,208.04,0.466095 
3404,2235,199.81,0.388521 
3405,2253,204.05,0.524641 
3406,2246,202.41,0.454395 
3407,2249,203.11,0.481645 
3408,2246,202.41,0.469948 
3409,2241,201.23,0.481632 
3410,2246,202.41,0.501143 
3411,2253,204.05,0.481624 
3412,2240,200.99,0.454358 
3413,2251,203.58,0.505032 
3414,2235,199.81,0.462127 
3415,2233,199.33,0.524584 
3416,2245,202.17,0.532419 
3417,2241,201.23,0.485500 
3418,2241,201.23,0.501111 
3419,2239,200.75,0.501108 
3420,2240,200.99,0.508922 
3421,2239,200.75,0.505011 
3422,2238,200.52,0.508918 
3423,2240,200.99,0.512827 
3424,2238,200.52,0.505005 
3425,2239,200.75,0.512823 
3426,2238,200.52,0.508911 
3427,2239,200.75,0.512820 
3428,2238,200.52,0.508908 
3429,2233,199.33,0.512817 
3430,2235,199.81,0.532393 
3431,2229,198.39,0.524559 
3432,2233,199.33,0.548084 
3433,2229,198.39,0.532399 
3434,2229,198.39,0.548090 
3435,2230,198.62,0.548094 
3436,2227,197.91,0.544173 
3437,2230,198.62,0.555954 
3438,2189,188.82,0.544181 
3439,2228,198.15,0.706333 
3440,2224,197.20,0.552062 
3441,2309,217.08,0.567785 
3442,2225,197.44,0.238973 
3443,2224,197.20,0.563819 
3444,2224,197.20,0.567757 
3445,2226,197.67,0.567764 
3446,2223,196.96,0.559908 
3447,2227,197.91,0.571710 
3448,2224,197.20,0.555992 
3449,2227,197.91,0.567788 
3450,2226,197.67,0.556004 
3451,2238,200.52,0.559938 
3452,2224,197.20,0.512894 
3453,2222,196.72,0.567804 
3454,2221,196.48,0.575680 
3455,2223,196.96,0.579624 
3456,2222,196.72,0.571761 
3457,2218,195.77,0.575703 
3458,2212,194.34,0.591467 
3459,2224,197.20,0.615156 
3460,2215,195.05,0.567866 
3461,2219,196.01,0.603330 
3462,2206,192.90,0.587568 
3463,2211,194.10,0.638931 
3464,2212,194.34,0.619166 
3465,2208,193.38,0.615228 
3466,2213,194.58,0.631058 
3467,2210,193.86,0.611307 
3468,2213,194.58,0.623175 
3469,2214,194.82,0.611335 
3470,2122,172.47,0.607399 
3471,2218,195.77,0.977043 
3472,2213,194.58,0.591697 
3473,2214,194.82,0.611436 
3474,2219,196.01,0.607500 
3475,2224,197.20,0.587791 
3476,2221,196.48,0.568117 
3477,2218,195.77,0.579929 
3478,2218,195.77,0.591757 
3479,2218,195.77,0.591767 
3480,2223,196.96,0.591777 
3481,2214,194.82,0.572096 
3482,2214,194.82,0.607574 
3483,2212,194.34,0.607586 
3484,2217,195.53,0.615498 
3485,2213,194.58,0.595775 
3486,2210,193.86,0.611571 
3487,2208,193.38,0.623439 
3488,2224,197.20,0.631366 
3489,2213,194.58,0.568261 
3490,2214,194.82,0.611621 
3491,2214,194.82,0.607686 
3492,2211,194.10,0.607698 
3493,2217,195.53,0.619561 
3494,2217,195.53,0.595887 
3495,2216,195.29,0.595897 
3496,2222,196.72,0.599852 
3497,2212,194.34,0.576221 
3498,2215,195.05,0.615664 
3499,2214,194.82,0.603830 
3500,2211,194.10,0.607790 
3501,2213,194.58,0.619653 
3502,2215,195.05,0.611765 
3503,2214,194.82,0.603881 
3504,2223,196.96,0.607841 
3505,2211,194.10,0.572382 
3506,2219,196.01,0.619711 
3507,2251,203.58,0.588153 
3508,2217,195.53,0.462844 
3509,2218,195.77,0.596038 
3510,2217,195.53,0.592106 
3511,2197,190.74,0.596058 
3512,2214,194.82,0.675242 
3513,2215,195.05,0.607929 
3514,2218,195.77,0.603993 
3515,2221,196.48,0.592173 
3516,2220,196.25,0.580364 
3517,2202,191.94,0.584310 
3518,2192,189.54,0.655465 
3519,2215,195.05,0.695222 
3520,2219,196.01,0.604077 
3521,2218,195.77,0.588315 
3522,2218,195.77,0.592265 
3523,2219,196.01,0.592275 
3524,2171,184.47,0.588344 
3525,2218,195.77,0.779241 
3526,2222,196.72,0.592332 
3527,2222,196.72,0.576586 
3528,2214,194.82,0.576594 
3529,2221,196.48,0.608138 
3530,2222,196.72,0.580551 
3531,2222,196.72,0.576622 
3532,2222,196.72,0.576630 
3533,2224,197.20,0.576638 
3534,2247,202.64,0.568777 
3535,2224,197.20,0.478729 
3536,2223,196.96,0.568777 
3537,2223,196.96,0.572718 
3538,2225,197.44,0.572725 
3539,2227,197.91,0.564867 
3540,2224,197.20,0.557013 
3541,2224,197.20,0.568810 
3542,2226,197.67,0.568816 
3543,2226,197.67,0.560960 
3544,2216,195.29,0.560966 
3545,2224,197.20,0.600345 
3546,2225,197.44,0.568845 
3547,2225,197.44,0.564920 
3548,2224,197.20,0.564926 
3549,2218,195.77,0.568864 
3550,2223,196.96,0.592495 
3551,2224,197.20,0.572814 
3552,2223,196.96,0.568888 
3553,2219,196.01,0.572828 
3554,2224,197.20,0.588585 
3555,2221,196.48,0.568911 
3556,2225,197.44,0.580723 
3557,2226,197.67,0.564995 
3558,2224,197.20,0.561070 
3559,2229,198.39,0.568938 
3560,2234,199.57,0.549299 
3561,2224,197.20,0.529696 
3562,2223,196.96,0.568950 
3563,2225,197.44,0.572890 
3564,2223,196.96,0.565032 
3565,2222,196.72,0.572903 
3566,2224,197.20,0.576846 
3567,2223,196.96,0.568985 
3568,2223,196.96,0.572925 
3569,2223,196.96,0.572932 
3570,2222,196.72,0.572939 
3571,2220,196.25,0.576882 
3572,2218,195.77,0.584765 
3573,2222,196.72,0.592654 
3574,2216,195.29,0.576908 
3575,2221,196.48,0.600559 
3576,2221,196.48,0.580864 
3577,2222,196.72,0.580873 
3578,2214,194.82,0.576944 
3579,2218,195.77,0.608488 
3580,2222,196.72,0.592720 
3581,2212,194.34,0.576974 
3582,2209,193.62,0.616417 
3583,2225,197.44,0.628290 
3584,2217,195.53,0.565210 
3585,2211,194.10,0.596715 
3586,2213,194.58,0.620414 
3587,2222,196.72,0.612526 
3588,2211,194.10,0.577055 
3589,2208,193.38,0.620449 
3590,2208,193.38,0.632328 
3591,2206,192.90,0.632343 
3592,2201,191.70,0.640276 
3593,2206,192.90,0.660113 
3594,2201,191.70,0.640313 
3595,2210,193.86,0.660149 
3596,2207,193.14,0.624521 
3597,2202,191.94,0.636405 
3598,2198,190.98,0.656233 
3599,2199,191.22,0.672129 
3600,2202,191.94,0.668179 
3601,2210,193.86,0.656295 
3602,2190,189.06,0.624632 
3603,2194,190.02,0.704032 
3604,2199,191.22,0.688133 
3605,2198,190.98,0.668284 
3606,2192,189.54,0.672276 
3607,2154,180.33,0.696158 
3608,2193,189.78,0.848569 
3609,2198,190.98,0.692249 
3610,2198,190.98,0.672393 
3611,2195,190.26,0.672415 
3612,2197,190.74,0.684360 
3613,2199,191.22,0.676432 
3614,2195,190.26,0.668510 
3615,2196,190.50,0.684426 
3616,2202,191.94,0.680473 
3617,2194,190.02,0.656671 
3618,2195,190.26,0.688468 
3619,2194,190.02,0.684515 
3620,2192,189.54,0.688515 
3621,2191,189.30,0.696499 
3622,2186,188.10,0.700506 
3623,2192,189.54,0.720465 
3624,2192,189.54,0.696577 
3625,2196,190.50,0.696602 
3626,2178,186.16,0.680714 
3627,2187,188.34,0.752537 
3628,2187,188.34,0.716608 
3629,2182,187.13,0.716636 
3630,2186,188.10,0.736627 
3631,2181,186.89,0.720684 
3632,2186,188.10,0.740684 
3633,2179,186.41,0.720744 
3634,2182,187.13,0.748742 
3635,2181,186.89,0.736778 
3636,2181,186.89,0.740806 
3637,2188,188.58,0.740837 
3638,2178,186.16,0.712920 
3639,2178,186.16,0.752897 
3640,2181,186.89,0.752929 
3641,2177,185.92,0.740962 
3642,2178,186.16,0.756997 
3643,2176,185.68,0.753027 
3644,2178,186.16,0.761068 
3645,2174,185.19,0.753094 
3646,2176,185.68,0.769149 
3647,2173,184.95,0.761170 
3648,2176,185.68,0.773228 
3649,2171,184.47,0.761240 
3650,2172,184.71,0.781321 
3651,2171,184.47,0.777346 
3652,2172,184.71,0.781394 
3653,2173,184.95,0.777419 
3654,2175,185.44,0.773445 
3655,2169,183.98,0.765463 
3656,2171,184.47,0.789568 
3657,2169,183.98,0.781576 
3658,2174,185.19,0.789643 
3659,2173,184.95,0.769619 
3660,2166,183.25,0.773663 
3661,2233,199.33,0.801807 
