ets Jul 29 2019 12:21:46

rst:0x1 (POWERON_RESET),boot:0x12 (SPI_FAST_FLASH_BOOT)
configsip: 0, SPIWP:0xee
clk_drv:0x00,q_drv:0x00,d_drv:0x00,cs0_drv:0x00,hd_drv:0x00,wp_drv:0x00
mode:DIO, clock div:2
load:0x3fff0040,len:6272
load:0x40078000,len:15848
load:0x40080400,len:3920
entry 0x40080644
I (27) boot: ESP-IDF v6.0 2nd stage bootloader
I (27) boot: compile time Apr 23 2026 08:09:33
I (28) boot: Multicore bootloader
I (29) boot: chip revision: v3.1
I (31) boot.esp32: SPI Speed      : 40MHz
I (35) boot.esp32: SPI Mode       : DIO
I (39) boot.esp32: SPI Flash Size : 2MB
I (42) boot: Enabling RNG early entropy source...
I (47) boot: Partition Table:
I (49) boot: ## Label            Usage          Type ST Offset   Length
I (56) boot:  0 nvs              WiFi data        01 02 00009000 00006000
I (62) boot:  1 phy_init         RF data          01 01 0000f000 00001000
I (69) boot:  2 factory          factory app      00 00 00010000 00100000
I (75) boot: End of partition table
I (79) esp_image: segment 0: paddr=00010020 vaddr=3f400020 size=09658h ( 38488) map
I (100) esp_image: segment 1: paddr=00019680 vaddr=3ffb0000 size=02a2ch ( 10796) load
I (104) esp_image: segment 2: paddr=0001c0b4 vaddr=40080000 size=03f64h ( 16228) load
I (111) esp_image: segment 3: paddr=00020020 vaddr=400d0020 size=0f5dch ( 62940) map
I (134) esp_image: segment 4: paddr=0002f604 vaddr=40083f64 size=06e18h ( 28184) load
I (145) esp_image: segment 5: paddr=00036424 vaddr=50000000 size=00028h (    40) load
I (151) boot: Loaded app from partition at offset 0x10000
I (152) boot: Disabling RNG early entropy source...
I (164) cpu_start: Multicore app
I (172) cpu_start: GPIO 3 and 1 are used as console UART I/O pins
I (172) cpu_start: Pro cpu start user code
I (172) cpu_start: cpu freq: 160000000 Hz
I (174) app_init: Application information:
I (178) app_init: Project name:     app-template
I (182) app_init: App version:      1
I (185) app_init: Compile time:     Apr 23 2026 08:07:59
I (190) app_init: ELF file SHA256:  b2ea2287f...
I (195) app_init: ESP-IDF:          v6.0
I (198) efuse_init: Min chip rev:     v0.0
I (202) efuse_init: Max chip rev:     v3.99 
I (206) efuse_init: Chip rev:         v3.1
I (210) heap_init: Initializing. RAM available for dynamic allocation:
I (217) heap_init: At 3FFAE6E0 len 00001920 (6 KiB): DRAM
I (222) heap_init: At 3FFB3410 len 0002CBF0 (178 KiB): DRAM
I (227) heap_init: At 3FFE0440 len 00003AE0 (14 KiB): D/IRAM
I (232) heap_init: At 3FFE4350 len 0001BCB0 (111 KiB): D/IRAM
I (238) heap_init: At 4008AD7C len 00015284 (84 KiB): IRAM
I (244) spi_flash: detected chip: generic
I (247) spi_flash: flash io: dio
W (250) spi_flash: Detected size(4096k) larger than the size in the binary image header(2048k). Using the size in the binary image header.
I (263) main_task: Started on CPU0
I (273) main_task: Calling app_main()
1,2401,198.52,0.000000 
2,2400,198.30,6.640990 
3,2401,198.52,6.645551 
4,2413,201.13,6.642900 
5,2403,198.95,6.600583 
6,2406,199.61,6.637592 
7,2406,199.61,6.627728 
8,2397,197.65,6.628680 
9,2393,196.77,6.662086 
Forno LIGADOForno LIGADOForno LIGADOForno LIGADOForno LIGADOForno LIGADOForno LIGADOForno LIGADOForno LIGADOForno LIGADOForno LIGADO10,2399,198.08,6.677467 
11,2400,198.30,6.656790 
12,2403,198.95,6.654140 
13,2398,197.86,6.644278 
ets Jul 29 2019 12:21:46

rst:0x1 (POWERON_RESET),boot:0x12 (SPI_FAST_FLASH_BOOT)
configsip: 0, SPIWP:0xee
clk_drv:0x00,q_drv:0x00,d_drv:0x00,cs0_drv:0x00,hd_drv:0x00,wp_drv:0x00
mode:DIO, clock div:2
load:0x3fff0040,len:6272
load:0x40078000,len:15848
load:0x40080400,len:3920
entry 0x40080644
I (27) boot: ESP-IDF v6.0 2nd stage bootloader
I (27) boot: compile time Apr 23 2026 08:09:33
I (27) boot: Multicore bootloader
I (29) boot: chip revision: v3.1
I (31) boot.esp32: SPI Speed      : 40MHz
I (35) boot.esp32: SPI Mode       : DIO
I (39) boot.esp32: SPI Flash Size : 2MB
I (42) boot: Enabling RNG early entropy source...
I (47) boot: Partition Table:
I (49) boot: ## Label            Usage          Type ST Offset   Length
I (56) boot:  0 nvs              WiFi data        01 02 00009000 00006000
I (62) boot:  1 phy_init         RF data          01 01 0000f000 00001000
I (69) boot:  2 factory          factory app      00 00 00010000 00100000
I (75) boot: End of partition table
I (79) esp_image: segment 0: paddr=00010020 vaddr=3f400020 size=09658h ( 38488) map
I (100) esp_image: segment 1: paddr=00019680 vaddr=3ffb0000 size=02a2ch ( 10796) load
I (104) esp_image: segment 2: paddr=0001c0b4 vaddr=40080000 size=03f64h ( 16228) load
I (111) esp_image: segment 3: paddr=00020020 vaddr=400d0020 size=0f5dch ( 62940) map
I (134) esp_image: segment 4: paddr=0002f604 vaddr=40083f64 size=06e18h ( 28184) load
I (145) esp_image: segment 5: paddr=00036424 vaddr=50000000 size=00028h (    40) load
I (151) boot: Loaded app from partition at offset 0x10000
I (152) boot: Disabling RNG early entropy source...
I (164) cpu_start: Multicore app
I (172) cpu_start: GPIO 3 and 1 are used as console UART I/O pins
I (172) cpu_start: Pro cpu start user code
I (172) cpu_start: cpu freq: 160000000 Hz
I (174) app_init: Application information:
I (178) app_init: Project name:     app-template
I (182) app_init: App version:      1
I (185) app_init: Compile time:     Apr 23 2026 08:07:59
I (191) app_init: ELF file SHA256:  b2ea2287f...
I (195) app_init: ESP-IDF:          v6.0
I (198) efuse_init: Min chip rev:     v0.0
I (202) efuse_init: Max chip rev:     v3.99 
I (206) efuse_init: Chip rev:         v3.1
I (210) heap_init: Initializing. RAM available for dynamic allocation:
I (217) heap_init: At 3FFAE6E0 len 00001920 (6 KiB): DRAM
I (222) heap_init: At 3FFB3410 len 0002CBF0 (178 KiB): DRAM
I (227) heap_init: At 3FFE0440 len 00003AE0 (14 KiB): D/IRAM
I (232) heap_init: At 3FFE4350 len 0001BCB0 (111 KiB): D/IRAM
I (238) heap_init: At 4008AD7C len 00015284 (84 KiB): IRAM
I (244) spi_flash: detected chip: generic
I (247) spi_flash: flash io: dio
W (250) spi_flash: Detected size(4096k) larger than the size in the binary image header(2048k). Using the size in the binary image header.
I (263) main_task: Started on CPU0
I (273) main_task: Calling app_main()
1,2403,198.95,0.000000 
2,2405,199.39,6.633778 
3,2409,200.26,6.627520 
4,2406,199.61,6.614048 
5,2405,199.39,6.625817 
Forno LIGADOForno LIGADOForno LIGADOForno LIGADOForno LIGADOForno LIGADOForno LIGADOForno LIGADOForno LIGADOForno LIGADOForno LIGADO6,2408,200.04,6.630375 
7,2399,198.08,6.620511 
8,2399,198.08,6.653915 
9,2401,198.52,6.654871 
10,2401,198.52,6.648615 
11,2407,199.83,6.649570 
12,2400,198.30,6.628890 
13,2401,198.52,6.655083 
14,2402,198.74,6.652432 
15,2400,198.30,6.649782 
16,2403,198.95,6.657948 
17,2410,200.48,6.648086 
18,2414,201.35,6.623797 
19,2407,199.83,6.610323 
20,2411,200.70,6.636514 
21,2416,201.79,6.623042 
22,2413,201.13,6.605961 
23,2416,201.79,6.617726 
24,2416,201.79,6.607857 
25,2416,201.79,6.608804 
26,2416,201.79,6.609752 
27,2380,193.94,6.610699 
28,2416,201.79,6.741461 
29,2416,201.79,6.612612 
30,2416,201.79,6.613559 
31,2423,203.31,6.614506 
32,2417,202.01,6.590211 
33,2418,202.22,6.612791 
34,2419,202.44,6.610131 
35,2416,201.79,6.607471 
36,2419,202.44,6.619235 
37,2419,202.44,6.609364 
38,2421,202.88,6.610309 
39,2422,203.10,6.604043 
40,2425,203.75,6.601382 
41,2426,203.97,6.591507 
42,2423,203.31,6.588844 
43,2423,203.31,6.600604 
44,2430,204.84,6.601548 
45,2427,204.19,6.577249 
46,2430,204.84,6.589007 
47,2432,205.28,6.579131 
48,2433,205.49,6.572858 
49,2435,205.93,6.570191 
50,2436,206.15,6.563918 
51,2437,206.37,6.561249 
52,2439,206.80,6.558579 
53,2447,208.55,6.552304 
54,2442,207.46,6.524391 
55,2439,206.80,6.543352 
56,2448,208.76,6.555104 
57,2443,207.67,6.523585 
58,2448,208.76,6.542546 
59,2437,206.37,6.525449 
60,2447,208.55,6.566045 
61,2439,206.80,6.530921 
62,2447,208.55,6.560700 
63,2448,208.76,6.532788 
64,2448,208.76,6.530113 
65,2448,208.76,6.531044 
66,2450,209.20,6.531974 
67,2448,208.76,6.525692 
68,2450,209.20,6.533834 
69,2448,208.76,6.527553 
70,2455,210.29,6.535694 
71,2451,209.42,6.511383 
72,2450,209.20,6.526733 
73,2451,209.42,6.531269 
74,2459,211.16,6.528592 
75,2455,210.29,6.500673 
76,2461,211.60,6.516022 
77,2457,210.73,6.495313 
78,2446,208.33,6.510661 
79,2462,211.82,6.551252 
80,2458,210.94,6.494488 
81,2405,199.39,6.509835 
82,2464,212.25,6.701878 
83,2467,212.91,6.490078 
84,2468,213.12,6.480182 
85,2468,213.12,6.477497 
86,2465,212.47,6.478417 
87,2471,213.78,6.490155 
88,2471,213.78,6.469441 
89,2471,213.78,6.470359 
90,2477,215.09,6.471278 
91,2477,215.09,6.450561 
92,2477,215.09,6.451477 
93,2480,215.74,6.452392 
94,2476,214.87,6.442489 
95,2480,215.74,6.457827 
96,2482,216.18,6.444319 
97,2481,215.96,6.438022 
98,2480,215.74,6.442540 
99,2480,215.74,6.447060 
100,2480,215.74,6.447974 
101,2480,215.74,6.448887 
102,2480,215.74,6.449801 
103,2480,215.74,6.450716 
104,2485,216.83,6.451629 
105,2483,216.39,6.434514 
106,2488,217.48,6.442637 
107,2492,218.36,6.425519 
108,2494,218.79,6.412005 
109,2491,218.14,6.405701 
110,2491,218.14,6.417426 
111,2492,218.36,6.418334 
112,2496,219.23,6.415636 
113,2494,218.79,6.402120 
114,2490,217.92,6.410237 
115,2483,216.39,6.425568 
116,2497,219.45,6.451719 
117,2493,218.57,6.402147 
118,2496,219.23,6.417476 
119,2497,219.45,6.407566 
120,2499,219.88,6.404865 
121,2515,223.37,6.398558 
122,2505,221.19,6.341767 
123,2498,219.66,6.378722 
124,2496,219.23,6.404865 
125,2507,221.63,6.412982 
126,2506,221.41,6.374222 
127,2505,221.19,6.378727 
128,2503,220.75,6.383234 
129,2512,222.72,6.391347 
130,2511,222.50,6.359795 
131,2512,222.72,6.364298 
132,2503,220.75,6.361590 
133,2512,222.72,6.394942 
134,2513,222.93,6.363390 
135,2519,224.24,6.360681 
136,2512,222.72,6.339942 
137,2514,223.15,6.366078 
138,2513,222.93,6.359763 
139,2517,223.81,6.364265 
140,2518,224.02,6.350739 
141,2517,223.81,6.348027 
142,2514,223.15,6.352527 
143,2524,225.33,6.364240 
144,2518,224.02,6.329077 
145,2523,225.11,6.351604 
146,2523,225.11,6.334468 
147,2528,226.20,6.335360 
148,2528,226.20,6.318222 
149,2523,225.11,6.319110 
150,2544,229.69,6.338029 
151,2529,226.42,6.263196 
152,2529,226.42,6.318166 
153,2534,227.51,6.319055 
154,2518,224.02,6.301913 
155,2530,226.64,6.360495 
156,2534,227.51,6.318117 
157,2531,226.86,6.304581 
158,2531,226.86,6.316285 
159,2539,228.60,6.317173 
160,2531,226.86,6.289212 
161,2541,229.04,6.318944 
162,2543,229.47,6.283772 
163,2541,229.04,6.277442 
164,2550,231.00,6.285535 
165,2547,230.35,6.253963 
166,2547,230.35,6.265659 
167,2559,232.96,6.266538 
168,2544,229.69,6.224145 
169,2547,230.35,6.279108 
170,2550,231.00,6.269171 
171,2551,231.22,6.259233 
172,2546,230.13,6.256504 
173,2551,231.22,6.275411 
174,2559,232.96,6.258261 
175,2549,230.78,6.230290 
176,2551,231.22,6.267223 
177,2554,231.87,6.260889 
178,2551,231.22,6.250948 
179,2551,231.22,6.262642 
180,2558,232.74,6.263519 
181,2554,231.87,6.239154 
182,2559,232.96,6.254452 
183,2559,232.96,6.237297 
184,2556,232.31,6.238170 
185,2559,232.96,6.249861 
186,2559,232.96,6.239918 
187,2559,232.96,6.240791 
188,2559,232.96,6.241663 
189,2559,232.96,6.242537 
190,2559,232.96,6.243410 
191,2559,232.96,6.244283 
192,2559,232.96,6.245156 
193,2557,232.53,6.246028 
194,2559,232.96,6.254114 
195,2559,232.96,6.247776 
196,2559,232.96,6.248649 
197,2559,232.96,6.249522 
198,2559,232.96,6.250394 
199,2559,232.96,6.251267 
200,2559,232.96,6.252141 
201,2559,232.96,6.253014 
202,2559,232.96,6.253886 
203,2559,232.96,6.254759 
204,2559,232.96,6.255632 
205,2580,237.54,6.256505 
206,2590,239.72,6.181653 
207,2581,237.76,6.146455 
208,2583,238.19,6.179766 
209,2581,237.76,6.173416 
210,2591,239.94,6.181488 
211,2585,238.63,6.146290 
212,2585,238.63,6.168782 
213,2591,239.94,6.169641 
214,2588,239.28,6.148865 
215,2589,239.50,6.160540 
216,2580,237.54,6.157792 
217,2590,239.72,6.191103 
218,2592,240.16,6.155905 
219,2589,239.50,6.149550 
220,2592,240.16,6.161224 
221,2592,240.16,6.151263 
222,2559,232.96,6.152119 
223,2599,241.68,6.271972 
224,2599,241.68,6.128606 
225,2595,240.81,6.129458 
226,2597,241.25,6.144735 
227,2594,240.59,6.138377 
228,2600,241.90,6.150048 
229,2597,241.25,6.129267 
230,2595,240.81,6.140937 
231,2607,243.43,6.149002 
232,2596,241.03,6.106585 
233,2599,241.68,6.147099 
234,2596,241.03,6.137134 
235,2599,241.68,6.148805 
236,2601,242.12,6.138840 
237,2604,242.77,6.132481 
238,2596,241.03,6.122514 
239,2601,242.12,6.152211 
240,2601,242.12,6.135036 
241,2611,244.30,6.135887 
242,2604,242.77,6.100678 
243,2605,242.99,6.126766 
244,2597,241.25,6.124009 
245,2606,243.21,6.153707 
246,2603,242.55,6.122106 
247,2598,241.46,6.133772 
248,2607,243.43,6.152652 
249,2608,243.64,6.121051 
250,2608,243.64,6.118294 
251,2597,241.25,6.119141 
252,2608,243.64,6.159655 
253,2608,243.64,6.120842 
254,2608,243.64,6.121690 
255,2425,203.75,6.122537 
256,2608,243.64,6.783279 
257,2609,243.86,6.124327 
258,2613,244.73,6.121569 
259,2611,244.30,6.107992 
260,2614,244.95,6.116049 
261,2608,243.64,6.106077 
262,2618,245.82,6.128557 
263,2609,243.86,6.093345 
264,2612,244.52,6.126641 
265,2615,245.17,6.116670 
266,2615,245.17,6.106698 
267,2615,245.17,6.107542 
268,2621,246.48,6.108386 
269,2622,246.70,6.087594 
270,2615,245.17,6.084829 
271,2625,247.35,6.110911 
272,2615,245.17,6.075695 
273,2619,246.04,6.112594 
274,2622,246.70,6.099013 
275,2620,246.26,6.089037 
276,2618,245.82,6.097090 
277,2634,249.31,6.105143 
278,2624,247.13,6.048290 
279,2624,247.13,6.085184 
280,2625,247.35,6.086023 
281,2624,247.13,6.083256 
282,2621,246.48,6.087701 
283,2635,249.53,6.099359 
284,2631,248.66,6.049716 
285,2634,249.31,6.064973 
286,2633,249.09,6.054991 
287,2636,249.75,6.059431 
288,2645,251.71,6.049448 
289,2630,248.44,6.017827 
290,2638,250.18,6.072745 
291,2637,249.97,6.044733 
292,2638,250.18,6.049171 
293,2636,249.75,6.046398 
294,2633,249.09,6.054441 
295,2640,250.62,6.066092 
296,2631,248.66,6.041686 
297,2631,248.66,6.074970 
298,2635,249.53,6.075806 
299,2640,250.62,6.062218 
300,2634,249.31,6.045022 
301,2638,250.18,6.067488 
302,2635,249.53,6.053898 
303,2641,250.84,6.065548 
304,2640,250.62,6.044746 
305,2896,306.43,6.049182 
306,2629,248.22,5.126883 
307,2640,250.62,6.090377 
308,2641,250.84,6.051548 
309,2644,251.49,6.048773 
310,2644,251.49,6.038786 
311,2650,252.80,6.039615 
312,2646,251.93,6.018808 
313,2674,258.03,6.034058 
314,2651,253.02,5.933918 
315,2654,253.67,6.017669 
316,2651,253.02,6.007676 
317,2651,253.02,6.019318 
318,2651,253.02,6.020143 
319,2655,253.89,6.020968 
320,2647,252.15,6.007370 
321,2652,253.24,6.037041 
322,2651,253.02,6.019838 
323,2650,252.80,6.024269 
324,2652,253.24,6.028700 
325,2654,253.67,6.022314 
326,2650,252.80,6.015927 
327,2652,253.24,6.031175 
328,2642,251.06,6.024788 
329,2658,254.54,6.061673 
330,2658,254.54,6.004807 
331,2654,253.67,6.005629 
332,2654,253.67,6.020875 
333,2658,254.54,6.021698 
334,2653,253.45,6.008098 
335,2645,251.71,6.026949 
336,2652,253.24,6.056622 
337,2658,254.54,6.032208 
338,2655,253.89,6.011397 
339,2655,253.89,6.023036 
340,2662,255.42,6.023860 
341,2661,255.20,5.999441 
342,2662,255.42,6.003867 
343,2663,255.63,6.001081 
344,2658,254.54,5.998294 
345,2666,256.29,6.017143 
346,2656,254.11,5.989117 
347,2658,254.54,6.025994 
348,2661,255.20,6.019605 
349,2666,256.29,6.009609 
350,2663,255.63,5.992399 
351,2666,256.29,6.004035 
352,2665,256.07,5.994036 
353,2654,253.67,5.998459 
354,2667,256.51,6.038943 
355,2671,257.38,5.992889 
356,2667,256.51,5.979282 
357,2670,257.16,5.994521 
358,2672,257.60,5.984520 
359,2672,257.60,5.978123 
360,2669,256.94,5.978938 
361,2672,257.60,5.990570 
362,2675,258.25,5.980568 
363,2672,257.60,5.970564 
364,2672,257.60,5.982195 
365,2672,257.60,5.983009 
366,2679,259.12,5.983824 
367,2679,259.12,5.959396 
368,2674,258.03,5.960207 
369,2672,257.60,5.979048 
370,2707,265.23,5.987073 
371,2668,256.72,5.861678 
372,2672,257.60,6.003108 
373,2672,257.60,5.989501 
374,2678,258.90,5.990314 
375,2666,256.29,5.969493 
376,2674,258.03,6.013577 
377,2672,257.60,5.985546 
378,2675,258.25,5.993571 
379,2670,257.16,5.983568 
380,2671,257.38,6.002410 
381,2672,257.60,5.999620 
382,2673,257.81,5.996829 
383,2673,257.81,5.994038 
384,2680,259.34,5.994851 
385,2681,259.56,5.970423 
386,2682,259.78,5.967627 
387,2674,258.03,5.964831 
388,2679,259.12,5.994488 
389,2684,260.21,5.977272 
390,2679,259.12,5.960052 
391,2683,259.99,5.978890 
392,2687,260.87,5.965278 
393,2690,261.52,5.951663 
394,2687,260.87,5.941651 
395,2690,261.52,5.953274 
396,2689,261.30,5.943263 
397,2687,260.87,5.947674 
398,2672,257.60,5.955691 
399,2684,260.21,6.010587 
400,2688,261.08,5.968130 
401,2682,259.78,5.954514 
402,2685,260.43,5.976956 
403,2686,260.65,5.966948 
404,2684,260.21,5.964149 
405,2683,259.99,5.972168 
406,2673,257.81,5.976583 
407,2688,261.08,6.013451 
408,2687,260.87,5.960175 
409,2678,258.90,5.964587 
410,2685,260.43,5.997848 
411,2691,261.74,5.973417 
412,2688,261.08,5.952589 
413,2688,261.08,5.964211 
414,2692,261.96,5.965017 
415,2693,262.17,5.951400 
416,2693,262.17,5.948597 
417,2702,264.14,5.949401 
418,2692,261.96,5.917751 
419,2683,259.99,5.954610 
420,2693,262.17,5.987867 
421,2691,261.74,5.952616 
422,2692,261.96,5.960632 
423,2691,261.74,5.957830 
424,2694,262.39,5.962240 
425,2698,263.26,5.952227 
426,2690,261.52,5.938606 
427,2689,261.30,5.968255 
428,2694,262.39,5.972666 
429,2692,261.96,5.955441 
430,2693,262.17,5.963457 
431,2689,261.30,5.960654 
432,2699,263.48,5.975882 
433,2704,264.57,5.940628 
434,2697,263.05,5.923398 
435,2701,263.92,5.949438 
436,2704,264.57,5.935815 
437,2699,263.48,5.925797 
438,2699,263.48,5.944624 
439,2699,263.48,5.945425 
440,2697,263.05,5.946225 
441,2700,263.70,5.954238 
442,2703,264.35,5.944221 
443,2703,264.35,5.934203 
444,2699,263.48,5.935001 
445,2701,263.92,5.950223 
446,2703,264.35,5.943812 
447,2698,263.26,5.937399 
448,2698,263.26,5.956227 
449,2703,264.35,5.957028 
450,2704,264.57,5.939799 
451,2704,264.57,5.936992 
452,2704,264.57,5.937790 
453,2706,265.01,5.938588 
454,2702,264.14,5.932173 
455,2704,264.57,5.947394 
456,2704,264.57,5.940981 
457,2707,265.23,5.941779 
458,2694,262.39,5.931758 
459,2706,265.01,5.979433 
460,2704,264.57,5.936964 
461,2705,264.79,5.944973 
462,2707,265.23,5.942164 
463,2717,267.41,5.935750 
464,2710,265.88,5.900486 
465,2703,264.35,5.926519 
466,2704,264.57,5.952555 
467,2704,264.57,5.949748 
468,2710,265.88,5.950546 
469,2703,264.35,5.929708 
470,2715,266.97,5.955744 
471,2710,265.88,5.913270 
472,2707,265.23,5.932093 
473,2707,265.23,5.943705 
474,2707,265.23,5.944501 
475,2705,264.79,5.945298 
476,2708,265.44,5.953306 
477,2709,265.66,5.943285 
478,2709,265.66,5.940475 
479,2704,264.57,5.941270 
480,2699,263.48,5.960095 
481,2711,266.10,5.978923 
482,2704,264.57,5.936452 
483,2717,267.41,5.962488 
484,2711,266.10,5.916408 
485,2711,266.10,5.938835 
486,2715,266.97,5.939629 
487,2787,282.67,5.925999 
488,2717,267.41,5.667161 
489,2720,268.06,5.920334 
490,2717,267.41,5.910307 
491,2717,267.41,5.921915 
492,2721,268.28,5.922706 
493,2718,267.62,5.909072 
494,2751,274.82,5.920680 
495,2721,268.28,5.802473 
496,2721,268.28,5.911426 
497,2718,267.62,5.912214 
498,2703,264.35,5.923822 
499,2717,267.41,5.978702 
500,2718,267.62,5.929017 
501,2718,267.62,5.926202 
502,2719,267.84,5.926992 
503,2721,268.28,5.924177 
504,2718,267.62,5.917755 
505,2719,267.84,5.929362 
506,2719,267.84,5.926546 
507,2721,268.28,5.927336 
508,2722,268.50,5.920914 
509,2732,270.68,5.918097 
510,2719,267.84,5.882826 
511,2720,268.06,5.930487 
512,2724,268.93,5.927671 
513,2722,268.50,5.914037 
514,2723,268.71,5.922036 
515,2717,267.41,5.919219 
516,2731,270.46,5.941642 
517,2723,268.71,5.891950 
518,2723,268.71,5.921581 
519,2718,267.62,5.922369 
520,2726,269.37,5.941187 
521,2727,269.59,5.913130 
522,2729,270.02,5.910310 
523,2725,269.15,5.903884 
524,2725,269.15,5.919093 
525,2717,267.41,5.919880 
526,2731,270.46,5.949514 
527,2733,270.89,5.899822 
528,2731,270.46,5.893394 
529,2727,269.59,5.901388 
530,2726,269.37,5.916596 
531,2726,269.37,5.920988 
532,2724,268.93,5.921774 
533,2728,269.80,5.929773 
534,2731,270.46,5.916137 
535,2724,268.93,5.906104 
536,2723,268.71,5.932129 
537,2725,269.15,5.936523 
538,2731,270.46,5.930099 
539,2726,269.37,5.909250 
540,2729,270.02,5.928063 
541,2715,266.97,5.918032 
542,2731,270.46,5.969300 
543,2735,271.33,5.912397 
544,2731,270.46,5.898757 
545,2736,271.55,5.913962 
546,2736,271.55,5.896716 
547,2735,271.33,5.897498 
548,2736,271.55,5.901885 
549,2736,271.55,5.899060 
550,2736,271.55,5.899842 
551,2749,274.38,5.900623 
552,2737,271.77,5.854527 
553,2736,271.55,5.898573 
554,2736,271.55,5.902959 
555,2742,272.86,5.903740 
556,2737,271.77,5.882886 
557,2735,271.33,5.901694 
558,2736,271.55,5.909687 
559,2733,270.89,5.906862 
560,2737,271.77,5.918461 
561,2735,271.33,5.904820 
562,2736,271.55,5.912813 
563,2736,271.55,5.909988 
564,2736,271.55,5.910770 
565,2736,271.55,5.911551 
566,2736,271.55,5.912332 
567,2742,272.86,5.913113 
568,2738,271.98,5.892259 
569,2735,271.33,5.907461 
570,2738,271.98,5.919059 
571,2735,271.33,5.909022 
572,2735,271.33,5.920621 
573,2737,271.77,5.921403 
574,2738,271.98,5.914972 
575,2739,272.20,5.912147 
576,2737,271.77,5.909321 
577,2704,264.57,5.917313 
578,2740,272.42,6.037091 
579,2736,271.55,5.908073 
580,2740,272.42,5.923276 
581,2739,272.20,5.909634 
582,2734,271.11,5.914019 
583,2742,272.86,5.932828 
584,2741,272.64,5.904763 
585,2736,271.55,5.909147 
586,2737,271.77,5.927955 
587,2737,271.77,5.925131 
588,2736,271.55,5.925911 
589,2741,272.64,5.930298 
590,2741,272.64,5.913049 
591,2738,271.98,5.913828 
592,2741,272.64,5.925424 
593,2741,272.64,5.915387 
594,2743,273.07,5.916165 
595,2746,273.73,5.909732 
596,2733,270.89,5.899692 
597,2739,272.20,5.947345 
598,2742,272.86,5.926492 
599,2742,272.86,5.916454 
600,2747,273.95,5.917232 
601,2747,273.95,5.899980 
602,2749,274.38,5.900755 
603,2750,274.60,5.894320 
604,2747,273.95,5.891488 
605,2748,274.16,5.903080 
606,2740,272.42,5.900249 
607,2757,276.13,5.929872 
608,2749,274.38,5.869349 
609,2743,273.07,5.898968 
610,2744,273.29,5.921378 
611,2742,272.86,5.918550 
612,2746,273.73,5.926539 
613,2752,275.04,5.912893 
614,2747,273.95,5.892033 
615,2757,276.13,5.910835 
616,2747,273.95,5.875551 
617,2752,275.04,5.912381 
618,2743,273.07,5.895127 
619,2749,274.38,5.928354 
620,2751,274.82,5.907495 
621,2750,274.60,5.901058 
622,2748,274.16,5.905437 
623,2746,273.73,5.913424 
624,2746,273.73,5.921411 
625,2757,276.13,5.922186 
626,2751,274.82,5.883296 
627,2750,274.60,5.905703 
628,2753,275.25,5.910082 
629,2751,274.82,5.900038 
630,2749,274.38,5.908022 
631,2749,274.38,5.916008 
632,2751,274.82,5.916782 
633,2749,274.38,5.910345 
634,2754,275.47,5.918331 
635,2753,275.25,5.901075 
636,2754,275.47,5.905453 
637,2752,275.04,5.902619 
638,2752,275.04,5.910603 
639,2753,275.25,5.911376 
640,2752,275.04,5.908543 
641,2758,276.34,5.912921 
642,2752,275.04,5.892058 
643,2757,276.13,5.914464 
644,2758,276.34,5.897207 
645,2758,276.34,5.894372 
646,2758,276.34,5.895141 
647,2754,275.47,5.895911 
648,2757,276.13,5.911105 
649,2757,276.13,5.901058 
650,2767,278.31,5.901829 
651,2755,275.69,5.866539 
652,2757,276.13,5.910576 
653,2884,303.81,5.904136 
654,2766,278.09,5.446946 
655,2756,275.91,5.873157 
656,2758,276.34,5.909982 
657,2754,275.47,5.903541 
658,2758,276.34,5.918735 
659,2762,277.22,5.905083 
660,2760,276.78,5.891428 
661,2756,275.91,5.899408 
662,2755,275.69,5.914601 
663,2759,276.56,5.918978 
664,2756,275.91,5.905325 
665,2767,278.31,5.916913 
666,2668,256.72,5.878017 
667,2764,277.65,6.235775 
668,2757,276.13,5.890417 
669,2755,275.69,5.916425 
670,2757,276.13,5.924407 
671,2757,276.13,5.917967 
672,2758,276.34,5.918737 
673,2752,275.04,5.915902 
674,2763,277.43,5.938307 
675,2766,278.09,5.899415 
676,2768,278.52,5.889364 
677,2763,277.43,5.882918 
678,2761,277.00,5.901712 
679,2759,276.56,5.909691 
680,2759,276.56,5.917671 
681,2766,278.09,5.918440 
682,2762,277.22,5.893968 
683,2759,276.56,5.909158 
684,2803,286.15,5.920743 
685,2768,278.52,5.762850 
686,2768,278.52,5.889805 
687,2811,287.90,5.890570 
688,2769,278.74,5.736277 
689,2697,263.05,5.888471 
690,2768,278.52,6.148866 
691,2750,274.60,5.893642 
692,2768,278.52,5.959314 
693,2775,280.05,5.895181 
694,2758,276.34,5.870704 
695,2762,277.22,5.932766 
696,2759,276.56,5.919112 
697,2762,277.22,5.930698 
698,2754,275.47,5.920649 
699,2764,277.65,5.950265 
700,2765,277.87,5.914977 
701,2768,278.52,5.912138 
702,2762,277.22,5.902086 
703,2768,278.52,5.924486 
704,2769,278.74,5.903618 
705,2768,278.52,5.900777 
706,2768,278.52,5.905147 
707,2768,278.52,5.905912 
708,2768,278.52,5.906676 
709,2768,278.52,5.907441 
710,2772,279.40,5.908206 
711,2774,279.83,5.894546 
712,2773,279.61,5.888097 
713,2775,280.05,5.892464 
714,2770,278.96,5.886014 
715,2768,278.52,5.904805 
716,2770,278.96,5.912781 
717,2768,278.52,5.906333 
718,2768,278.52,5.914309 
719,2768,278.52,5.915073 
720,2766,278.09,5.915838 
721,2767,278.31,5.923814 
722,2770,278.96,5.920974 
723,2768,278.52,5.910922 
724,2768,278.52,5.918897 
725,2768,278.52,5.919662 
726,2767,278.31,5.920426 
727,2768,278.52,5.924797 
728,2771,279.18,5.921956 
729,2771,279.18,5.911902 
730,2769,278.74,5.912665 
731,2768,278.52,5.920640 
732,2767,278.31,5.925011 
733,2774,279.83,5.929381 
734,2775,280.05,5.904905 
735,2769,278.74,5.902061 
736,2777,280.49,5.924457 
737,2770,278.96,5.896373 
738,2781,281.36,5.922375 
739,2773,279.61,5.883473 
740,2777,280.49,5.913078 
741,2774,279.83,5.899417 
742,2785,282.23,5.910995 
743,2775,280.05,5.872090 
744,2781,281.36,5.908906 
745,2775,280.05,5.888031 
746,2776,280.27,5.910425 
747,2779,280.92,5.907580 
748,2778,280.70,5.897522 
749,2784,282.01,5.901887 
750,2774,279.83,5.881011 
751,2774,279.83,5.917827 
752,2781,281.36,5.918589 
753,2778,280.70,5.894108 
754,2812,288.12,5.905684 
755,2774,279.83,5.783840 
756,2778,280.70,5.921609 
757,2778,280.70,5.907947 
758,2772,279.40,5.908706 
759,2770,278.96,5.931101 
760,2782,281.58,5.939076 
761,2774,279.83,5.896568 
762,2772,279.40,5.926173 
763,2786,282.45,5.934146 
764,2777,280.49,5.884425 
765,2782,281.58,5.917634 
766,2775,280.05,5.900364 
767,2788,282.88,5.926364 
768,2791,283.54,5.880247 
769,2781,281.36,5.870183 
770,2787,282.67,5.906996 
771,2781,281.36,5.886118 
772,2787,282.67,5.908508 
773,2781,281.36,5.887630 
774,2787,282.67,5.910021 
775,2785,282.23,5.889143 
776,2783,281.79,5.897110 
777,2782,281.58,5.905077 
778,2783,281.79,5.909441 
779,2778,280.70,5.906591 
780,2792,283.76,5.925378 
781,2786,282.45,5.875654 
782,2783,281.79,5.898042 
783,2782,281.58,5.909615 
784,2785,282.23,5.913978 
785,2783,281.79,5.903917 
786,2794,284.19,5.911885 
787,2791,283.54,5.872976 
788,2785,282.23,5.884545 
789,2783,281.79,5.906934 
790,2786,282.45,5.914902 
791,2786,282.45,5.904840 
792,2795,284.41,5.905596 
793,2780,281.14,5.873897 
794,2769,278.74,5.928738 
795,2786,282.45,5.969162 
796,2781,281.36,5.908624 
797,2790,283.32,5.927410 
798,2781,281.36,5.895713 
799,2785,282.23,5.928920 
800,2786,282.45,5.915254 
801,2795,284.41,5.912405 
802,2789,283.10,5.880706 
803,2783,281.79,5.903092 
804,2786,282.45,5.925482 
805,2780,281.14,5.915421 
806,2783,281.79,5.937812 
807,2783,281.79,5.927752 
808,2782,281.58,5.928509 
809,2781,281.36,5.932872 
810,2783,281.79,5.937235 
811,2783,281.79,5.930781 
812,2791,283.54,5.931538 
813,2785,282.23,5.903447 
814,2787,282.67,5.925836 
815,2788,282.88,5.919380 
816,2790,283.32,5.916528 
817,2794,284.19,5.910070 
818,2799,285.28,5.896400 
819,2795,284.41,5.879121 
820,2790,283.32,5.894293 
821,2790,283.32,5.913074 
822,2793,283.97,5.913827 
823,2799,285.28,5.903763 
824,2791,283.54,5.882878 
825,2789,283.10,5.912475 
826,2787,282.67,5.920440 
827,2784,282.01,5.928405 
828,2789,283.10,5.939978 
829,2787,282.67,5.922704 
830,2789,283.10,5.930670 
831,2794,284.19,5.924213 
832,2789,283.10,5.906937 
833,2793,283.97,5.925718 
834,2784,282.01,5.912047 
835,2790,283.32,5.945253 
836,2790,283.32,5.924373 
837,2790,283.32,5.925127 
838,2791,283.54,5.925879 
839,2795,284.41,5.923027 
840,2795,284.41,5.909356 
841,2791,283.54,5.910106 
842,2795,284.41,5.925281 
843,2788,282.88,5.911610 
844,2791,283.54,5.937602 
845,2791,283.54,5.927538 
846,2798,285.06,5.928291 
847,2796,284.63,5.903802 
848,2797,284.85,5.911763 
849,2800,285.50,5.908907 
850,2793,283.97,5.898839 
851,2800,285.50,5.924829 
852,2795,284.41,5.900338 
853,2790,283.32,5.919116 
854,2796,284.63,5.937897 
855,2793,283.97,5.917014 
856,2800,285.50,5.928582 
857,2800,285.50,5.904092 
858,2795,284.41,5.904840 
859,2798,285.06,5.923618 
860,2800,285.50,5.913551 
861,2798,285.06,5.907088 
862,2799,285.28,5.915048 
863,2800,285.50,5.912190 
864,2798,285.06,5.909333 
865,2800,285.50,5.917294 
866,2795,284.41,5.910830 
867,2803,286.15,5.929608 
868,2798,285.06,5.901511 
869,2800,285.50,5.920288 
870,2797,284.85,5.913825 
871,2800,285.50,5.925390 
872,2799,285.28,5.915322 
873,2800,285.50,5.919676 
874,2800,285.50,5.916819 
875,2795,284.41,5.917567 
876,2803,286.15,5.936345 
877,2805,286.59,5.908247 
878,2797,284.85,5.901782 
879,2802,285.94,5.931375 
880,2804,286.37,5.914095 
881,2800,285.50,5.907630 
882,2797,284.85,5.922800 
883,2799,285.28,5.934366 
884,2800,285.50,5.927903 
885,2805,286.59,5.925046 
886,2788,282.88,5.907764 
887,2803,286.15,5.969811 
888,2801,285.72,5.916476 
889,2794,284.19,5.924434 
890,2806,286.81,5.950424 
891,2814,288.55,5.907903 
892,2800,285.50,5.879800 
893,2804,286.37,5.931025 
894,2803,286.15,5.917348 
895,2802,285.94,5.921700 
896,2801,285.72,5.926053 
897,2803,286.15,5.930406 
898,2800,285.50,5.923942 
899,2800,285.50,5.935506 
900,2800,285.50,5.936254 
901,2807,287.03,5.937002 
902,2802,285.94,5.912508 
903,2802,285.94,5.931282 
904,2800,285.50,5.932029 
905,2799,285.28,5.939988 
906,2801,285.72,5.944342 
907,2800,285.50,5.937879 
908,2799,285.28,5.942232 
909,2800,285.50,5.946586 
910,2800,285.50,5.943729 
911,2801,285.72,5.944477 
912,2800,285.50,5.941619 
913,2803,286.15,5.945972 
914,2805,286.59,5.935903 
915,2802,285.94,5.929437 
916,2786,282.45,5.941000 
917,2800,285.50,5.999443 
918,2802,285.94,5.949715 
919,2803,286.15,5.943251 
920,2803,286.15,5.940392 
921,2801,285.72,5.941138 
922,2805,286.59,5.949097 
923,2804,286.37,5.935420 
924,2800,285.50,5.939772 
925,2807,287.03,5.954941 
926,2800,285.50,5.930448 
927,2800,285.50,5.956434 
928,2805,286.59,5.957182 
929,2804,286.37,5.939900 
930,2804,286.37,5.944251 
931,2809,287.46,5.944997 
932,2806,286.81,5.927713 
933,2803,286.15,5.939274 
934,2807,287.03,5.950838 
935,2807,287.03,5.937160 
936,2806,286.81,5.937904 
937,2810,287.68,5.942255 
938,2814,288.55,5.928576 
939,2807,287.03,5.914895 
940,2812,288.12,5.940877 
941,2807,287.03,5.923592 
942,2806,286.81,5.942364 
943,2815,288.77,5.946714 
944,2815,288.77,5.915005 
945,2813,288.33,5.915746 
946,2803,286.15,5.923697 
947,2810,287.68,5.960499 
948,2813,288.33,5.936003 
949,2811,287.90,5.925928 
950,2813,288.33,5.933881 
951,2811,287.90,5.927412 
952,2811,287.90,5.935365 
953,2807,287.03,5.936107 
954,2816,288.99,5.951273 
955,2805,286.59,5.919564 
956,2815,288.77,5.959970 
957,2807,287.03,5.924655 
958,2817,289.21,5.954243 
959,2809,287.46,5.918928 
960,2810,287.68,5.948515 
961,2819,289.64,5.945652 
962,2736,271.55,5.913941 
963,2810,287.68,6.213976 
964,2811,287.90,5.947915 
965,2815,288.77,5.945051 
966,2814,288.55,5.931370 
967,2815,288.77,5.935716 
968,2793,283.97,5.932851 
969,2812,288.12,6.012923 
970,2813,288.33,5.945161 
971,2809,287.46,5.942296 
972,2816,288.99,5.957462 
973,2816,288.99,5.932963 
974,2815,288.77,5.933703 
975,2809,287.46,5.938049 
976,2810,287.68,5.960425 
977,2814,288.55,5.957562 
978,2817,289.21,5.943881 
979,2819,289.64,5.933804 
980,2818,289.42,5.927331 
981,2818,289.42,5.931675 
982,2822,290.30,5.932414 
983,2815,288.77,5.918729 
984,2816,288.99,5.944707 
985,2818,289.42,5.941842 
986,2811,287.90,5.935369 
987,2815,288.77,5.961349 
988,2810,287.68,5.947669 
989,2816,288.99,5.966438 
990,2814,288.55,5.945545 
991,2815,288.77,5.953497 
992,2815,288.77,5.950632 
993,2813,288.33,5.951372 
994,2819,289.64,5.959324 
995,2817,289.21,5.938430 
996,2815,288.77,5.946380 
997,2816,288.99,5.954331 
998,2818,289.42,5.951465 
999,2817,289.21,5.944993 
1000,2823,290.51,5.949338 
1001,2825,290.95,5.928441 
1002,2821,290.08,5.921965 
1003,2818,289.42,5.937124 
1004,2816,288.99,5.948679 
1005,2827,291.39,5.956630 
1006,2825,290.95,5.917704 
1007,2826,291.17,5.925650 
1008,2802,285.94,5.922779 
1009,2817,289.21,6.010057 
1010,2830,292.04,5.956714 
1011,2818,289.42,5.910575 
1012,2831,292.26,5.954580 
1013,2823,290.51,5.908441 
1014,2818,289.42,5.938021 
1015,2826,291.17,5.956787 
1016,2823,290.51,5.928678 
1017,2821,290.08,5.940230 
1018,2832,292.48,5.948178 
1019,2830,292.04,5.909249 
1020,2822,290.30,5.917192 
1021,2822,290.30,5.946773 
1022,2816,288.99,5.947510 
1023,2818,289.42,5.969882 
1024,2821,290.08,5.963410 
1025,2818,289.42,5.953331 
1026,2821,290.08,5.964886 
1027,2820,289.86,5.954806 
1028,2818,289.42,5.959150 
1029,2818,289.42,5.967099 
1030,2823,290.51,5.967838 
1031,2820,289.86,5.950547 
1032,2825,290.95,5.962101 
1033,2821,290.08,5.944808 
1034,2864,299.45,5.959968 
1035,2830,292.04,5.805647 
1036,2818,289.42,5.928966 
1037,2823,290.51,5.972970 
1038,2822,290.30,5.955678 
1039,2823,290.51,5.960021 
1040,2817,289.21,5.957151 
1041,2829,291.82,5.979524 
1042,2827,291.39,5.936991 
1043,2829,291.82,5.944936 
1044,2823,290.51,5.938458 
1045,2821,290.08,5.960826 
1046,2829,291.82,5.968775 
1047,2818,289.42,5.940664 
1048,2826,291.17,5.981062 
1049,2806,286.81,5.952954 
1050,2821,290.08,6.025807 
1051,2823,290.51,5.972463 
1052,2828,291.60,5.965988 
1053,2818,289.42,5.948694 
1054,2821,290.08,5.985487 
1055,2816,288.99,5.975409 
1056,2826,291.17,5.994175 
1057,2829,291.82,5.958856 
1058,2826,291.17,5.948772 
1059,2827,291.39,5.960323 
1060,2821,290.08,5.957452 
1061,2830,292.04,5.979821 
1062,2826,291.17,5.948104 
1063,2825,290.95,5.963261 
1064,2822,290.30,5.967601 
1065,2853,297.05,5.979155 
1066,2830,292.04,5.868106 
1067,2826,291.17,5.951764 
1068,2833,292.69,5.966920 
1069,2830,292.04,5.942413 
1070,2830,292.04,5.953962 
1071,2829,291.82,5.954694 
1072,2823,290.51,5.959033 
1073,2823,290.51,5.981401 
1074,2822,290.30,5.982138 
1075,2814,288.55,5.986480 
1076,2826,291.17,6.016064 
1077,2827,291.39,5.973533 
1078,2822,290.30,5.970662 
1079,2821,290.08,5.989426 
1080,2829,291.82,5.993768 
1081,2810,287.68,5.965658 
1082,2821,290.08,6.034904 
1083,2805,286.59,5.995981 
1084,2821,290.08,6.054414 
1085,2847,295.75,5.997464 
1086,2825,290.95,5.904446 
1087,2816,288.99,5.984500 
1088,2823,290.51,6.017690 
1089,2821,290.08,5.993187 
1090,2826,291.17,6.001135 
1091,2827,291.39,5.983843 
1092,2825,290.95,5.980971 
1093,2831,292.26,5.988917 
1094,2837,293.57,5.968017 
1095,2827,291.39,5.947113 
1096,2815,288.77,5.983902 
1097,2831,292.26,6.027907 
1098,2825,290.95,5.970952 
1099,2821,290.08,5.993319 
1100,2826,291.17,6.008478 
1101,2829,291.82,5.991186 
1102,2826,291.17,5.981102 
1103,2823,290.51,5.992653 
1104,2832,292.48,6.004206 
1105,2830,292.04,5.972487 
1106,2825,290.95,5.980431 
1107,2826,291.17,5.999194 
1108,2833,292.69,5.996323 
1109,2825,290.95,5.971816 
1110,2826,291.17,6.001394 
1111,2826,291.17,5.998523 
1112,2826,291.17,5.999258 
1113,2832,292.48,5.999992 
1114,2827,291.39,5.979091 
1115,2831,292.26,5.997852 
1116,2827,291.39,5.984162 
1117,2832,292.48,5.999319 
1118,2827,291.39,5.982022 
1119,2828,291.60,6.000784 
1120,2832,292.48,5.997912 
1121,2827,291.39,5.984221 
1122,2831,292.26,6.002983 
1123,2829,291.82,5.989293 
1124,2827,291.39,5.997237 
1125,2832,292.48,6.005182 
1126,2835,293.13,5.987885 
1127,2831,292.26,5.977799 
1128,2826,291.17,5.992953 
1129,2828,291.60,6.011715 
1130,2831,292.26,6.005238 
1131,2832,292.48,5.995153 
1132,2832,292.48,5.992279 
1133,2832,292.48,5.993010 
1134,2833,292.69,5.993742 
1135,2833,292.69,5.990867 
1136,2831,292.26,5.991598 
1137,2834,292.91,5.999541 
1138,2829,291.82,5.989455 
1139,2832,292.48,6.008215 
1140,2830,292.04,5.998130 
1141,2832,292.48,6.006074 
1142,2835,293.13,5.999594 
1143,2832,292.48,5.989508 
1144,2834,292.91,6.001056 
1145,2844,295.09,5.994576 
1146,2831,292.26,5.959246 
1147,2832,292.48,6.006849 
1148,2832,292.48,6.003974 
1149,2832,292.48,6.004706 
1150,2832,292.48,6.005437 
1151,2833,292.69,6.006169 
1152,2857,297.93,6.003294 
1153,2843,294.87,5.917482 
1154,2834,292.91,5.968684 
1155,2837,293.57,6.001864 
1156,2832,292.48,5.991776 
1157,2832,292.48,6.010535 
1158,2836,293.35,6.011266 
1159,2832,292.48,5.997574 
1160,2839,294.00,6.012727 
1161,2836,293.35,5.988216 
1162,2847,295.75,5.999763 
1163,2832,292.48,5.960826 
1164,2837,293.57,6.015639 
1165,2837,293.57,5.998341 
1166,2835,293.13,5.999069 
1167,2831,292.26,6.007010 
1168,2847,295.75,6.022164 
1169,2838,293.78,5.965200 
1170,2837,293.57,5.998378 
1171,2835,293.13,6.002712 
1172,2837,293.57,6.010653 
1173,2834,292.91,6.004171 
1174,2838,293.78,6.015718 
1175,2838,293.78,6.002024 
1176,2843,294.87,6.002753 
1177,2835,293.13,5.985451 
1178,2890,305.12,6.015025 
1179,2849,296.18,5.817426 
1180,2839,294.00,5.965972 
1181,2833,292.69,6.002754 
1182,2835,293.13,6.025118 
1183,2836,293.35,6.018637 
1184,2836,293.35,6.015761 
1185,2841,294.44,6.016490 
1186,2839,294.00,5.999190 
1187,2842,294.66,6.007128 
1188,2834,292.91,5.997038 
1189,2799,285.28,6.026613 
1190,2841,294.44,6.153552 
1191,2842,294.66,6.002850 
1192,2837,293.57,5.999970 
1193,2846,295.53,6.018726 
1194,2836,293.35,5.987001 
1195,2839,294.00,6.023786 
1196,2839,294.00,6.013697 
1197,2845,295.31,6.014424 
1198,2836,293.35,5.993516 
1199,2838,293.78,6.026695 
1200,2840,294.22,6.020213 
1201,2837,293.57,6.013729 
1202,2837,293.57,6.025274 
1203,2836,293.35,6.026003 
1204,2839,294.00,6.030338 
1205,2841,294.44,6.020249 
1206,2843,294.87,6.013765 
1207,2842,294.66,6.007280 
1208,2845,295.31,6.011611 
1209,2847,295.75,6.001520 
1210,2842,294.66,5.995032 
1211,2833,292.69,6.013786 
1212,2832,292.48,6.046966 
1213,2845,295.31,6.051303 
1214,2846,295.53,6.005157 
1215,2851,296.62,6.002275 
1216,2843,294.87,5.984970 
1217,2844,295.09,6.014539 
1218,2845,295.31,6.011659 
1219,2841,294.44,6.008778 
1220,2845,295.31,6.023927 
1221,2848,295.96,6.010230 
1222,2836,293.35,6.000136 
1223,2835,293.13,6.044131 
1224,2849,296.18,6.048467 
1225,2855,297.49,5.998713 
1226,2841,294.44,5.977799 
1227,2839,294.00,6.029003 
1228,2847,295.75,6.036941 
1229,2842,294.66,6.008821 
1230,2838,293.78,6.027575 
1231,2843,294.87,6.042725 
1232,2836,293.35,6.025424 
1233,2841,294.44,6.051391 
1234,2843,294.87,6.034091 
1235,2839,294.00,6.027606 
1236,2845,295.31,6.042755 
1237,2841,294.44,6.021847 
1238,2848,295.96,6.036996 
1239,2850,296.40,6.012481 
1240,2835,293.13,6.005992 
1241,2843,294.87,6.060803 
1242,2848,295.96,6.032686 
1243,2846,295.53,6.015381 
1244,2846,295.53,6.023316 
1245,2844,295.09,6.024040 
1246,2844,295.09,6.031977 
1247,2850,296.40,6.032701 
1248,2849,296.18,6.011791 
1249,2843,294.87,6.016119 
1250,2845,295.31,6.038478 
1251,2837,293.57,6.031991 
1252,2847,295.75,6.061564 
1253,2845,295.31,6.026233 
1254,2851,296.62,6.034169 
1255,2853,297.05,6.013258 
1256,2845,295.31,6.006767 
1257,2978,324.30,6.036335 
1258,2850,296.40,5.557465 
1259,2849,296.18,6.019686 
1260,2852,296.84,6.024014 
1261,2850,296.40,6.013919 
1262,2850,296.40,6.021852 
1263,2848,295.96,6.022574 
1264,2855,297.49,6.030508 
1265,2853,297.05,6.005990 
1266,2854,297.27,6.013921 
1267,2854,297.27,6.011035 
1268,2858,298.14,6.011755 
1269,2850,296.40,5.998051 
1270,2859,298.36,6.027617 
1271,2852,296.84,5.995885 
1272,2854,297.27,6.021845 
1273,2855,297.49,6.015354 
1274,2857,297.93,6.012468 
1275,2851,296.62,6.005976 
1276,2854,297.27,6.028330 
1277,2857,297.93,6.018233 
1278,2855,297.49,6.008136 
1279,2835,293.13,6.016066 
1280,2855,297.49,6.088905 
1281,2850,296.40,6.017516 
1282,2854,297.27,6.036265 
1283,2844,295.09,6.022563 
1284,2849,296.18,6.059342 
1285,2857,297.93,6.042038 
1286,2851,296.62,6.013913 
1287,2847,295.75,6.036267 
1288,2850,296.40,6.051413 
1289,2853,297.05,6.041318 
1290,2850,296.40,6.031223 
1291,2849,296.18,6.042761 
1292,2844,295.09,6.047089 
1293,2851,296.62,6.065842 
1294,2848,295.96,6.041325 
1295,2848,295.96,6.052865 
1296,2850,296.40,6.053588 
1297,2847,295.75,6.047099 
1298,2849,296.18,6.058639 
1299,2817,289.21,6.052150 
1300,2855,297.49,6.168265 
1301,2853,297.05,6.031977 
1302,2848,295.96,6.039908 
1303,2859,298.36,6.058659 
1304,2849,296.18,6.019716 
1305,2848,295.96,6.056493 
1306,2853,297.05,6.060822 
1307,2853,297.05,6.043515 
1308,2855,297.49,6.044236 
1309,2858,298.14,6.037744 
1310,2850,296.40,6.027645 
1311,2851,296.62,6.057211 
1312,2856,297.71,6.054327 
1313,2855,297.49,6.037019 
1314,2859,298.36,6.041344 
1315,2859,298.36,6.027640 
1316,2864,299.45,6.028357 
1317,2859,298.36,6.011045 
1318,2855,297.49,6.029789 
1319,2862,299.02,6.044931 
1320,2855,297.49,6.020409 
1321,2859,298.36,6.046366 
1322,2858,298.14,6.032662 
1323,2863,299.23,6.036985 
1324,2858,298.14,6.019673 
1325,2851,296.62,6.038418 
1326,2864,299.45,6.064378 
1327,2873,301.41,6.018222 
1328,2863,299.23,5.986483 
1329,2858,298.14,6.023253 
1330,2857,297.93,6.041998 
1331,2860,298.58,6.046322 
1332,2855,297.49,6.036223 
1333,2864,299.45,6.054970 
1334,2858,298.14,6.023235 
1335,2859,298.36,6.045586 
1336,2861,298.80,6.042698 
1337,2861,298.80,6.036203 
1338,2861,298.80,6.036920 
1339,2859,298.36,6.037636 
1340,2863,299.23,6.045565 
1341,2864,299.45,6.031858 
1342,2863,299.23,6.028967 
1343,2858,298.14,6.033288 
1344,2855,297.49,6.052033 
1345,2854,297.27,6.063570 
1346,2858,298.14,6.067895 
1347,2862,299.02,6.054191 
1348,2855,297.49,6.040485 
1349,2854,297.27,6.066443 
1350,2845,295.31,6.070768 
1351,2859,298.36,6.103942 
1352,2855,297.49,6.054183 
1353,2858,298.14,6.069324 
1354,2852,296.84,6.059226 
1355,2861,298.80,6.081580 
1356,2858,298.14,6.049847 
1357,2878,302.50,6.061381 
1358,2858,298.14,5.989980 
1359,2858,298.14,6.062807 
1360,2861,298.80,6.063525 
1361,2856,297.71,6.053425 
1362,2851,296.62,6.072171 
1363,2860,298.58,6.090920 
1364,2854,297.27,6.059188 
1365,2852,296.84,6.081541 
1366,2860,298.58,6.089473 
1367,2862,299.02,6.061346 
1368,2861,298.80,6.054851 
1369,2869,300.54,6.059173 
1370,2861,298.80,6.031041 
1371,2864,299.45,6.060601 
1372,2864,299.45,6.050500 
1373,2862,299.02,6.051215 
1374,2861,298.80,6.059142 
1375,2864,299.45,6.063463 
1376,2859,298.36,6.053362 
1377,2864,299.45,6.072106 
1378,2865,299.67,6.054794 
1379,2866,299.89,6.051903 
1380,2866,299.89,6.049011 
1381,2868,300.32,6.049725 
1382,2866,299.89,6.043227 
1383,2868,300.32,6.051152 
1384,2869,300.54,6.044653 
1385,2864,299.45,6.041760 
1386,2865,299.67,6.060503 
1387,2875,301.85,6.057611 
1388,2862,299.02,6.022265 
1389,2864,299.45,6.069853 
1390,2863,299.23,6.063356 
1391,2863,299.23,6.067677 
1392,2864,299.45,6.068393 
1393,2864,299.45,6.065502 
1394,2858,298.14,6.066217 
1395,2862,299.02,6.088567 
1396,2864,299.45,6.074862 
1397,2864,299.45,6.068366 
1398,2864,299.45,6.069080 
1399,2867,300.11,6.069795 
1400,2864,299.45,6.059692 
1401,2864,299.45,6.071223 
1402,2878,302.50,6.071938 
1403,2858,298.14,6.022170 
1404,2864,299.45,6.094996 
1405,2864,299.45,6.074079 
1406,2866,299.89,6.074793 
1407,2863,299.23,6.068296 
1408,2861,298.80,6.079828 
1409,2859,298.36,6.087755 
1410,2864,299.45,6.095684 
1411,2863,299.23,6.078372 
1412,2854,297.27,6.082692 
1413,2875,301.85,6.115861 
1414,2866,299.89,6.040855 
1415,2863,299.23,6.074018 
1416,2864,299.45,6.085550 
1417,2867,300.11,6.082660 
1418,2863,299.23,6.072557 
1419,2862,299.02,6.087694 
1420,2864,299.45,6.092015 
1421,2864,299.45,6.085519 
1422,2864,299.45,6.086234 
1423,2860,298.58,6.086949 
1424,2864,299.45,6.102088 
1425,2870,300.76,6.088381 
1426,2864,299.45,6.067459 
1427,2865,299.67,6.089807 
1428,2864,299.45,6.086915 
1429,2864,299.45,6.091236 
1430,2867,300.11,6.091951 
1431,2871,300.98,6.081848 
1432,2866,299.89,6.068138 
1433,2868,300.32,6.086878 
1434,2867,300.11,6.080380 
1435,2867,300.11,6.084699 
1436,2866,299.89,6.085413 
1437,2864,299.45,6.089732 
1438,2865,299.67,6.097657 
1439,2870,300.76,6.094766 
1440,2866,299.89,6.077450 
1441,2874,301.63,6.092586 
1442,2869,300.54,6.064453 
1443,2869,300.54,6.083192 
1444,2874,301.63,6.083904 
1445,2867,300.11,6.066586 
1446,2874,301.63,6.092538 
1447,2869,300.54,6.068009 
1448,2870,300.76,6.086749 
1449,2864,299.45,6.083855 
1450,2879,302.72,6.106203 
1451,2880,302.94,6.052828 
1452,2875,301.85,6.049929 
1453,2871,300.98,6.068666 
1454,2868,300.32,6.083798 
1455,2874,301.63,6.095327 
1456,2871,300.98,6.074405 
1457,2873,301.41,6.085932 
1458,2878,302.50,6.079432 
1459,2869,300.54,6.062112 
1460,2871,300.98,6.095273 
1461,2875,301.85,6.088773 
1462,2877,302.29,6.075060 
1463,2875,301.85,6.068558 
1464,2875,301.85,6.076478 
1465,2877,302.29,6.077187 
1466,2875,301.85,6.070684 
1467,2864,299.45,6.078604 
1468,2874,301.63,6.118979 
1469,2874,301.63,6.083634 
1470,2879,302.72,6.084344 
1471,2869,300.54,6.067024 
1472,2874,301.63,6.103791 
1473,2874,301.63,6.086473 
1474,2874,301.63,6.087183 
1475,2873,301.41,6.087892 
1476,2873,301.41,6.092208 
1477,2878,302.50,6.092918 
1478,2881,303.16,6.075598 
1479,2874,301.63,6.065488 
1480,2879,302.72,6.091436 
1481,2878,302.50,6.074116 
1482,2864,299.45,6.078429 
1483,2880,302.94,6.129620 
1484,2877,302.29,6.072639 
1485,2875,301.85,6.084163 
1486,2869,300.54,6.092083 
1487,2876,302.07,6.114429 
1488,2864,299.45,6.089899 
1489,2874,301.63,6.133879 
1490,2887,304.47,6.098535 
1491,2879,302.72,6.052366 
1492,2875,301.85,6.081917 
1493,2875,301.85,6.097048 
1494,2877,302.29,6.097757 
1495,2878,302.50,6.091254 
1496,2876,302.07,6.088356 
1497,3034,336.51,6.096276 
1498,2876,302.07,5.527240 
1499,2877,302.29,6.097611 
1500,2878,302.50,6.094714 
1501,2877,302.29,6.091816 
1502,2880,302.94,6.096129 
1503,2874,301.63,6.086020 
1504,2881,303.16,6.108362 
1505,2882,303.38,6.083830 
1506,2880,302.94,6.080930 
1507,2880,302.94,6.088848 
1508,2879,302.72,6.089554 
1509,2875,301.85,6.093867 
1510,2879,302.72,6.108997 
1511,2877,302.29,6.095283 
1512,2866,299.89,6.103201 
1513,2882,303.38,6.143576 
1514,2880,302.94,6.086594 
1515,2878,302.50,6.094511 
1516,2880,302.94,6.102430 
1517,2879,302.72,6.095925 
1518,2879,302.72,6.100238 
1519,2867,300.11,6.100945 
1520,2889,304.90,6.144924 
1521,2877,302.29,6.066305 
1522,2877,302.29,6.110279 
1523,2878,302.50,6.110987 
1524,2873,301.41,6.108089 
1525,2880,302.94,6.126827 
1526,2877,302.29,6.102295 
1527,2875,301.85,6.113820 
1528,2871,300.98,6.121739 
1529,2874,301.63,6.136873 
1530,2877,302.29,6.126766 
1531,2878,302.50,6.116657 
1532,2878,302.50,6.113760 
1533,2875,301.85,6.114468 
1534,2873,301.41,6.125993 
1535,2874,301.63,6.133914 
1536,2879,302.72,6.131018 
1537,2874,301.63,6.113698 
1538,2886,304.25,6.132435 
1539,2880,302.94,6.089873 
1540,2880,302.94,6.112212 
1541,2880,302.94,6.112918 
1542,2877,302.29,6.113625 
1543,2880,302.94,6.125150 
1544,2876,302.07,6.115040 
1545,2874,301.63,6.130170 
1546,2879,302.72,6.138091 
1547,2877,302.29,6.120771 
1548,2875,301.85,6.128689 
1549,2877,302.29,6.136610 
1550,2879,302.72,6.130107 
1551,2879,302.72,6.123603 
1552,2878,302.50,6.124310 
1553,2882,303.38,6.128623 
1554,2880,302.94,6.114907 
1555,2883,303.59,6.122824 
1556,2887,304.47,6.112713 
1557,2883,303.59,6.098994 
1558,2880,302.94,6.114121 
1559,2880,302.94,6.125644 
1560,2885,304.03,6.126350 
1561,2886,304.25,6.109027 
1562,2885,304.03,6.106125 
1563,2879,302.72,6.110434 
1564,2883,303.59,6.132774 
1565,2880,302.94,6.119057 
1566,2885,304.03,6.130580 
1567,2886,304.25,6.113257 
1568,2834,292.91,6.110355 
1569,2882,303.38,6.298569 
1570,2882,303.38,6.126213 
1571,2880,302.94,6.126918 
1572,2879,302.72,6.134835 
1573,2893,305.77,6.139148 
1574,2875,301.85,6.089372 
1575,2891,305.34,6.154979 
1576,2875,301.85,6.097992 
1577,2879,302.72,6.156389 
1578,2883,303.59,6.142674 
1579,2887,304.47,6.128957 
1580,2879,302.72,6.115238 
1581,2880,302.94,6.144789 
1582,2886,304.25,6.141890 
1583,2890,305.12,6.120961 
1584,2885,304.03,6.107240 
1585,2881,303.16,6.125971 
1586,2887,304.47,6.141099 
1587,2885,304.03,6.120170 
1588,2886,304.25,6.128084 
1589,2887,304.47,6.125183 
1590,2881,303.16,6.122280 
1591,2889,304.90,6.144619 
1592,2885,304.03,6.116477 
1593,2889,304.90,6.131603 
1594,2885,304.03,6.117882 
1595,2886,304.25,6.133008 
1596,2887,304.47,6.130106 
1597,2881,303.16,6.127204 
1598,2886,304.25,6.149543 
1599,2883,303.59,6.132219 
1600,2889,304.90,6.143740 
1601,2889,304.90,6.122809 
1602,2900,307.30,6.123511 
1603,2866,299.89,6.084548 
1604,2885,304.03,6.207847 
1605,2879,302.72,6.140047 
1606,2887,304.47,6.162387 
1607,2880,302.94,6.134246 
1608,2875,301.85,6.160191 
1609,2874,301.63,6.178927 
1610,2880,302.94,6.183242 
1611,2880,302.94,6.162316 
1612,2876,302.07,6.163023 
1613,2882,303.38,6.178153 
1614,2880,302.94,6.157226 
1615,2881,303.16,6.165143 
1616,2883,303.59,6.162244 
1617,2882,303.38,6.155738 
1618,2880,302.94,6.160048 
1619,2886,304.25,6.167966 
1620,2882,303.38,6.147037 
1621,2886,304.25,6.162164 
1622,2892,305.56,6.148446 
1623,2886,304.25,6.127513 
1624,2887,304.47,6.149850 
1625,2878,302.50,6.146947 
1626,2890,305.12,6.180104 
1627,2885,304.03,6.137540 
1628,2890,305.12,6.156271 
1629,2887,304.47,6.138945 
1630,2893,305.77,6.150464 
1631,2886,304.25,6.129531 
1632,2871,300.98,6.155473 
1633,2887,304.47,6.210266 
1634,2883,303.59,6.153282 
1635,2884,303.81,6.168408 
1636,2883,303.59,6.165507 
1637,2886,304.25,6.169818 
1638,2883,303.59,6.159705 
1639,2880,302.94,6.171227 
1640,2886,304.25,6.182749 
1641,2885,304.03,6.161820 
1642,2882,303.38,6.166129 
1643,2893,305.77,6.177651 
1644,2890,305.12,6.138691 
1645,2877,302.29,6.150209 
1646,2889,304.90,6.197788 
1647,2892,305.56,6.155224 
1648,2894,305.99,6.145108 
1649,2895,306.21,6.138597 
1650,2887,304.47,6.135690 
1651,2894,305.99,6.165236 
1652,2895,306.21,6.140697 
1653,2881,303.16,6.137791 
1654,2895,306.21,6.188973 
1655,2893,305.77,6.139195 
1656,2892,305.56,6.147106 
1657,2896,306.43,6.151412 
1658,2896,306.43,6.137688 
1659,2893,305.77,6.138386 
1660,2883,303.59,6.149903 
1661,2892,305.56,6.186663 
1662,2892,305.56,6.154913 
1663,2886,304.25,6.155614 
1664,2893,305.77,6.177950 
1665,2893,305.77,6.153412 
1666,2896,306.43,6.154112 
1667,2880,302.94,6.143993 
1668,2885,304.03,6.202387 
1669,2886,304.25,6.185064 
1670,2891,305.34,6.182162 
1671,2890,305.12,6.164835 
1672,2895,306.21,6.169142 
1673,2893,305.77,6.151814 
1674,2890,305.12,6.159725 
1675,2887,304.47,6.171242 
1676,2885,304.03,6.182761 
1677,2893,305.77,6.190676 
1678,2893,305.77,6.162533 
1679,2885,304.03,6.163232 
1680,2892,305.56,6.192780 
1681,2893,305.77,6.168242 
1682,2896,306.43,6.165337 
1683,2893,305.77,6.155218 
1684,2896,306.43,6.166735 
1685,2891,305.34,6.156616 
1686,2913,310.13,6.175344 
1687,2895,306.21,6.096714 
1688,2893,305.77,6.162311 
1689,2893,305.77,6.170222 
1690,2880,302.94,6.170921 
1691,2894,305.99,6.218499 
1692,2895,306.21,6.168722 
1693,2894,305.99,6.165815 
1694,2896,306.43,6.170120 
1695,2895,306.21,6.163607 
1696,2896,306.43,6.167912 
1697,2893,305.77,6.165004 
1698,2894,305.99,6.176520 
1699,2896,306.43,6.173614 
1700,2897,306.65,6.167101 
1701,2890,305.12,6.164194 
1702,2895,306.21,6.190133 
1703,2896,306.43,6.172805 
1704,2895,306.21,6.169897 
1705,2895,306.21,6.174202 
1706,2896,306.43,6.174901 
1707,2894,305.99,6.171993 
1708,2895,306.21,6.179904 
1709,2896,306.43,6.176997 
1710,2992,327.36,6.174089 
1711,2895,306.21,5.828614 
1712,2890,305.12,6.179042 
1713,2894,305.99,6.197771 
1714,2893,305.77,6.184048 
1715,2895,306.21,6.188354 
1716,2894,305.99,6.181841 
1717,2896,306.43,6.186146 
1718,2895,306.21,6.179633 
1719,2895,306.21,6.183938 
1720,2891,305.34,6.184637 
1721,2891,305.34,6.199759 
1722,2894,305.99,6.200460 
1723,2893,305.77,6.190343 
1724,2895,306.21,6.194648 
1725,2896,306.43,6.188136 
1726,2893,305.77,6.185229 
1727,2896,306.43,6.196745 
1728,2896,306.43,6.186627 
1729,2893,305.77,6.187325 
1730,2895,306.21,6.198842 
1731,2896,306.43,6.192329 
1732,2896,306.43,6.189422 
1733,2899,307.08,6.190120 
1734,2898,306.86,6.180000 
1735,2896,306.43,6.184303 
1736,2896,306.43,6.192212 
1737,2896,306.43,6.192910 
1738,2896,306.43,6.193609 
1739,2905,308.39,6.194307 
1740,2895,306.21,6.162551 
1741,2893,305.77,6.199305 
1742,2896,306.43,6.207216 
1743,2911,309.70,6.197097 
1744,2896,306.43,6.143706 
1745,2899,307.08,6.198486 
1746,2899,307.08,6.188366 
1747,2896,306.43,6.189063 
1748,2897,306.65,6.200578 
1749,2897,306.65,6.197670 
1750,2895,306.21,6.198368 
1751,2897,306.65,6.206277 
1752,2896,306.43,6.199764 
1753,2899,307.08,6.204068 
1754,2899,307.08,6.193948 
1755,2901,307.52,6.194645 
1756,2900,307.30,6.188129 
1757,2896,306.43,6.192431 
1758,2899,307.08,6.207551 
1759,2906,308.61,6.197432 
1760,2894,305.99,6.172886 
1761,2907,308.83,6.216851 
1762,2903,307.95,6.170673 
1763,2902,307.74,6.185789 
1764,2897,306.65,6.190090 
1765,2901,307.52,6.208815 
1766,2903,307.95,6.195089 
1767,2902,307.74,6.188572 
1768,2902,307.74,6.192873 
1769,2896,306.43,6.193568 
1770,2903,307.95,6.215899 
1771,2903,307.95,6.191356 
1772,2901,307.52,6.192050 
1773,2903,307.95,6.199957 
1774,2902,307.74,6.193440 
1775,2903,307.95,6.197742 
1776,2897,306.65,6.194830 
1777,2899,307.08,6.217161 
1778,2906,308.61,6.210647 
1779,2906,308.61,6.186101 
1780,2901,307.52,6.186794 
1781,2897,306.65,6.205517 
1782,2899,307.08,6.220637 
1783,2909,309.26,6.214123 
1784,2897,306.65,6.178760 
1785,2902,307.74,6.222723 
1786,2902,307.74,6.205391 
1787,2903,307.95,6.206086 
1788,2903,307.95,6.203175 
1789,2896,306.43,6.203869 
1790,2902,307.74,6.229806 
1791,2899,307.08,6.208869 
1792,2901,307.52,6.220382 
1793,2899,307.08,6.213866 
1794,2906,308.61,6.221774 
1795,2897,306.65,6.197229 
1796,2899,307.08,6.230376 
1797,2898,306.86,6.223861 
1798,2902,307.74,6.228164 
1799,2894,305.99,6.214437 
1800,2902,307.74,6.243980 
1801,2908,309.04,6.215832 
1802,2893,305.77,6.194891 
1803,2898,306.86,6.249673 
1804,2899,307.08,6.232342 
1805,2899,307.08,6.229434 
1806,2893,305.77,6.230131 
1807,2898,306.86,6.252463 
1808,2896,306.43,6.235133 
1809,2900,307.30,6.243042 
1810,2896,306.43,6.229317 
1811,2896,306.43,6.244437 
1812,2847,295.75,6.245135 
1813,2899,307.08,6.422526 
1814,2898,306.86,6.235739 
1815,2903,307.95,6.240041 
1816,2903,307.95,6.222709 
1817,2898,306.86,6.223403 
1818,2899,307.08,6.242128 
1819,2903,307.95,6.239219 
1820,2896,306.43,6.225492 
1821,2898,306.86,6.251428 
1822,2896,306.43,6.244915 
1823,2902,307.74,6.252824 
1824,2902,307.74,6.231886 
1825,2896,306.43,6.232582 
1826,2902,307.74,6.254912 
1827,2897,306.65,6.233975 
1828,2898,306.86,6.252700 
1829,2909,309.26,6.249791 
1830,2898,306.86,6.210823 
1831,2906,308.61,6.251180 
1832,2903,307.95,6.223030 
1833,2905,308.39,6.234540 
1834,2907,308.83,6.228023 
1835,2906,308.61,6.221505 
1836,2909,309.26,6.225803 
1837,2914,310.35,6.215679 
1838,2909,309.26,6.198340 
1839,2912,309.92,6.217059 
1840,2905,308.39,6.206933 
1841,2903,307.95,6.232864 
1842,2902,307.74,6.240770 
1843,2899,307.08,6.245070 
1844,2899,307.08,6.256584 
1845,2906,308.61,6.257280 
1846,2899,307.08,6.232735 
1847,2898,306.86,6.258670 
1848,2898,306.86,6.262972 
1849,2906,308.61,6.263669 
1850,2900,307.30,6.235519 
1851,2903,307.95,6.257848 
1852,2900,307.30,6.247726 
1853,2903,307.95,6.259239 
1854,2906,308.61,6.249117 
1855,2906,308.61,6.238994 
1856,2906,308.61,6.239687 
1857,2899,307.08,6.240380 
1858,2903,307.95,6.266315 
1859,2903,307.95,6.252588 
1860,2902,307.74,6.253282 
1861,2901,307.52,6.257583 
1862,2915,310.57,6.261884 
1863,2902,307.74,6.212096 
1864,2903,307.95,6.259662 
1865,2922,312.10,6.256751 
1866,2907,308.83,6.188932 
1867,2903,307.95,6.243707 
1868,2906,308.61,6.258823 
1869,2901,307.52,6.248700 
1870,2911,309.70,6.267423 
1871,2907,308.83,6.232059 
1872,2909,309.26,6.247173 
1873,2905,308.39,6.240654 
1874,2900,307.30,6.255769 
1875,2892,305.56,6.274493 
1876,2897,306.65,6.304037 
1877,2907,308.83,6.286707 
1878,2903,307.95,6.251345 
1879,2910,309.48,6.266461 
1880,2907,308.83,6.241914 
1881,2911,309.70,6.253423 
1882,2909,309.26,6.239692 
1883,2908,309.04,6.247594 
1884,2914,310.35,6.251892 
1885,2917,311.01,6.230948 
1886,2906,308.61,6.220819 
1887,2900,307.30,6.261172 
1888,2909,309.26,6.283501 
1889,2911,309.70,6.251743 
1890,2906,308.61,6.245223 
1891,2905,308.39,6.263943 
1892,2903,307.95,6.268242 
1893,2906,308.61,6.276147 
1894,2905,308.39,6.266025 
1895,2908,309.04,6.270323 
1896,2907,308.83,6.260199 
1897,2909,309.26,6.264497 
1898,2917,311.01,6.257978 
1899,2912,309.92,6.229821 
1900,2908,309.04,6.248539 
1901,2911,309.70,6.263652 
1902,2912,309.92,6.253527 
1903,2900,307.30,6.250611 
1904,2914,310.35,6.294573 
1905,2914,310.35,6.244785 
1906,2918,311.22,6.245474 
1907,2910,309.48,6.231739 
1908,2913,310.13,6.261273 
1909,2911,309.70,6.251147 
1910,2915,310.57,6.259048 
1911,2917,311.01,6.245315 
1912,2915,310.57,6.238791 
1913,2915,310.57,6.246690 
1914,2912,309.92,6.247379 
1915,2906,308.61,6.258885 
1916,2895,306.21,6.281211 
1917,2905,308.39,6.321570 
1918,2911,309.70,6.286209 
1919,2913,310.13,6.265266 
1920,2908,309.04,6.258745 
1921,2908,309.04,6.277464 
1922,2914,310.35,6.278156 
1923,2912,309.92,6.257213 
1924,2921,311.88,6.265114 
1925,2914,310.35,6.233350 
1926,2919,311.44,6.259277 
1927,2915,310.57,6.241936 
1928,2921,311.88,6.257046 
1929,2925,312.75,6.236099 
1930,2911,309.70,6.222360 
1931,2915,310.57,6.273527 
1932,2921,311.88,6.259793 
1933,2918,311.22,6.238846 
1934,2921,311.88,6.250349 
1935,2910,309.48,6.240218 
1936,2919,311.44,6.280569 
1937,2913,310.13,6.248806 
1938,2911,309.70,6.271129 
1939,2915,310.57,6.279030 
1940,2916,310.79,6.265296 
1941,2916,310.79,6.262379 
1942,2915,310.57,6.263067 
1943,2917,311.01,6.267360 
1944,2917,311.01,6.260837 
1945,2917,311.01,6.261524 
1946,2914,310.35,6.262211 
1947,2911,309.70,6.273717 
1948,2917,311.01,6.285224 
1949,2917,311.01,6.264278 
1950,2913,310.13,6.264966 
1951,2911,309.70,6.280077 
1952,2915,310.57,6.287979 
1953,2915,310.57,6.274245 
1954,2910,309.48,6.274933 
1955,2913,310.13,6.293652 
1956,2916,310.79,6.283525 
1957,2914,310.35,6.273396 
1958,2915,310.57,6.281296 
1959,2917,311.01,6.278379 
1960,2927,313.19,6.271855 
1961,2923,312.31,6.236483 
1962,2944,316.89,6.251589 
1963,2922,312.10,6.176548 
1964,2917,311.01,6.256553 
1965,2922,312.10,6.275267 
1966,2917,311.01,6.257925 
1967,2917,311.01,6.276639 
1968,2915,310.57,6.277327 
1969,2919,311.44,6.285226 
1970,2917,311.01,6.271491 
1971,2921,311.88,6.279389 
1972,2919,311.44,6.265653 
1973,2922,312.10,6.273550 
1974,2911,309.70,6.263418 
1975,2914,310.35,6.303769 
1976,2911,309.70,6.293641 
1977,2917,311.01,6.305148 
1978,2902,307.74,6.284202 
1979,2920,311.66,6.338980 
1980,2910,309.48,6.274767 
1981,2916,310.79,6.311512 
1982,2919,311.44,6.290568 
1983,2923,312.31,6.280438 
1984,2922,312.10,6.266700 
1985,2923,312.31,6.270990 
1986,2917,311.01,6.268069 
1987,2925,312.75,6.290389 
1988,2919,311.44,6.262229 
1989,2925,312.75,6.284548 
1990,2925,312.75,6.263598 
1991,2919,311.44,6.264282 
1992,2921,311.88,6.286601 
1993,2919,311.44,6.280075 
1994,2922,312.10,6.287972 
1995,2917,311.01,6.277841 
1996,2918,311.22,6.296555 
1997,2921,311.88,6.293637 
1998,2921,311.88,6.283506 
1999,2918,311.22,6.284191 
2000,2924,312.53,6.295694 
2001,2917,311.01,6.274745 
2002,2915,310.57,6.300671 
2003,2925,312.75,6.308570 
2004,2922,312.10,6.273199 
2005,2917,311.01,6.284699 
2006,2919,311.44,6.303414 
2007,2915,310.57,6.296890 
2008,2931,314.06,6.312000 
2009,2914,310.35,6.254992 
2010,2913,310.13,6.316975 
2011,2914,310.35,6.321270 
2012,2915,310.57,6.318353 
2013,2928,313.40,6.315435 
2014,2923,312.31,6.269247 
2015,2917,311.01,6.287958 
2016,2922,312.10,6.310278 
2017,2917,311.01,6.292935 
2018,2912,309.92,6.311650 
2019,2923,312.31,6.330368 
2020,2921,311.88,6.291392 
2021,2917,311.01,6.299288 
2022,2911,309.70,6.314397 
2023,2917,311.01,6.336720 
2024,2925,312.75,6.315774 
2025,2921,311.88,6.287614 
2026,2926,312.97,6.302722 
2027,2928,313.40,6.285377 
2028,2951,318.42,6.278848 
2029,2927,313.19,6.196592 
2030,2927,313.19,6.283805 
2031,2926,312.97,6.284487 
2032,2913,310.13,6.288775 
2033,2924,312.53,6.336336 
2034,2929,313.62,6.297359 
2035,2919,311.44,6.280013 
2036,2927,313.19,6.316754 
2037,2923,312.31,6.288592 
2038,2922,312.10,6.303699 
2039,2924,312.53,6.307989 
2040,2928,313.40,6.301462 
2041,2928,313.40,6.287722 
2042,2926,312.97,6.288404 
2043,2928,313.40,6.296297 
2044,2922,312.10,6.289768 
2045,2927,313.19,6.312085 
2046,2926,312.97,6.294740 
2047,2883,303.59,6.299028 
2048,2925,312.75,6.454768 
2049,2918,311.22,6.304022 
2050,2926,312.97,6.329947 
2051,2927,313.19,6.301786 
2052,2918,311.22,6.298862 
2053,2918,311.22,6.331998 
2054,2919,311.44,6.332685 
2055,2923,312.31,6.329766 
2056,2912,309.92,6.316029 
2057,2922,312.10,6.356379 
2058,2926,312.97,6.321009 
2059,2928,313.40,6.307270 
2060,2926,312.97,6.300741 
2061,2926,312.97,6.308634 
2062,2927,313.19,6.309317 
2063,2928,313.40,6.306393 
2064,2934,314.71,6.303470 
2065,2928,313.40,6.282516 
2066,2923,312.31,6.304830 
2067,2928,313.40,6.323542 
2068,2928,313.40,6.306196 
2069,2914,310.35,6.306878 
2070,2921,311.88,6.358043 
2071,2921,311.88,6.333490 
2072,2923,312.31,6.334175 
2073,2927,313.19,6.327649 
2074,2919,311.44,6.313909 
2075,2931,314.06,6.343439 
2076,2924,312.53,6.300853 
2077,2923,312.31,6.326775 
2078,2924,312.53,6.331065 
2079,2928,313.40,6.328143 
2080,2927,313.19,6.314403 
2081,2926,312.97,6.318691 
2082,2926,312.97,6.322979 
2083,2925,312.75,6.323662 
2084,2930,313.84,6.327950 
2085,2924,312.53,6.310604 
2086,2927,313.19,6.332920 
2087,2928,313.40,6.322786 
2088,2947,317.55,6.319862 
2089,2926,312.97,6.252030 
2090,2927,313.19,6.328428 
2091,2930,313.84,6.325504 
2092,2927,313.19,6.315369 
2093,2930,313.84,6.326867 
2094,2902,307.74,6.316731 
2095,2926,312.97,6.418379 
2096,2927,313.19,6.332531 
2097,2929,313.62,6.329607 
2098,2928,313.40,6.323078 
2099,2927,313.19,6.327365 
2100,2926,312.97,6.331653 
2101,2926,312.97,6.335941 
2102,2925,312.75,6.336624 
2103,2928,313.40,6.340912 
2104,2919,311.44,6.330778 
2105,2917,311.01,6.363913 
2106,2926,312.97,6.371811 
2107,2923,312.31,6.340045 
2108,2923,312.31,6.351545 
2109,2957,319.73,6.352230 
2110,2926,312.97,6.230310 
2111,2923,312.31,6.342762 
2112,2927,313.19,6.354263 
2113,2928,313.40,6.340523 
2114,2928,313.40,6.337600 
2115,2922,312.10,6.338281 
2116,2928,313.40,6.360599 
2117,2927,313.19,6.339648 
2118,2923,312.31,6.343935 
2119,2927,313.19,6.359041 
2120,2927,313.19,6.345302 
2121,2925,312.75,6.345984 
2122,3030,335.64,6.353878 
2123,2928,313.40,5.975933 
2124,2934,314.71,6.344372 
2125,2928,313.40,6.323418 
2126,2923,312.31,6.345732 
2127,2928,313.40,6.364444 
2128,2928,313.40,6.347098 
2129,2938,315.58,6.347780 
2130,2930,313.84,6.312401 
2131,2931,314.06,6.341926 
2132,2930,313.84,6.339000 
2133,2928,313.40,6.343287 
2134,2925,312.75,6.351180 
2135,2928,313.40,6.362679 
2136,2935,314.93,6.352544 
2137,2923,312.31,6.327984 
2138,2930,313.84,6.371934 
2139,2924,312.53,6.347376 
2140,2927,313.19,6.369692 
2141,2928,313.40,6.359558 
2142,2928,313.40,6.356635 
2143,2928,313.40,6.357316 
2144,2929,313.62,6.357998 
2145,2928,313.40,6.355073 
2146,2920,311.66,6.359361 
2147,2926,312.97,6.388890 
2148,2929,313.62,6.367940 
2149,2931,314.06,6.357805 
2150,2926,312.97,6.351274 
2151,2928,313.40,6.369984 
2152,2928,313.40,6.363455 
2153,2928,313.40,6.364137 
2154,2929,313.62,6.364818 
2155,2930,313.84,6.361894 
2156,2938,315.58,6.358969 
2157,2912,309.92,6.330801 
2158,2926,312.97,6.425234 
2159,2927,313.19,6.375440 
2160,2923,312.31,6.372517 
2161,2927,313.19,6.387623 
2162,2929,313.62,6.373883 
2163,2932,314.28,6.367353 
2164,2947,317.55,6.357216 
2165,2928,313.40,6.303806 
2166,2928,313.40,6.372992 
2167,2929,313.62,6.373673 
2168,2928,313.40,6.370749 
2169,2902,307.74,6.375036 
2170,2931,314.06,6.469473 
2171,2930,313.84,6.365595 
2172,2931,314.06,6.369881 
2173,2930,313.84,6.366955 
2174,2934,314.71,6.371242 
2175,2937,315.37,6.357498 
2176,2929,313.62,6.347359 
2177,2961,320.60,6.376884 
2178,2935,314.93,6.262174 
2179,2929,313.62,6.356594 
2180,2933,314.49,6.378908 
2181,2932,314.28,6.365165 
2182,2928,313.40,6.369450 
2183,2927,313.19,6.384553 
2184,2928,313.40,6.388841 
2185,2932,314.28,6.385917 
2186,2931,314.06,6.372175 
2187,2922,312.10,6.376460 
2188,2929,313.62,6.409594 
2189,2934,314.71,6.385037 
2190,2928,313.40,6.367689 
2191,2928,313.40,6.390003 
2192,2928,313.40,6.390685 
2193,2928,313.40,6.391366 
2194,2928,313.40,6.392048 
2195,2928,313.40,6.392730 
2196,2938,315.58,6.393412 
2197,2930,313.84,6.358033 
2198,2934,314.71,6.387558 
2199,2935,314.93,6.373814 
2200,2927,313.19,6.370887 
2201,2930,313.84,6.400413 
2202,2928,313.40,6.390277 
2203,2928,313.40,6.398170 
2204,2930,313.84,6.398851 
2205,2933,314.49,6.392321 
2206,2932,314.28,6.382184 
2207,2930,313.84,6.386468 
2208,2931,314.06,6.394360 
2209,2933,314.49,6.391434 
2210,2931,314.06,6.384903 
2211,2931,314.06,6.392794 
2212,2930,313.84,6.393474 
2213,2932,314.28,6.397760 
2214,2931,314.06,6.391229 
2215,2930,313.84,6.395514 
2216,2930,313.84,6.399800 
2217,2934,314.71,6.400481 
2218,2932,314.28,6.386737 
2219,2929,313.62,6.394628 
2220,2928,313.40,6.406126 
2221,2928,313.40,6.410413 
2222,2929,313.62,6.411095 
2223,2928,313.40,6.408170 
2224,2927,313.19,6.412457 
2225,2928,313.40,6.416745 
2226,2928,313.40,6.413821 
2227,2928,313.40,6.414503 
2228,2930,313.84,6.415184 
2229,2932,314.28,6.408654 
2230,2928,313.40,6.402122 
2231,2929,313.62,6.417226 
2232,2929,313.62,6.414302 
2233,2928,313.40,6.414983 
2234,2930,313.84,6.419270 
2235,2929,313.62,6.412740 
2236,2934,314.71,6.417026 
2237,2934,314.71,6.399677 
2238,2929,313.62,6.400356 
2239,2929,313.62,6.419065 
2240,2927,313.19,6.419745 
2241,2930,313.84,6.427639 
2242,2934,314.71,6.417503 
2243,2928,313.40,6.403759 
2244,2934,314.71,6.426075 
2245,2928,313.40,6.405120 
2246,2928,313.40,6.427434 
2247,2933,314.49,6.428116 
2248,2930,313.84,6.410768 
2249,2929,313.62,6.422265 
2250,2929,313.62,6.426551 
2251,2929,313.62,6.427232 
2252,2930,313.84,6.427914 
2253,2929,313.62,6.424989 
2254,2928,313.40,6.429275 
2255,2931,314.06,6.433563 
2256,2929,313.62,6.423426 
2257,2929,313.62,6.431318 
2258,2931,314.06,6.431999 
2259,2931,314.06,6.425468 
2260,2933,314.49,6.426148 
2261,2928,313.40,6.419617 
2262,2930,313.84,6.438326 
2263,2923,312.31,6.431796 
2264,2931,314.06,6.457718 
2265,2933,314.49,6.429554 
2266,2949,317.98,6.423023 
2267,2938,315.58,6.366006 
2268,2941,316.24,6.406342 
2269,2938,315.58,6.396201 
2270,2923,312.31,6.407693 
2271,2942,316.46,6.462460 
2272,2941,316.24,6.394631 
2273,2935,314.93,6.398911 
2274,2933,314.49,6.421222 
2275,2932,314.28,6.429112 
2276,2935,314.93,6.433397 
2277,2934,314.71,6.423259 
2278,2938,315.58,6.427542 
2279,2937,315.37,6.413797 
2280,2938,315.58,6.418080 
2281,2929,313.62,6.415150 
2282,2943,316.67,6.448281 
2283,2939,315.80,6.398478 
2284,2939,315.80,6.413576 
2285,2934,314.71,6.414252 
2286,2940,316.02,6.432958 
2287,2939,315.80,6.412001 
2288,2939,315.80,6.416282 
2289,2913,310.13,6.416958 
2290,2943,316.67,6.511389 
2291,2941,316.24,6.403899 
2292,2943,316.67,6.411785 
2293,2933,314.49,6.405248 
2294,2935,314.93,6.441982 
2295,2941,316.24,6.435449 
2296,2939,315.80,6.414491 
2297,2942,316.46,6.422378 
2298,2943,316.67,6.412236 
2299,2926,312.97,6.409304 
2300,2937,315.37,6.471280 
2301,2935,314.93,6.432297 
2302,2931,314.06,6.440186 
2303,2935,314.93,6.455287 
2304,2935,314.93,6.441544 
2305,2929,313.62,6.442222 
2306,2935,314.93,6.464536 
2307,2947,317.55,6.443581 
2308,2933,314.49,6.400988 
2309,2942,316.46,6.452143 
2310,2944,316.89,6.420368 
2311,2935,314.93,6.413831 
2312,2939,315.80,6.446958 
2313,2943,316.67,6.433212 
2314,2942,316.46,6.419464 
2315,2942,316.46,6.423744 
2316,2903,307.95,6.424418 
2317,2943,316.67,6.565725 
2318,2938,315.58,6.422181 
2319,2941,316.24,6.440885 
2320,2942,316.46,6.430743 
2321,2941,316.24,6.427813 
2322,2934,314.71,6.432093 
2323,2942,316.46,6.458009 
2324,2938,315.58,6.429841 
2325,2940,316.02,6.444938 
2326,2941,316.24,6.438403 
2327,2933,314.49,6.435472 
2328,2939,315.80,6.464995 
2329,2934,314.71,6.444038 
2330,2944,316.89,6.462744 
2331,2940,316.02,6.427363 
2332,2932,314.28,6.442461 
2333,2937,315.37,6.471983 
2334,2939,315.80,6.454633 
2335,2957,319.73,6.448098 
2336,2931,314.06,6.383866 
2337,2942,316.46,6.478289 
2338,2941,316.24,6.439303 
2339,2938,315.58,6.443583 
2340,2935,314.93,6.455076 
2341,2934,314.71,6.466571 
2342,2933,314.49,6.470855 
2343,2933,314.49,6.475140 
2344,2935,314.93,6.475819 
2345,2941,316.24,6.469285 
2346,2930,313.84,6.448328 
2347,2935,314.93,6.488668 
2348,2935,314.93,6.471319 
2349,2943,316.67,6.471997 
2350,2935,314.93,6.443827 
2351,2940,316.02,6.473349 
2352,2940,316.02,6.455997 
2353,2948,317.76,6.456673 
2354,2941,316.24,6.428500 
2355,2939,315.80,6.454413 
2356,2945,317.11,6.462300 
2357,2939,315.80,6.441340 
2358,2934,314.71,6.463649 
2359,2937,315.37,6.482355 
2360,2935,314.93,6.472215 
2361,2931,314.06,6.480104 
2362,2946,317.33,6.495206 
2363,2943,316.67,6.441797 
2364,2937,315.37,6.453287 
2365,2945,317.11,6.475596 
2366,2948,317.76,6.447426 
2367,2943,316.67,6.437281 
2368,2945,317.11,6.455982 
2369,2943,316.67,6.449444 
2370,2941,316.24,6.457328 
2371,2944,316.89,6.465214 
2372,2881,303.16,6.455071 
2373,2946,317.33,6.682921 
2374,2949,317.98,6.449239 
2375,2946,317.33,6.439093 
2376,2944,316.89,6.450582 
2377,2950,318.20,6.458466 
2378,2950,318.20,6.437503 
2379,2949,317.98,6.438174 
2380,2944,316.89,6.442450 
2381,2943,316.67,6.461151 
2382,2955,319.29,6.465430 
2383,2944,316.89,6.422832 
2384,2953,318.85,6.463166 
2385,2946,317.33,6.431385 
2386,2954,319.07,6.457296 
2387,2944,316.89,6.429121 
2388,2939,315.80,6.465848 
2389,2948,317.76,6.484551 
2390,2944,316.89,6.452774 
2391,2945,317.11,6.467869 
2392,2955,319.29,6.464936 
2393,2951,318.42,6.429549 
2394,2949,317.98,6.444641 
2395,2949,317.98,6.452523 
2396,2948,317.76,6.453193 
2397,2949,317.98,6.457470 
2398,2924,312.53,6.454535 
2399,2950,318.20,6.545355 
2400,2951,318.42,6.452284 
2401,2950,318.20,6.449348 
2402,2950,318.20,6.453624 
2403,2949,317.98,6.454294 
2404,2955,319.29,6.458570 
2405,2951,318.42,6.437605 
2406,2954,319.07,6.452697 
2407,2955,319.29,6.442549 
2408,2948,317.76,6.439610 
2409,2951,318.42,6.465520 
2410,2949,317.98,6.455374 
2411,2954,319.07,6.463255 
2412,2943,316.67,6.445896 
2413,2950,318.20,6.486230 
2414,2946,317.33,6.461662 
2415,2947,317.55,6.476756 
2416,2944,316.89,6.473823 
2417,2910,309.48,6.485312 
2418,2947,317.55,6.608589 
2419,2946,317.33,6.475859 
2420,2938,315.58,6.480136 
2421,2948,317.76,6.509656 
2422,2943,316.67,6.474273 
2423,2950,318.20,6.492974 
2424,2944,316.89,6.468406 
2425,2942,316.46,6.490713 
2426,2945,317.11,6.498598 
2427,2950,318.20,6.488455 
2428,2946,317.33,6.471097 
2429,2947,317.55,6.486192 
2430,2951,318.42,6.483258 
2431,2939,315.80,6.469506 
2432,2946,317.33,6.513447 
2433,2950,318.20,6.488882 
2434,2928,313.40,6.475130 
2435,2949,317.98,6.555132 
2436,2946,317.33,6.480088 
2437,2945,317.11,6.491576 
2438,2944,316.89,6.495855 
2439,2950,318.20,6.500134 
2440,2950,318.20,6.479171 
2441,2946,317.33,6.479841 
2442,2946,317.33,6.494936 
2443,2947,317.55,6.495608 
2444,2947,317.55,6.492674 
2445,2955,319.29,6.493346 
2446,2947,317.55,6.465170 
2447,2947,317.55,6.494686 
2448,2946,317.33,6.495358 
2449,2945,317.11,6.499635 
2450,2944,316.89,6.503913 
2451,2951,318.42,6.508192 
2452,2951,318.42,6.483624 
2453,2945,317.11,6.484293 
2454,2953,318.85,6.506599 
2455,2951,318.42,6.478424 
2456,2953,318.85,6.486305 
2457,2946,317.33,6.479762 
2458,2945,317.11,6.505673 
2459,2945,317.11,6.509952 
2460,2950,318.20,6.510624 
2461,2956,319.51,6.493267 
2462,2963,321.03,6.472301 
2463,2955,319.29,6.447727 
2464,2952,318.64,6.477238 
2465,2950,318.20,6.488724 
2466,2950,318.20,6.496604 
2467,2954,319.07,6.497275 
2468,2955,319.29,6.483521 
2469,2959,320.16,6.480583 
2470,2957,319.73,6.466827 
2471,2960,320.38,6.474705 
2472,2963,321.03,6.464553 
2473,2953,318.85,6.454401 
2474,2957,319.73,6.491124 
2475,2957,319.73,6.477368 
2476,2960,320.38,6.478035 
2477,2960,320.38,6.467884 
2478,2959,320.16,6.468549 
2479,2954,319.07,6.472820 
2480,2956,319.51,6.491516 
2481,2956,319.51,6.484972 
2482,2960,320.38,6.485639 
2483,2957,319.73,6.471882 
2484,2961,320.60,6.483365 
2485,2957,319.73,6.469608 
2486,2955,319.29,6.484696 
2487,2961,320.60,6.492575 
2488,2957,319.73,6.471607 
2489,2960,320.38,6.486695 
2490,2955,319.29,6.476544 
2491,2960,320.38,6.495239 
2492,2937,315.37,6.477876 
2493,2957,319.73,6.561479 
2494,2955,319.29,6.490036 
2495,2959,320.16,6.497915 
2496,2960,320.38,6.484159 
2497,2954,319.07,6.481218 
2498,2950,318.20,6.503520 
2499,2955,319.29,6.518611 
2500,2957,319.73,6.501252 
2501,2955,319.29,6.494707 
2502,2954,319.07,6.502586 
2503,2963,321.03,6.506860 
2504,2956,319.51,6.475074 
2505,2951,318.42,6.500979 
2506,2955,319.29,6.519676 
2507,2951,318.42,6.505922 
2508,2939,315.80,6.521014 
2509,2954,319.07,6.564955 
2510,2959,320.16,6.511542 
2511,2951,318.42,6.494180 
2512,2960,320.38,6.523693 
2513,2968,322.12,6.491909 
2514,2960,320.38,6.463727 
2515,2960,320.38,6.493235 
2516,2960,320.38,6.493900 
2517,2963,321.03,6.494565 
2518,2956,319.51,6.484413 
2519,2955,319.29,6.510318 
2520,2965,321.47,6.514591 
2521,2962,320.82,6.479199 
2522,2960,320.38,6.490679 
2523,2957,319.73,6.498555 
2524,2963,321.03,6.510038 
2525,2962,320.82,6.489069 
2526,2960,320.38,6.493338 
2527,2960,320.38,6.501214 
2528,2959,320.16,6.501879 
2529,2957,319.73,6.506151 
2530,2960,320.38,6.514028 
2531,2958,319.94,6.503877 
2532,2955,319.29,6.511754 
2533,2995,328.01,6.523238 
2534,2960,320.38,6.379666 
2535,2958,319.94,6.506522 
2536,2960,320.38,6.514400 
2537,2960,320.38,6.507854 
2538,2960,320.38,6.508519 
2539,2960,320.38,6.509183 
2540,2961,320.60,6.509849 
2541,2965,321.47,6.506908 
2542,2960,320.38,6.493148 
2543,2969,322.34,6.511841 
2544,2959,320.16,6.480052 
2545,2960,320.38,6.516772 
2546,2962,320.82,6.513832 
2547,2961,320.60,6.507285 
2548,2962,320.82,6.511555 
2549,2965,321.47,6.508614 
2550,2961,320.60,6.498460 
2551,2961,320.60,6.513546 
2552,2967,321.91,6.514211 
2553,2960,320.38,6.493239 
2554,2976,323.87,6.519143 
2555,2960,320.38,6.462112 
2556,2962,320.82,6.520464 
2557,2961,320.60,6.513917 
2558,2967,321.91,6.518188 
2559,2974,323.43,6.497216 
2560,2960,320.38,6.472636 
2561,2965,321.47,6.523777 
2562,2965,321.47,6.506413 
2563,2960,320.38,6.507075 
2564,2957,319.73,6.525767 
2565,2971,322.78,6.537250 
2566,2960,320.38,6.487433 
2567,2961,320.60,6.527758 
2568,2965,321.47,6.524817 
2569,2960,320.38,6.511058 
2570,2960,320.38,6.529750 
2571,2963,321.03,6.530416 
2572,2960,320.38,6.520263 
2573,2960,320.38,6.531744 
2574,2963,321.03,6.532409 
2575,2942,316.46,6.522256 
2576,2960,320.38,6.598645 
2577,2963,321.03,6.534412 
2578,2960,320.38,6.524259 
2579,2966,321.69,6.535740 
2580,2960,320.38,6.514770 
2581,2959,320.16,6.537067 
2582,2973,323.21,6.541339 
2583,2961,320.60,6.491521 
2584,2962,320.82,6.535451 
2585,2959,320.16,6.532509 
2586,2963,321.03,6.543991 
2587,2965,321.47,6.530233 
2588,2960,320.38,6.523685 
2589,2961,320.60,6.542377 
2590,2966,321.69,6.539436 
2591,2961,320.60,6.522070 
2592,2955,319.29,6.540762 
2593,2960,320.38,6.563063 
2594,2962,320.82,6.545701 
2595,2960,320.38,6.539154 
2596,2964,321.25,6.547029 
2597,2949,317.98,6.533270 
2598,2960,320.38,6.588024 
2599,2967,321.91,6.549028 
2600,2960,320.38,6.524451 
2601,2961,320.60,6.550355 
2602,2970,322.56,6.547414 
2603,2960,320.38,6.515625 
2604,2960,320.38,6.552344 
2605,2962,320.82,6.553010 
2606,2962,320.82,6.546463 
2607,2981,324.96,6.547126 
2608,2961,320.60,6.479277 
2609,2960,320.38,6.552051 
2610,2969,322.34,6.556321 
2611,2966,321.69,6.524532 
2612,2970,322.56,6.536011 
2613,2975,323.65,6.522249 
2614,2966,321.69,6.504879 
2615,2967,321.91,6.537990 
2616,2965,321.47,6.535046 
2617,2964,321.25,6.542919 
2618,2969,322.34,6.547187 
2619,2971,322.78,6.529820 
2620,2987,326.27,6.523269 
2621,2970,322.56,6.466233 
2622,2963,321.03,6.528186 
2623,2972,323.00,6.554088 
2624,2966,321.69,6.522297 
2625,2966,321.69,6.544592 
2626,2960,320.38,6.545254 
2627,2963,321.03,6.567552 
2628,2949,317.98,6.557399 
2629,2967,321.91,6.608546 
2630,2962,320.82,6.544309 
2631,2971,322.78,6.563000 
2632,2965,321.47,6.531210 
2633,2975,323.65,6.553506 
2634,2976,323.87,6.518109 
2635,2962,320.82,6.515160 
2636,2969,322.34,6.566300 
2637,2961,320.60,6.541722 
2638,2969,322.34,6.571231 
2639,2959,320.16,6.543047 
2640,2960,320.38,6.579768 
2641,2962,320.82,6.576827 
2642,2961,320.60,6.570280 
2643,2961,320.60,6.574551 
2644,2944,316.89,6.575215 
2645,2969,322.34,6.637181 
2646,2960,320.38,6.547705 
2647,2966,321.69,6.580819 
2648,2964,321.25,6.559848 
2649,2960,320.38,6.567722 
2650,2961,320.60,6.582809 
2651,2973,323.21,6.579868 
2652,2963,321.03,6.537261 
2653,2963,321.03,6.573979 
2654,2958,319.94,6.574643 
2655,2969,322.34,6.593336 
2656,2966,321.69,6.554336 
2657,2966,321.69,6.565815 
2658,2971,322.78,6.566477 
2659,2974,323.43,6.549109 
2660,2970,322.56,6.538950 
2661,2973,323.21,6.554032 
2662,2970,322.56,6.543874 
2663,2965,321.47,6.555350 
2664,2973,323.21,6.574040 
2665,2970,322.56,6.545855 
2666,2967,321.91,6.557331 
2667,2964,321.25,6.568809 
2668,2984,325.61,6.580287 
2669,2960,320.38,6.508832 
2670,2961,320.60,6.596027 
2671,2961,320.60,6.593087 
2672,2962,320.82,6.593751 
2673,2973,323.21,6.590809 
2674,2967,321.91,6.551808 
2675,2967,321.91,6.574102 
2676,2960,320.38,6.574763 
2677,2965,321.47,6.600667 
2678,2971,322.78,6.583302 
2679,2966,321.69,6.562328 
2680,2965,321.47,6.581018 
2681,2967,321.91,6.585286 
2682,2963,321.03,6.578736 
2683,2966,321.69,6.593822 
2684,2963,321.03,6.583667 
2685,2963,321.03,6.595147 
2686,2967,321.91,6.595810 
2687,2969,322.34,6.582050 
2688,2944,316.89,6.575500 
2689,2976,323.87,6.666309 
2690,2962,320.82,6.551591 
2691,2975,323.65,6.602732 
2692,2963,321.03,6.556519 
2693,2966,321.69,6.600447 
2694,2965,321.47,6.590293 
2695,2974,323.43,6.594561 
2696,2972,323.00,6.562769 
2697,2965,321.47,6.570639 
2698,2974,323.43,6.596540 
2699,2963,321.03,6.564748 
2700,2974,323.43,6.605072 
2701,2967,321.91,6.566070 
2702,2964,321.25,6.591969 
2703,2970,322.56,6.603449 
2704,2982,325.18,6.582476 
2705,2971,322.78,6.539864 
2706,2974,323.43,6.580184 
2707,2970,322.56,6.570025 
2708,2963,321.03,6.585107 
2709,2975,323.65,6.611009 
2710,2967,321.91,6.568400 
2711,2971,322.78,6.597905 
2712,2967,321.91,6.584143 
2713,2966,321.69,6.599226 
2714,2970,322.56,6.603494 
2715,2972,323.00,6.589732 
2716,2969,322.34,6.583179 
2717,2967,321.91,6.594656 
2718,2960,320.38,6.602529 
2719,2960,320.38,6.628432 
2720,2971,322.78,6.629097 
2721,2967,321.91,6.590096 
2722,2966,321.69,6.605179 
2723,2963,321.03,6.609447 
2724,2973,323.21,6.620927 
2725,2969,322.34,6.585531 
2726,2971,322.78,6.600613 
2727,2971,322.78,6.594061 
2728,2970,322.56,6.594720 
2729,2971,322.78,6.598986 
2730,2974,323.43,6.596040 
2731,2975,323.65,6.585881 
2732,2972,323.00,6.582933 
2733,2970,322.56,6.594409 
2734,2971,322.78,6.602279 
2735,2971,322.78,6.599333 
2736,2969,322.34,6.599992 
2737,2971,322.78,6.607863 
2738,2975,323.65,6.601312 
2739,2976,323.87,6.587548 
2740,2975,323.65,6.584599 
2741,2973,323.21,6.588862 
2742,2967,321.91,6.596731 
2743,2977,324.09,6.619025 
2744,2973,323.21,6.583627 
2745,2969,322.34,6.598707 
2746,2973,323.21,6.613789 
2747,2975,323.65,6.600026 
2748,2977,324.09,6.593472 
2749,2969,322.34,6.586917 
2750,2974,323.43,6.616421 
2751,2981,324.96,6.599052 
2752,2960,320.38,6.574468 
2753,2983,325.39,6.650847 
2754,2978,324.30,6.568575 
2755,2973,323.21,6.587258 
2756,2977,324.09,6.605944 
2757,2973,323.21,6.592178 
2758,2973,323.21,6.607258 
2759,2979,324.52,6.607917 
2760,2975,323.65,6.586939 
2761,2975,323.65,6.602018 
2762,2973,323.21,6.602675 
2763,2977,324.09,6.610545 
2764,2974,323.43,6.596779 
2765,2976,323.87,6.608253 
2766,2981,324.96,6.601699 
2767,2978,324.30,6.584326 
2768,2975,323.65,6.595798 
2769,2974,323.43,6.607272 
2770,2976,323.87,6.611535 
2771,2973,323.21,6.604981 
2772,2971,322.78,6.616456 
2773,2978,324.30,6.624326 
2774,2975,323.65,6.599744 
2775,2970,322.56,6.611217 
2776,2973,323.21,6.629904 
2777,2959,320.16,6.619746 
2778,2969,322.34,6.670888 
2779,2975,323.65,6.635494 
2780,2970,322.56,6.614519 
2781,2974,323.43,6.633206 
2782,2975,323.65,6.619442 
2783,2983,325.39,6.616494 
2784,2967,321.91,6.588303 
2785,2979,324.52,6.646652 
2786,2977,324.09,6.604042 
2787,2973,323.21,6.611909 
2788,2973,323.21,6.626989 
2789,2976,323.87,6.627647 
2790,2976,323.87,6.617487 
2791,2971,322.78,6.618144 
2792,2979,324.52,6.636831 
2793,2977,324.09,6.608643 
2794,2975,323.65,6.616510 
2795,2975,323.65,6.624378 
2796,2977,324.09,6.625035 
2797,2975,323.65,6.618481 
2798,2974,323.43,6.626349 
2799,2972,323.00,6.630612 
2800,2978,324.30,6.638482 
2801,2973,323.21,6.617505 
2802,2962,320.82,6.636190 
2803,2966,321.69,6.676514 
2804,2974,323.43,6.662755 
2805,2975,323.65,6.634569 
2806,2970,322.56,6.631620 
2807,2974,323.43,6.650308 
2808,2971,322.78,6.636543 
2809,2978,324.30,6.648019 
2810,2971,322.78,6.623437 
2811,2976,323.87,6.649334 
2812,2975,323.65,6.631964 
2813,2973,323.21,6.636227 
2814,2977,324.09,6.644096 
2815,2973,323.21,6.630330 
2816,2972,323.00,6.645411 
2817,2975,323.65,6.649675 
2818,2975,323.65,6.639516 
2819,2977,324.09,6.640173 
2820,2978,324.30,6.633618 
2821,2974,323.43,6.630669 
2822,2976,323.87,6.645748 
2823,2979,324.52,6.639194 
2824,2976,323.87,6.629033 
2825,2976,323.87,6.640506 
2826,2971,322.78,6.641162 
2827,2977,324.09,6.659849 
2828,2981,324.96,6.638873 
2829,2982,325.18,6.625105 
2830,2982,325.18,6.622154 
2831,2982,325.18,6.622807 
2832,2981,324.96,6.623461 
2833,2978,324.30,6.627720 
2834,2977,324.09,6.639193 
2835,2981,324.96,6.643454 
2836,2980,324.74,6.629686 
2837,2980,324.74,6.633947 
2838,2986,326.05,6.634602 
2839,2983,325.39,6.613620 
2840,2979,324.52,6.625090 
2841,2980,324.74,6.640167 
2842,2978,324.30,6.637216 
2843,2981,324.96,6.645083 
2844,2979,324.52,6.634920 
2845,2986,326.05,6.642787 
2846,2980,324.74,6.618200 
2847,2978,324.30,6.640488 
2848,2986,326.05,6.648354 
2849,2989,326.70,6.620162 
2850,2978,324.30,6.609996 
2851,2988,326.48,6.650311 
2852,2976,323.87,6.614907 
2853,2996,328.23,6.658829 
2854,2987,326.27,6.587367 
2855,2989,326.70,6.620467 
2856,2992,327.36,6.613906 
2857,2979,324.52,6.603738 
2858,2981,324.96,6.651264 
2859,2980,324.74,6.644708 
2860,2981,324.96,6.648968 
2861,2981,324.96,6.646017 
2862,2992,327.36,6.646670 
2863,2988,326.48,6.607659 
2864,2981,324.96,6.622731 
2865,2983,325.39,6.648624 
2866,2986,326.05,6.642066 
2867,2982,325.18,6.631901 
2868,2986,326.05,6.646977 
2869,2985,325.83,6.633206 
2870,2981,324.96,6.637465 
2871,2990,326.92,6.652540 
2872,2976,323.87,6.620740 
2873,2986,326.05,6.671874 
2874,2988,326.48,6.636471 
2875,2983,325.39,6.629910 
2876,2988,326.48,6.648591 
2877,2990,326.92,6.631214 
2878,2986,326.05,6.624652 
2879,2982,325.18,6.639726 
2880,2982,325.18,6.654801 
2881,2983,325.39,6.655455 
2882,2985,325.83,6.652503 
2883,2970,322.56,6.645944 
2884,2983,325.39,6.700686 
2885,2989,326.70,6.654468 
2886,2983,325.39,6.633485 
2887,2988,326.48,6.655771 
2888,2985,325.83,6.638394 
2889,2989,326.70,6.649863 
2890,2999,328.88,6.636091 
2891,2989,326.70,6.600681 
2892,2987,326.27,6.637386 
2893,2989,326.70,6.645248 
2894,2985,325.83,6.638687 
2895,2989,326.70,6.653761 
2896,2992,327.36,6.639989 
2897,2989,326.70,6.629821 
2898,2985,325.83,6.641288 
2899,2982,325.18,6.656362 
2900,2978,324.30,6.667831 
2901,2985,325.83,6.682909 
2902,2990,326.92,6.658323 
2903,2989,326.70,6.640945 
2904,2983,325.39,6.645201 
2905,2988,326.48,6.667486 
2906,2993,327.57,6.650110 
2907,2987,326.27,6.632730 
2908,2983,325.39,6.655015 
2909,2986,326.05,6.670089 
2910,2983,325.39,6.659925 
2911,2990,326.92,6.671394 
2912,2992,327.36,6.646805 
2913,2983,325.39,6.640243 
2914,2985,325.83,6.673345 
2915,3071,344.58,6.666787 
2916,2910,309.48,6.357324 
2917,2961,320.60,6.938494 
2918,2983,325.39,6.755280 
2919,2986,326.05,6.676613 
2920,2979,324.52,6.666449 
2921,2986,326.05,6.692342 
2922,2976,323.87,6.667755 
2923,2979,324.52,6.704467 
2924,2982,325.18,6.694305 
2925,2977,324.09,6.684143 
2926,2982,325.18,6.702826 
2927,2977,324.09,6.685453 
2928,2979,324.52,6.704136 
2929,2982,325.18,6.697581 
2930,2979,324.52,6.687418 
2931,2975,323.65,6.698889 
2932,2980,324.74,6.713969 
2933,2981,324.96,6.696596 
2934,2983,325.39,6.693645 
2935,2981,324.96,6.687087 
2936,2982,325.18,6.694952 
2937,2985,325.83,6.692000 
2938,2983,325.39,6.681836 
2939,2981,324.96,6.689700 
2940,2982,325.18,6.697565 
2941,2981,324.96,6.694613 
2942,2982,325.18,6.698873 
2943,2983,325.39,6.695921 
2944,2982,325.18,6.692968 
2945,2982,325.18,6.697228 
2946,2988,326.48,6.697882 
2947,2983,325.39,6.676899 
2948,2992,327.36,6.695580 
2949,2985,325.83,6.663779 
2950,2983,325.39,6.689670 
2951,2978,324.30,6.697533 
2952,2986,326.05,6.716217 
2953,2987,326.27,6.688025 
2954,2982,325.18,6.685070 
2955,2987,326.27,6.703751 
2956,2995,328.01,6.686375 
2957,2984,325.61,6.658178 
2958,2982,325.18,6.698491 
2959,2988,326.48,6.706356 
2960,2990,326.92,6.685373 
2961,2982,325.18,6.678812 
2962,2986,326.05,6.708309 
2963,2994,327.79,6.694539 
2964,2986,326.05,6.666343 
2965,2989,326.70,6.695837 
2966,2991,327.14,6.685671 
2967,2992,327.36,6.679110 
2968,2986,326.05,6.676153 
2969,2991,327.14,6.698437 
2970,2986,326.05,6.681058 
2971,2989,326.70,6.699737 
2972,2996,328.23,6.689571 
2973,2991,327.14,6.664979 
2974,2992,327.36,6.683655 
2975,2989,326.70,6.680699 
2976,2990,326.92,6.692165 
2977,2973,323.21,6.689209 
2978,2983,325.39,6.751160 
2979,2990,326.92,6.715758 
2980,2986,326.05,6.691170 
2981,2992,327.36,6.706243 
2982,2997,328.45,6.685259 
2983,2976,323.87,6.667877 
2984,2993,327.57,6.744249 
2985,2991,327.14,6.683604 
2986,2992,327.36,6.691464 
2987,2992,327.36,6.688507 
2988,2988,326.48,6.689156 
2989,2992,327.36,6.704228 
2990,2991,327.14,6.690455 
2991,2989,326.70,6.694709 
2992,2992,327.36,6.702570 
2993,2989,326.70,6.692402 
2994,2990,326.92,6.703868 
2995,2992,327.36,6.700912 
2996,2991,327.14,6.694350 
2997,2987,326.27,6.698605 
2998,2983,325.39,6.713677 
2999,2991,327.14,6.728752 
3000,2986,326.05,6.700558 
3001,2987,326.27,6.719236 
3002,2985,325.83,6.716282 
3003,2981,324.96,6.724145 
3004,2984,325.61,6.739221 
3005,2989,326.70,6.729057 
3006,2987,326.27,6.711680 
3007,2982,325.18,6.719543 
3008,2985,325.83,6.738223 
3009,2941,316.24,6.728059 
3010,2982,325.18,6.887374 
3011,2983,325.39,6.740204 
3012,2985,325.83,6.737251 
3013,2982,325.18,6.730693 
3014,2986,326.05,6.742163 
3015,2985,325.83,6.728392 
3016,2981,324.96,6.732650 
3017,2983,325.39,6.747726 
3018,2983,325.39,6.741168 
3019,2987,326.27,6.741821 
3020,2983,325.39,6.728051 
3021,2990,326.92,6.743125 
3022,2983,325.39,6.718537 
3023,2986,326.05,6.744428 
3024,2986,326.05,6.734263 
3025,2990,326.92,6.734915 
3026,2990,326.92,6.721142 
3027,2995,328.01,6.721792 
3028,2982,325.18,6.704412 
3029,2993,327.57,6.751936 
3030,2989,326.70,6.712924 
3031,2990,326.92,6.727996 
3032,2989,326.70,6.725040 
3033,2987,326.27,6.729296 
3034,2989,326.70,6.737158 
3035,2987,326.27,6.730597 
3036,2992,327.36,6.738459 
3037,2991,327.14,6.721080 
3038,2992,327.36,6.725334 
3039,2992,327.36,6.722378 
3040,2988,326.48,6.723026 
3041,2992,327.36,6.738098 
3042,2992,327.36,6.724325 
3043,2992,327.36,6.724974 
3044,2991,327.14,6.725622 
3045,2994,327.79,6.729876 
3046,2983,325.39,6.719707 
3047,2991,327.14,6.760020 
3048,2980,324.74,6.731826 
3049,2992,327.36,6.772141 
3050,2992,327.36,6.729524 
3051,2992,327.36,6.730172 
3052,2992,327.36,6.730821 
3053,2992,327.36,6.731469 
3054,2992,327.36,6.732118 
3055,2992,327.36,6.732766 
3056,2982,325.18,6.733415 
3057,2991,327.14,6.770123 
3058,2993,327.57,6.738322 
3059,2992,327.36,6.731760 
3060,2993,327.57,6.736013 
3061,2992,327.36,6.733056 
3062,2999,328.88,6.737310 
3063,2997,328.45,6.712717 
3064,2990,326.92,6.720573 
3065,2976,323.87,6.746461 
3066,2998,328.66,6.797594 
3067,2991,327.14,6.718919 
3068,2992,327.36,6.744807 
3069,2992,327.36,6.741850 
3070,2990,326.92,6.742498 
3071,3001,329.32,6.750359 
3072,2986,326.05,6.711342 
3073,2993,327.57,6.766076 
3074,2991,327.14,6.741486 
3075,2992,327.36,6.749345 
3076,2992,327.36,6.746388 
3077,2992,327.36,6.747037 
3078,2997,328.45,6.747685 
3079,2992,327.36,6.730304 
3080,2992,327.36,6.748980 
3081,3003,329.75,6.749629 
3082,2995,328.01,6.710611 
3083,2992,327.36,6.740101 
3084,2992,327.36,6.751566 
3085,2992,327.36,6.752215 
3086,2986,326.05,6.752863 
3087,2989,326.70,6.775147 
3088,2979,324.52,6.764981 
3089,2992,327.36,6.801691 
3090,2992,327.36,6.755469 
3091,2993,327.57,6.756117 
3092,2992,327.36,6.753160 
3093,2987,326.27,6.757414 
3094,2995,328.01,6.776092 
3095,2993,327.57,6.747895 
3096,2994,327.79,6.755754 
3097,2997,328.45,6.752796 
3098,2995,328.01,6.742625 
3099,3047,339.35,6.750483 
3100,2992,327.36,6.563619 
3101,2993,327.57,6.762568 
3102,2990,326.92,6.759611 
3103,2985,325.83,6.771076 
3104,2991,327.14,6.789756 
3105,2989,326.70,6.768772 
3106,2990,326.92,6.776633 
3107,2989,326.70,6.773677 
3108,2993,327.57,6.777933 
3109,2989,326.70,6.764159 
3110,2990,326.92,6.779231 
3111,3007,330.63,6.776274 
3112,2992,327.36,6.715622 
3113,2993,327.57,6.770353 
3114,2991,327.14,6.767395 
3115,2992,327.36,6.775255 
3116,2981,324.96,6.772298 
3117,2992,327.36,6.812613 
3118,2991,327.14,6.773601 
3119,2994,327.79,6.777855 
3120,2991,327.14,6.767686 
3121,3002,329.54,6.779152 
3122,2993,327.57,6.740135 
3123,3002,329.54,6.773232 
3124,2992,327.36,6.741426 
3125,2998,328.66,6.778130 
3126,2991,327.14,6.757142 
3127,3003,329.75,6.783029 
3128,2999,328.88,6.740407 
3129,2994,327.79,6.755473 
3130,2996,328.23,6.774148 
3131,2992,327.36,6.767583 
3132,2995,328.01,6.782654 
3133,3001,329.32,6.772484 
3134,2994,327.79,6.751495 
3135,2994,327.79,6.777381 
3136,2995,328.01,6.778028 
3137,2998,328.66,6.775070 
3138,2997,328.45,6.764899 
3139,2998,328.66,6.769150 
3140,3003,329.75,6.766190 
3141,2992,327.36,6.748806 
3142,3004,329.97,6.789114 
3143,2997,328.45,6.746491 
3144,2999,328.88,6.772375 
3145,2993,327.57,6.765809 
3146,2999,328.88,6.788089 
3147,2995,328.01,6.767102 
3148,2994,327.79,6.782170 
3149,2998,328.66,6.786423 
3150,3002,329.54,6.772646 
3151,2989,326.70,6.758868 
3152,2998,328.66,6.806389 
3153,3001,329.32,6.774585 
3154,2994,327.79,6.764413 
3155,2993,327.57,6.790298 
3156,2991,327.14,6.794552 
3157,2996,328.23,6.802412 
3158,2992,327.36,6.785031 
3159,2994,327.79,6.800101 
3160,2993,327.57,6.793538 
3161,2668,256.72,6.797791 
3162,2993,327.57,7.970382 
3163,2992,327.36,6.799255 
3164,2992,327.36,6.803510 
3165,2998,328.66,6.804158 
3166,2962,320.82,6.783170 
3167,2999,328.88,6.913631 
3168,2992,327.36,6.780874 
3169,3013,331.93,6.806761 
3170,2994,327.79,6.731684 
3171,2999,328.88,6.800835 
3172,2994,327.79,6.783453 
3173,3003,329.75,6.802127 
3174,2999,328.88,6.770320 
3175,3003,329.75,6.785388 
3176,2971,322.78,6.771608 
3177,3001,329.32,6.887642 
3178,3002,329.54,6.780122 
3179,2994,327.79,6.777160 
3180,2998,328.66,6.806651 
3181,2990,326.92,6.792875 
3182,3002,329.54,6.822368 
3183,2995,328.01,6.779746 
3184,2999,328.88,6.805631 
3185,2998,328.66,6.791854 
3186,2997,328.45,6.796104 
3187,2996,328.23,6.800355 
3188,2998,328.66,6.804608 
3189,2996,328.23,6.798042 
3190,3002,329.54,6.805900 
3191,2999,328.88,6.784910 
3192,2999,328.88,6.796371 
3193,3003,329.75,6.797016 
3194,2994,327.79,6.783237 
3195,2997,328.45,6.816334 
3196,3005,330.19,6.806163 
3197,2992,327.36,6.777961 
3198,3002,329.54,6.825481 
3199,2994,327.79,6.790069 
3200,3015,332.37,6.819561 
3201,2999,328.88,6.744483 
3202,3006,330.41,6.802814 
3203,3005,330.19,6.778218 
3204,3005,330.19,6.782465 
3205,3009,331.06,6.783106 
3206,2998,328.66,6.769324 
3207,3007,330.63,6.809629 
3208,3005,330.19,6.777821 
3209,2998,328.66,6.785674 
3210,3002,329.54,6.811557 
3211,2999,328.88,6.797779 
3212,2998,328.66,6.809240 
3213,3007,330.63,6.813491 
3214,2999,328.88,6.781682 
3215,3005,330.19,6.811171 
3216,2998,328.66,6.790180 
3217,3002,329.54,6.816063 
3218,3002,329.54,6.802285 
3219,2994,327.79,6.802928 
3220,3008,330.84,6.832419 
3221,3003,329.75,6.782583 
3222,3006,330.41,6.801253 
3223,2998,328.66,6.791078 
3224,3001,329.32,6.820567 
3225,2994,327.79,6.810395 
3226,3007,330.63,6.836280 
3227,3002,329.54,6.790050 
3228,2997,328.45,6.808720 
3229,3002,329.54,6.827394 
3230,3010,331.28,6.810009 
3231,3003,329.75,6.781805 
3232,2997,328.45,6.807686 
3233,3002,329.54,6.829965 
3234,3008,330.84,6.812581 
3235,2994,327.79,6.791588 
3236,3007,330.63,6.842712 
3237,3120,355.26,6.796482 
3238,3004,329.97,6.389647 
3239,3007,330.63,6.808523 
3240,2992,327.36,6.798347 
3241,3001,329.32,6.853077 
3242,3002,329.54,6.821272 
3243,3001,329.32,6.818309 
3244,3001,329.32,6.822559 
3245,3003,329.75,6.823203 
3246,3002,329.54,6.816635 
3247,3005,330.19,6.820883 
3248,2997,328.45,6.810709 
3249,3003,329.75,6.840198 
3250,3001,329.32,6.819208 
3251,2998,328.66,6.827063 
3252,2997,328.45,6.838525 
3253,2995,328.01,6.842776 
3254,2998,328.66,6.850634 
3255,2993,327.57,6.840463 
3256,3004,329.97,6.859138 
3257,3001,329.32,6.820120 
3258,2999,328.88,6.831581 
3259,2997,328.45,6.839437 
3260,3007,330.63,6.847293 
3261,3001,329.32,6.811879 
3262,2995,328.01,6.834156 
3263,2998,328.66,6.856435 
3264,2997,328.45,6.846264 
3265,3008,330.84,6.850515 
3266,2992,327.36,6.811496 
3267,2999,328.88,6.869832 
3268,3007,330.63,6.845238 
3269,2999,328.88,6.817035 
3270,3002,329.54,6.846524 
3271,3002,329.54,6.836350 
3272,3005,330.19,6.836994 
3273,3007,330.63,6.826819 
3274,3007,330.63,6.820249 
3275,2992,327.36,6.820889 
3276,3013,331.93,6.875620 
3277,3007,330.63,6.800543 
3278,3006,330.41,6.822816 
3279,3007,330.63,6.827063 
3280,2999,328.88,6.824098 
3281,3005,330.19,6.853587 
3282,3005,330.19,6.832596 
3283,3007,330.63,6.833238 
3284,3008,330.84,6.826667 
3285,3006,330.41,6.823702 
3286,3011,331.50,6.831554 
3287,3006,330.41,6.814166 
3288,2998,328.66,6.832834 
3289,3006,330.41,6.862323 
3290,3008,330.84,6.834121 
3291,3008,330.84,6.827550 
3292,3006,330.41,6.828190 
3293,3013,331.93,6.836042 
3294,3011,331.50,6.811442 
3295,2995,328.01,6.819291 
3296,3006,330.41,6.877625 
3297,3010,331.28,6.838607 
3298,2977,324.09,6.824824 
3299,3008,330.84,6.944460 
3300,3002,329.54,6.833331 
3301,3011,331.50,6.855607 
3302,3006,330.41,6.823797 
3303,3006,330.41,6.842465 
3304,3005,330.19,6.843107 
3305,3007,330.63,6.847353 
3306,3006,330.41,6.840783 
3307,3006,330.41,6.845030 
3308,3010,331.28,6.845671 
3309,3008,330.84,6.831889 
3310,3007,330.63,6.839740 
3311,3001,329.32,6.843986 
3312,3007,330.63,6.866262 
3313,3005,330.19,6.845270 
3314,3008,330.84,6.853123 
3315,3008,330.84,6.842947 
3316,3022,333.90,6.843587 
3317,3007,330.63,6.793744 
3318,3002,329.54,6.848466 
3319,3006,330.41,6.867136 
3320,3008,330.84,6.853356 
3321,2999,328.88,6.846785 
3322,3009,331.06,6.879879 
3323,2999,328.88,6.844464 
3324,3003,329.75,6.881164 
3325,3009,331.06,6.867384 
3326,3002,329.54,6.846391 
3327,2999,328.88,6.872273 
3328,3008,330.84,6.883734 
3329,3008,330.84,6.851925 
3330,3003,329.75,6.852565 
3331,2987,326.27,6.871235 
3332,3006,330.41,6.929574 
3333,3006,330.41,6.861712 
3334,3007,330.63,6.862353 
3335,3009,331.06,6.859388 
3336,2999,328.88,6.852816 
3337,3007,330.63,6.889516 
3338,3005,330.19,6.861313 
3339,3008,330.84,6.869165 
3340,3013,331.93,6.858990 
3341,3003,329.75,6.841600 
3342,3011,331.50,6.878297 
3343,3011,331.50,6.850092 
3344,3007,330.63,6.850731 
3345,3008,330.84,6.865793 
3346,3007,330.63,6.862828 
3347,3007,330.63,6.867074 
3348,3011,331.50,6.867714 
3349,3008,330.84,6.853932 
3350,3006,330.41,6.865388 
3351,3008,330.84,6.873240 
3352,3009,331.06,6.866670 
3353,3009,331.06,6.863703 
3354,3011,331.50,6.864343 
3355,3009,331.06,6.857771 
3356,3013,331.93,6.865622 
3357,3013,331.93,6.851838 
3358,3018,333.02,6.852475 
3359,3011,331.50,6.835083 
3360,3012,331.72,6.860960 
3361,3009,331.06,6.857992 
3362,3013,331.93,6.869448 
3363,3009,331.06,6.855664 
3364,3014,332.15,6.870725 
3365,2962,320.82,6.853335 
3366,3013,331.93,7.041483 
3367,3014,332.15,6.858243 
3368,3010,331.28,6.855274 
3369,3014,332.15,6.870335 
3370,3007,330.63,6.856550 
3371,3001,329.32,6.882429 
3372,3009,331.06,6.904706 
3373,3006,330.41,6.876501 
3374,3014,332.15,6.887959 
3375,3006,330.41,6.859752 
3376,3011,331.50,6.889237 
3377,3003,329.75,6.871849 
3378,3011,331.50,6.901335 
3379,3008,330.84,6.873130 
3380,3010,331.28,6.884587 
3381,2999,328.88,6.878015 
3382,3005,330.19,6.918320 
3383,3008,330.84,6.897329 
3384,3007,330.63,6.887153 
3385,3007,330.63,6.891398 
3386,3003,329.75,6.892039 
3387,3008,330.84,6.907104 
3388,3010,331.28,6.889717 
3389,3013,331.93,6.883145 
3390,3009,331.06,6.872966 
3391,3004,329.97,6.888028 
3392,3005,330.19,6.906697 
3393,3008,330.84,6.903733 
3394,3018,333.02,6.893558 
3395,3009,331.06,6.858138 
3396,3007,330.63,6.891226 
3397,3018,333.02,6.899078 
3398,3009,331.06,6.860053 
3399,3008,330.84,6.893142 
3400,3009,331.06,6.897388 
3401,3013,331.93,6.894422 
3402,3018,333.02,6.880638 
3403,3022,333.90,6.863245 
3404,3011,331.50,6.849456 
3405,3015,332.37,6.889755 
3406,3009,331.06,6.875969 
3407,3015,332.37,6.898242 
3408,3014,332.15,6.877246 
3409,3010,331.28,6.881488 
3410,3016,332.59,6.896549 
3411,3015,332.37,6.875552 
3412,3014,332.15,6.879795 
3413,3020,333.46,6.884037 
3414,3010,331.28,6.863039 
3415,3010,331.28,6.899732 
3416,3017,332.81,6.900371 
3417,3015,332.37,6.875768 
3418,3017,332.81,6.883616 
3419,3015,332.37,6.877040 
3420,3018,333.02,6.884888 
3421,3015,332.37,6.874707 
3422,3022,333.90,6.886159 
3423,3015,332.37,6.861554 
3424,3014,332.15,6.887429 
3425,3013,331.93,6.891671 
3426,3015,332.37,6.895915 
3427,3018,333.02,6.889340 
3428,3013,331.93,6.879159 
3429,3018,333.02,6.897824 
3430,3014,332.15,6.880432 
3431,3015,332.37,6.895490 
3432,3014,332.15,6.892521 
3433,3018,333.02,6.896764 
3434,3019,333.24,6.882977 
3435,3005,330.19,6.880006 
3436,3015,332.37,6.931124 
3437,3018,333.02,6.895706 
3438,3015,332.37,6.885525 
3439,3011,331.50,6.896978 
3440,3013,331.93,6.912038 
3441,3020,333.46,6.905465 
3442,3020,333.46,6.880861 
3443,3017,332.81,6.881495 
3444,3017,332.81,6.892946 
3445,3018,333.02,6.893582 
3446,3015,332.37,6.890612 
3447,3023,334.11,6.902064 
3448,3013,331.93,6.873853 
3449,3018,333.02,6.910545 
3450,3020,333.46,6.893153 
3451,3019,333.24,6.886576 
3452,3018,333.02,6.890816 
3453,3021,333.68,6.895057 
3454,3022,333.90,6.884873 
3455,3021,333.68,6.881901 
3456,3027,334.99,6.886139 
3457,3014,332.15,6.865138 
3458,3023,334.11,6.912645 
3459,3022,333.90,6.880828 
3460,3024,334.33,6.885067 
3461,3017,332.81,6.878488 
3462,3024,334.33,6.904362 
3463,3022,333.90,6.879755 
3464,3025,334.55,6.887599 
3465,3023,334.11,6.877414 
3466,3024,334.33,6.885257 
3467,3021,333.68,6.882284 
3468,3035,336.73,6.893734 
3469,3023,334.11,6.843883 
3470,3019,333.24,6.887781 
3471,3024,334.33,6.902838 
3472,3024,334.33,6.885442 
3473,3017,332.81,6.886074 
3474,3015,332.37,6.911948 
3475,3022,333.90,6.919796 
3476,3025,334.55,6.895190 
3477,3024,334.33,6.885005 
3478,3025,334.55,6.889242 
3479,3018,333.02,6.886268 
3480,3023,334.11,6.912142 
3481,3018,333.02,6.894746 
3482,3025,334.55,6.913409 
3483,3023,334.11,6.888802 
3484,3027,334.99,6.896645 
3485,3022,333.90,6.882854 
3486,3019,333.24,6.901514 
3487,3021,333.68,6.912965 
3488,3021,333.68,6.906387 
3489,3018,333.02,6.907021 
3490,3024,334.33,6.918472 
3491,3024,334.33,6.897471 
3492,3019,333.24,6.898103 
3493,3024,334.33,6.916765 
3494,3024,334.33,6.899369 
3495,3024,334.33,6.900001 
3496,3022,333.90,6.900633 
3497,3028,335.20,6.908477 
3498,3024,334.33,6.887474 
3499,3024,334.33,6.902528 
3500,3021,333.68,6.903160 
3501,3024,334.33,6.914609 
3502,3019,333.24,6.904425 
3503,3017,332.81,6.923087 
3504,3105,351.99,6.930933 
3505,3024,334.33,6.614243 
3506,3024,334.33,6.906917 
3507,3023,334.11,6.907548 
3508,3023,334.11,6.911786 
3509,3024,334.33,6.912419 
3510,3024,334.33,6.909445 
3511,3022,333.90,6.910077 
3512,3024,334.33,6.917921 
3513,3024,334.33,6.911342 
3514,3024,334.33,6.911974 
3515,3008,330.84,6.912606 
3516,3024,334.33,6.970933 
3517,3021,333.68,6.913877 
3518,3021,333.68,6.925327 
3519,3015,332.37,6.925961 
3520,3015,332.37,6.948230 
3521,3020,333.46,6.948867 
3522,3021,333.68,6.931474 
3523,3014,332.15,6.928501 
3524,3022,333.90,6.954377 
3525,3023,334.11,6.926166 
3526,3019,333.24,6.923193 
3527,3021,333.68,6.938249 
3528,3015,332.37,6.931672 
3529,3003,329.75,6.953941 
3530,3017,332.81,6.997849 
3531,3019,333.24,6.948009 
3532,3018,333.02,6.941432 
3533,3009,331.06,6.945673 
3534,3017,332.81,6.978761 
3535,3017,332.81,6.950553 
3536,3021,333.68,6.951189 
3537,3020,333.46,6.937400 
3538,3018,333.02,6.941640 
3539,3021,333.68,6.949486 
3540,3017,332.81,6.939302 
3541,3127,356.79,6.954360 
3542,3020,333.46,6.558338 
3543,3018,333.02,6.944756 
3544,3024,334.33,6.952602 
3545,3018,333.02,6.931601 
3546,3015,332.37,6.953869 
3547,3024,334.33,6.965322 
3548,3017,332.81,6.933504 
3549,2982,325.18,6.959378 
3550,3012,331.72,7.086223 
3551,3027,334.99,6.978697 
3552,3026,334.77,6.925246 
3553,3025,334.55,6.929482 
3554,3024,334.33,6.933719 
3555,3027,334.99,6.937956 
3556,3017,332.81,6.927770 
3557,3024,334.33,6.964460 
3558,3025,334.55,6.939854 
3559,3022,333.90,6.936880 
3560,3024,334.33,6.948329 
3561,3011,331.50,6.941750 
3562,3025,334.55,6.989260 
3563,3024,334.33,6.939415 
3564,3019,333.24,6.943652 
3565,3018,333.02,6.962314 
3566,3010,331.28,6.966554 
3567,3024,334.33,6.996037 
3568,3024,334.33,6.946192 
3569,3019,333.24,6.946824 
3570,3035,336.73,6.965486 
3571,3024,334.33,6.908424 
3572,3021,333.68,6.948717 
3573,3018,333.02,6.960166 
3574,3019,333.24,6.971618 
3575,3024,334.33,6.968647 
3576,3025,334.55,6.951252 
3577,3024,334.33,6.948277 
3578,3024,334.33,6.952515 
3579,3019,333.24,6.953146 
3580,3015,332.37,6.971808 
3581,3023,334.11,6.986867 
3582,3022,333.90,6.958655 
3583,3023,334.11,6.962894 
3584,3042,338.26,6.959920 
3585,3054,340.87,6.892039 
3586,3024,334.33,6.849390 
3587,3019,333.24,6.958186 
3588,3021,333.68,6.976848 
3589,3023,334.11,6.970270 
3590,3022,333.90,6.963692 
3591,3023,334.11,6.967930 
3592,3024,334.33,6.964957 
3593,3024,334.33,6.961984 
3594,3024,334.33,6.962615 
3595,3024,334.33,6.963247 
3596,3030,335.64,6.963879 
3597,3024,334.33,6.942875 
3598,3026,334.77,6.965140 
3599,3025,334.55,6.958560 
3600,3026,334.77,6.962797 
3601,3024,334.33,6.959822 
3602,3024,334.33,6.967665 
3603,3021,333.68,6.968297 
3604,3024,334.33,6.979746 
3605,3027,334.99,6.969562 
3606,3023,334.11,6.959376 
3607,3024,334.33,6.974430 
3608,3024,334.33,6.971457 
3609,3024,334.33,6.972088 
3610,3025,334.55,6.972720 
3611,3024,334.33,6.969746 
3612,3012,331.72,6.973983 
3613,3022,333.90,7.017887 
3614,3024,334.33,6.982465 
3615,3023,334.11,6.975886 
3616,3024,334.33,6.980124 
3617,3018,333.02,6.977150 
3618,3012,331.72,6.999419 
3619,3024,334.33,7.021689 
3620,3019,333.24,6.979055 
3621,3022,333.90,6.997717 
3622,3024,334.33,6.987534 
3623,3020,333.46,6.980955 
3624,3024,334.33,6.996011 
3625,3023,334.11,6.982221 
3626,3024,334.33,6.986458 
3627,3023,334.11,6.983485 
3628,3020,333.46,6.987722 
3629,3023,334.11,6.999173 
3630,3024,334.33,6.988989 
3631,3024,334.33,6.986016 
3632,3035,336.73,6.986648 
3633,3025,334.55,6.947613 
3634,3024,334.33,6.984300 
3635,3024,334.33,6.988537 
3636,3024,334.33,6.989169 
3637,3019,333.24,6.989800 
3638,3023,334.11,7.008462 
3639,3024,334.33,6.994673 
3640,3026,334.77,6.991699 
3641,3024,334.33,6.985119 
3642,3025,334.55,6.992962 
3643,3027,334.99,6.989988 
3644,3024,334.33,6.983407 
3645,3024,334.33,6.994856 
3646,3027,334.99,6.995488 
3647,3026,334.77,6.985301 
3648,3029,335.42,6.989538 
3649,3025,334.55,6.979351 
3650,3029,335.42,6.994404 
3651,3027,334.99,6.980611 
3652,3038,337.38,6.988453 
3653,3026,334.77,6.949417 
3654,3025,334.55,6.993313 
3655,3030,335.64,6.997550 
3656,3024,334.33,6.980152 
3657,3031,335.86,7.002417 
3658,3035,336.73,6.977807 
3659,3031,335.86,6.964011 
3660,3029,335.42,6.979061 
3661,3026,334.77,6.986901 
3662,3031,335.86,6.998348 
3663,3023,334.11,6.980949 
3664,3024,334.33,7.010425 
3665,3031,335.86,7.007452 
3666,3024,334.33,6.982842 
3667,3035,336.73,7.008712 
3668,3027,334.99,6.969678 
3669,3027,334.99,6.999152 
3670,3031,335.86,6.999783 
3671,3025,334.55,6.985989 
3672,3036,336.95,7.008253 
3673,3026,334.77,6.969218 
3674,3031,335.86,7.005904 
3675,3028,335.20,6.988505 
3676,3029,335.42,6.999951 
3677,3031,335.86,6.996975 
3678,3024,334.33,6.990392 
3679,3031,335.86,7.016262 
3680,3034,336.51,6.991652 
3681,3037,337.17,6.981463 
3682,3036,336.95,6.971272 
3683,3027,334.99,6.975502 
3684,3031,335.86,7.008582 
3685,3033,336.29,6.994788 
3686,3037,337.17,6.988204 
3687,3008,330.84,6.974408 
3688,3031,335.86,7.079607 
3689,3030,335.64,6.997309 
3690,3028,335.20,7.001543 
3691,3029,335.42,7.009384 
3692,3029,335.42,7.006408 
3693,3029,335.42,7.007037 
3694,3040,337.82,7.007667 
3695,3031,335.86,6.968630 
3696,3030,335.64,7.001708 
3697,3019,333.24,7.005941 
3698,3019,333.24,7.046236 
3699,3028,335.20,7.046871 
3700,3027,334.99,7.015051 
3701,3029,335.42,7.019287 
3702,3027,334.99,7.012705 
3703,3030,335.64,7.020547 
3704,3031,335.86,7.010359 
3705,3025,334.55,7.007382 
3706,3031,335.86,7.029646 
3707,3027,334.99,7.008641 
3708,3025,334.55,7.023694 
3709,3056,341.31,7.031536 
3710,3026,334.77,6.920382 
3711,3027,334.99,7.029177 
3712,3027,334.99,7.026202 
3713,3024,334.33,7.026832 
3714,3010,331.28,7.038280 
3715,3025,334.55,7.089396 
3716,3026,334.77,7.035945 
3717,3025,334.55,7.032970 
3718,3024,334.33,7.037208 
3719,3026,334.77,7.041445 
3720,3025,334.55,7.034864 
3721,3028,335.20,7.039102 
3722,3026,334.77,7.028914 
3723,3013,331.93,7.036757 
3724,3030,335.64,7.084265 
3725,3027,334.99,7.023601 
3726,3035,336.73,7.035048 
3727,3030,335.64,7.006830 
3728,3037,337.17,7.025486 
3729,3031,335.86,7.000874 
3730,3031,335.86,7.023134 
3731,3030,335.64,7.023763 
3732,3030,335.64,7.027997 
3733,3034,336.51,7.028625 
3734,3039,337.60,7.014831 
3735,3034,336.51,6.997427 
3736,3033,336.29,7.016081 
3737,3035,336.73,7.020314 
3738,3025,334.55,7.013729 
3739,3018,333.02,7.050415 
3740,3035,336.73,7.076289 
3741,3046,339.13,7.015621 
3742,3027,334.99,6.976582 
3743,3033,336.29,7.045716 
3744,3035,336.73,7.024710 
3745,3039,337.60,7.018126 
3746,3033,336.29,7.004328 
3747,3033,336.29,7.026588 
3748,3036,336.95,7.027215 
3749,3034,336.51,7.017025 
3750,3019,333.24,7.024862 
3751,3034,336.51,7.079578 
3752,3031,335.86,7.026124 
3753,3031,335.86,7.037568 
3754,3036,336.95,7.038196 
3755,3028,335.20,7.020794 
3756,3029,335.42,7.050268 
3757,3030,335.64,7.047292 
3758,3029,335.42,7.044315 
3759,3035,336.73,7.048550 
3760,3028,335.20,7.027543 
3761,3026,334.77,7.053411 
3762,3030,335.64,7.061253 
3763,3035,336.73,7.047460 
3764,3023,334.11,7.030059 
3765,3034,336.51,7.073956 
3766,3036,336.95,7.034924 
3767,3035,336.73,7.028338 
3768,3030,335.64,7.032569 
3769,3039,337.60,7.051226 
3770,3029,335.42,7.019401 
3771,3034,336.51,7.056085 
3772,3031,335.86,7.038684 
3773,3031,335.86,7.050129 
3774,3036,336.95,7.050757 
3775,3031,335.86,7.033355 
3776,3034,336.51,7.052011 
3777,3037,337.17,7.041821 
3778,3043,338.47,7.031630 
3779,3038,337.38,7.010619 
3780,3038,337.38,7.029271 
3781,3037,337.17,7.029896 
3782,3038,337.38,7.034127 
3783,3037,337.17,7.031146 
3784,3033,336.29,7.035377 
3785,3030,335.64,7.050425 
3786,3031,335.86,7.061870 
3787,3030,335.64,7.058893 
3788,3036,336.95,7.063127 
3789,2990,326.92,7.042120 
3790,3029,335.42,7.208621 
3791,3031,335.86,7.068637 
3792,3029,335.42,7.062055 
3793,3038,337.38,7.069895 
3794,3037,337.17,7.038070 
3795,3056,341.31,7.042301 
3796,3033,336.29,6.974412 
3797,3034,336.51,7.057965 
3798,3025,334.55,7.054986 
3799,3035,336.73,7.088067 
3800,3041,338.04,7.052639 
3801,3040,337.82,7.031629 
3802,3042,338.26,7.035858 
3803,3032,336.08,7.029269 
3804,3035,336.73,7.065952 
3805,3038,337.38,7.055761 
3806,3035,336.73,7.045570 
3807,3039,337.60,7.057012 
3808,3033,336.29,7.043215 
3809,3039,337.60,7.065475 
3810,3037,337.17,7.044466 
3811,3040,337.82,7.052302 
3812,3038,337.38,7.042109 
3813,3038,337.38,7.049945 
3814,3037,337.17,7.050570 
3815,3039,337.60,7.054800 
3816,3034,336.51,7.048213 
3817,3035,336.73,7.066867 
3818,3038,337.38,7.063888 
3819,3050,340.00,7.053696 
3820,3043,338.47,7.011049 
3821,3043,338.47,7.036909 
3822,3042,338.26,7.037531 
3823,3037,337.17,7.041759 
3824,3039,337.60,7.060412 
3825,3035,336.73,7.053825 
3826,3038,337.38,7.068873 
3827,3045,338.91,7.058681 
3828,3042,338.26,7.034064 
3829,3034,336.51,7.045503 
3830,3041,338.04,7.074973 
3831,3035,336.73,7.050358 
3832,3035,336.73,7.072617 
3833,3034,336.51,7.073243 
3834,3038,337.38,7.077476 
3835,3039,337.60,7.063678 
3836,3043,338.47,7.060697 
3837,3028,335.20,7.046897 
3838,3032,336.08,7.101608 
3839,3034,336.51,7.087815 
3840,3031,335.86,7.081231 
3841,3056,341.31,7.092675 
3842,3038,337.38,7.003153 
3843,3040,337.82,7.068676 
3844,3031,335.86,7.062089 
3845,3035,336.73,7.095167 
3846,3038,337.38,7.081371 
3847,3036,336.95,7.071179 
3848,3036,336.95,7.079016 
3849,3038,337.38,7.079641 
3850,3042,338.26,7.073055 
3851,3040,337.82,7.059256 
3852,3041,338.04,7.067090 
3853,3042,338.26,7.064108 
3854,3043,338.47,7.061125 
3855,3042,338.26,7.058142 
3856,3038,337.38,7.062369 
3857,3036,336.95,7.077416 
3858,3042,338.26,7.085253 
3859,3043,338.47,7.064242 
3860,3039,337.60,7.061259 
3861,3047,339.35,7.076305 
3862,3039,337.60,7.048081 
3863,3036,336.95,7.077549 
3864,3039,337.60,7.088991 
3865,3040,337.82,7.078799 
3866,3039,337.60,7.075817 
3867,3043,338.47,7.080047 
3868,3031,335.86,7.066247 
3869,3067,343.71,7.110140 
3870,3034,336.51,6.980954 
3871,3037,337.17,7.100561 
3872,3042,338.26,7.090369 
3873,3039,337.60,7.072964 
3874,3041,338.04,7.084405 
3875,3038,337.38,7.077817 
3876,3035,336.73,7.089258 
3877,3041,338.04,7.100700 
3878,3042,338.26,7.079691 
3879,3040,337.82,7.076708 
3880,3042,338.26,7.084542 
3881,3039,337.60,7.077954 
3882,3039,337.60,7.089395 
3883,3039,337.60,7.090019 
3884,3031,335.86,7.090643 
3885,3042,338.26,7.120115 
3886,3031,335.86,7.081077 
3887,3037,337.17,7.121366 
3888,3035,336.73,7.100358 
3889,3037,337.17,7.108195 
3890,3046,339.13,7.101609 
3891,3024,334.33,7.069781 
3892,3045,338.91,7.149733 
3893,3039,337.60,7.074639 
3894,3041,338.04,7.096896 
3895,3043,338.47,7.090308 
3896,3041,338.04,7.083719 
3897,3043,338.47,7.091553 
3898,3044,338.69,7.084964 
3899,3051,340.22,7.081980 
3900,3047,339.35,7.057360 
3901,3041,338.04,7.072402 
3902,3038,337.38,7.094657 
3903,3038,337.38,7.106098 
3904,3045,338.91,7.106723 
3905,3039,337.60,7.082106 
3906,3037,337.17,7.104363 
3907,3040,337.82,7.112199 
3908,3039,337.60,7.102005 
3909,3037,337.17,7.106236 
3910,3040,337.82,7.114072 
3911,3039,337.60,7.103878 
3912,3035,336.73,7.108109 
3913,3040,337.82,7.123156 
3914,3043,338.47,7.105752 
3915,3035,336.73,7.095558 
3916,3039,337.60,7.125028 
3917,3033,336.29,7.111230 
3918,3034,336.51,7.133490 
3919,3035,336.73,7.130512 
3920,3047,339.35,7.127532 
3921,3035,336.73,7.084887 
3922,3034,336.51,7.128778 
3923,3039,337.60,7.133010 
3924,3039,337.60,7.115607 
3925,3037,337.17,7.116231 
3926,3035,336.73,7.124068 
3927,3026,334.77,7.131904 
3928,3033,336.29,7.164984 
3929,3035,336.73,7.140373 
3930,3041,338.04,7.133789 
3931,3039,337.60,7.112779 
3932,3041,338.04,7.120614 
3933,3035,336.73,7.114027 
3934,3036,336.95,7.136285 
3935,3041,338.04,7.133306 
3936,3040,337.82,7.115901 
3937,3047,339.35,7.120130 
3938,3039,337.60,7.095512 
3939,3040,337.82,7.124980 
3940,3050,340.00,7.121998 
3941,3040,337.82,7.086562 
3942,3041,338.04,7.123240 
3943,3038,337.38,7.120257 
3944,3043,338.47,7.131698 
3945,3045,338.91,7.114293 
3946,3041,338.04,7.107703 
3947,3047,339.35,7.122748 
3948,3047,339.35,7.101735 
3949,3037,337.17,7.102355 
3950,3042,338.26,7.139035 
3951,3046,339.13,7.121630 
3952,3045,338.91,7.107829 
3953,3051,340.22,7.112055 
3954,3045,338.91,7.091041 
3955,3050,340.00,7.113294 
3956,3042,338.26,7.095885 
3957,3051,340.22,7.125351 
3958,3043,338.47,7.093521 
3959,3041,338.04,7.122986 
3960,3048,339.56,7.130820 
3961,3056,341.31,7.106201 
3962,3006,330.41,7.077972 
3963,3044,338.69,7.258887 
3964,3050,340.00,7.122501 
3965,3044,338.69,7.101487 
3966,3044,338.69,7.123741 
3967,3047,339.35,7.124362 
3968,3045,338.91,7.114166 
3969,3047,339.35,7.121998 
3970,3041,338.04,7.115407 
3971,3046,339.13,7.137663 
3972,3046,339.13,7.120256 
3973,3043,338.47,7.120876 
3974,3051,340.22,7.132315 
3975,3043,338.47,7.104089 
3976,3042,338.26,7.133555 
3977,3047,339.35,7.137783 
3978,3042,338.26,7.120375 
3979,3054,340.87,7.139025 
3980,3043,338.47,7.096376 
3981,3043,338.47,7.136658 
3982,3045,338.91,7.137280 
3983,3044,338.69,7.130690 
3984,3046,339.13,7.134917 
3985,3054,340.87,7.128327 
3986,3051,340.22,7.100099 
3987,3053,340.65,7.111534 
3988,3052,340.44,7.104939 
3989,3046,339.13,7.109162 
3990,3049,339.78,7.131416 
3991,3050,340.00,7.121218 
3992,3071,344.58,7.118231 
3993,3046,339.13,7.043124 
3994,3045,338.91,7.133881 
3995,3049,339.78,7.138107 
3996,3050,340.00,7.124304 
3997,3045,338.91,7.121317 
3998,3047,339.35,7.139966 
3999,3047,339.35,7.133375 
4000,3053,340.65,7.133995 
4001,3050,340.00,7.112979 
4002,3047,339.35,7.124413 
4003,3047,339.35,7.135849 
4004,3045,338.91,7.136470 
4005,3044,338.69,7.144301 
4006,3044,338.69,7.148529 
4007,3041,338.04,7.149150 
4008,3042,338.26,7.160590 
4009,3042,338.26,7.157607 
4010,3047,339.35,7.158229 
4011,3042,338.26,7.140822 
4012,3041,338.04,7.159472 
4013,3043,338.47,7.163700 
4014,3040,337.82,7.157111 
4015,3042,338.26,7.168551 
4016,3047,339.35,7.161963 
4017,3043,338.47,7.144556 
4018,3038,337.38,7.159599 
4019,3047,339.35,7.178251 
4020,3045,338.91,7.146422 
4021,3047,339.35,7.154254 
4022,3043,338.47,7.147663 
4023,3046,339.13,7.162707 
4024,3041,338.04,7.152511 
4025,3050,340.00,7.171162 
4026,3046,339.13,7.139331 
4027,3046,339.13,7.154373 
4028,3043,338.47,7.154994 
4029,3046,339.13,7.166432 
4030,3046,339.13,7.156236 
4031,3135,358.53,7.156857 
4032,3047,339.35,6.836545 
4033,3051,340.22,7.154445 
4034,3050,340.00,7.140642 
4035,3047,339.35,7.144865 
4036,3039,337.60,7.156301 
4037,3042,338.26,7.185770 
4038,3054,340.87,7.175575 
4039,3035,336.73,7.132926 
4040,3052,340.44,7.202056 
4041,3045,338.91,7.141381 
4042,3052,340.44,7.167240 
4043,3055,341.09,7.142619 
4044,3056,341.31,7.132419 
4045,3050,340.00,7.129428 
4046,3049,339.78,7.151680 
4047,3054,340.87,7.155904 
4048,3056,341.31,7.138493 
4049,3050,340.00,7.131897 
4050,3056,341.31,7.154149 
4051,3056,341.31,7.133131 
4052,3054,340.87,7.133746 
4053,3054,340.87,7.141573 
4054,3051,340.22,7.142190 
4055,3051,340.22,7.153624 
4056,3056,341.31,7.154242 
4057,3053,340.65,7.136830 
4058,3046,339.13,7.148263 
4059,3047,339.35,7.174122 
4060,3054,340.87,7.171136 
4061,3055,341.09,7.146514 
4062,3056,341.31,7.143525 
4063,3053,340.65,7.140534 
4064,3051,340.22,7.151968 
4065,3047,339.35,7.159797 
4066,3053,340.65,7.174838 
4067,3053,340.65,7.153822 
4068,3057,341.53,7.154439 
4069,3042,338.26,7.140632 
4070,3051,340.22,7.195336 
4071,3056,341.31,7.163506 
4072,3043,338.47,7.146093 
4073,3046,339.13,7.193586 
4074,3049,339.78,7.183391 
4075,3029,335.42,7.173193 
4076,3047,339.35,7.245932 
4077,3053,340.65,7.181653 
4078,3045,338.91,7.160637 
4079,3043,338.47,7.190102 
4080,3056,341.31,7.197935 
4081,3049,339.78,7.151679 
4082,3057,341.53,7.177536 
4083,3046,339.13,7.149307 
4084,3057,341.53,7.189588 
4085,3055,341.09,7.150543 
4086,3053,340.65,7.158370 
4087,3056,341.31,7.166197 
4088,3056,341.31,7.155996 
4089,3061,342.40,7.156611 
4090,3051,340.22,7.139196 
4091,3052,340.44,7.175869 
4092,3057,341.53,7.172881 
4093,3056,341.31,7.155468 
4094,3056,341.31,7.159689 
4095,3056,341.31,7.160305 
4096,3065,343.27,7.160920 
4097,3056,341.31,7.129082 
4098,3054,340.87,7.162146 
4099,3054,340.87,7.169973 
4100,3062,342.62,7.170589 
4101,3053,340.65,7.142358 
4102,3051,340.22,7.175424 
4103,3054,340.87,7.183253 
4104,3043,338.47,7.173052 
4105,3056,341.31,7.213335 
4106,3054,340.87,7.167079 
4107,3051,340.22,7.174906 
4108,3049,339.78,7.186341 
4109,3055,341.09,7.194170 
4110,3054,340.87,7.173153 
4111,3052,340.44,7.177375 
4112,3040,337.82,7.185204 
4113,3055,341.09,7.229093 
4114,3051,340.22,7.175626 
4115,3049,339.78,7.190666 
4116,3051,340.22,7.198496 
4117,3051,340.22,7.191903 
4118,3043,338.47,7.192521 
4119,3050,340.00,7.221987 
4120,3044,338.69,7.197367 
4121,3050,340.00,7.219621 
4122,3053,340.65,7.198606 
4123,3049,339.78,7.188407 
4124,3061,342.40,7.203448 
4125,3056,341.31,7.160795 
4126,3053,340.65,7.179437 
4127,3050,340.00,7.190871 
4128,3053,340.65,7.202306 
4129,3056,341.31,7.192106 
4130,3053,340.65,7.181905 
4131,3053,340.65,7.193338 
4132,3069,344.14,7.193955 
4133,3061,342.40,7.136876 
4134,3056,341.31,7.166332 
4135,3063,342.83,7.184975 
4136,3067,343.71,7.160348 
4137,3042,338.26,7.146536 
4138,3056,341.31,7.237295 
4139,3054,340.87,7.187434 
4140,3056,341.31,7.195261 
4141,3056,341.31,7.188666 
4142,3054,340.87,7.189281 
4143,3046,339.13,7.197108 
4144,3035,336.73,7.226573 
4145,3058,341.74,7.266859 
4146,3055,341.09,7.184547 
4147,3050,340.00,7.195980 
4148,3041,338.04,7.214625 
4149,3056,341.31,7.247698 
4150,3054,340.87,7.194231 
4151,3055,341.09,7.202058 
4152,3051,340.22,7.199069 
4153,3042,338.26,7.214108 
4154,3050,340.00,7.247180 
4155,3055,341.09,7.218955 
4156,3056,341.31,7.201543 
4157,3056,341.31,7.198553 
4158,3053,340.65,7.199168 
4159,3053,340.65,7.210602 
4160,3049,339.78,7.211218 
4161,3055,341.09,7.226259 
4162,3049,339.78,7.205242 
4163,3046,339.13,7.227494 
4164,3043,338.47,7.238931 
4165,3049,339.78,7.250369 
4166,3058,341.74,7.229355 
4167,3053,340.65,7.197521 
4168,3060,342.18,7.216165 
4169,3059,341.96,7.191540 
4170,3056,341.31,7.195758 
4171,3055,341.09,7.207190 
4172,3054,340.87,7.211411 
4173,3052,340.44,7.215633 
4174,3056,341.31,7.223462 
4175,3058,341.74,7.209655 
4176,3058,341.74,7.203059 
4177,3056,341.31,7.203673 
4178,3056,341.31,7.211499 
4179,3056,341.31,7.212114 
4180,3056,341.31,7.212729 
4181,3051,340.22,7.213345 
4182,3056,341.31,7.231990 
4183,3059,341.96,7.214578 
4184,3054,340.87,7.204375 
4185,3054,340.87,7.223019 
4186,3051,340.22,7.223635 
4187,3059,341.96,7.235070 
4188,3053,340.65,7.206840 
4189,3051,340.22,7.229089 
4190,3051,340.22,7.236918 
4191,3056,341.31,7.237536 
4192,3054,340.87,7.220124 
4193,3056,341.31,7.227951 
4194,3058,341.74,7.221355 
4195,3056,341.31,7.214759 
4196,3050,340.00,7.222585 
4197,3051,340.22,7.244836 
4198,3050,340.00,7.241849 
4199,3057,341.53,7.246072 
4200,3052,340.44,7.221449 
4201,3051,340.22,7.240094 
4202,3049,339.78,7.244317 
4203,3050,340.00,7.252147 
4204,3055,341.09,7.249160 
4205,3053,340.65,7.231748 
4206,3053,340.65,7.239576 
4207,3053,340.65,7.240193 
4208,3058,341.74,7.240810 
4209,3053,340.65,7.223397 
4210,3056,341.31,7.242041 
4211,3056,341.31,7.231839 
4212,3038,337.38,7.232455 
4213,3057,341.53,7.297978 
4214,3055,341.09,7.230089 
4215,3056,341.31,7.237916 
4216,3055,341.09,7.234925 
4217,3059,341.96,7.239147 
4218,3056,341.31,7.225338 
4219,3055,341.09,7.236770 
4220,3058,341.74,7.240992 
4221,3051,340.22,7.230790 
4222,3052,340.44,7.256646 
4223,3057,341.53,7.253657 
4224,3056,341.31,7.236245 
4225,3055,341.09,7.240465 
4226,3058,341.74,7.244687 
4227,3061,342.40,7.234485 
4228,3056,341.31,7.224281 
4229,3056,341.31,7.242923 
4230,3055,341.09,7.243539 
4231,3065,343.27,7.247760 
4232,3082,346.98,7.212317 
4233,3056,341.31,7.151625 
4234,3056,341.31,7.245982 
4235,3062,342.62,7.246597 
4236,3055,341.09,7.225577 
4237,3061,342.40,7.251431 
4238,3056,341.31,7.230411 
4239,3050,340.00,7.249053 
4240,3081,346.76,7.271305 
4241,3056,341.31,7.160138 
4242,3060,342.18,7.250889 
4243,3056,341.31,7.237081 
4244,3061,342.40,7.252118 
4245,3057,341.53,7.234704 
4246,3056,341.31,7.249740 
4247,3059,341.96,7.253961 
4248,3057,341.53,7.243758 
4249,3059,341.96,7.251584 
4250,3058,341.74,7.244987 
4251,3061,342.40,7.249207 
4252,3068,343.92,7.239003 
4253,3056,341.31,7.214374 
4254,3056,341.31,7.258254 
4255,3056,341.31,7.258870 
4256,3066,343.49,7.259485 
4257,3059,341.96,7.224041 
4258,3056,341.31,7.249892 
4259,3056,341.31,7.261324 
4260,3062,342.62,7.261939 
4261,3059,341.96,7.240919 
4262,3058,341.74,7.252349 
4263,3056,341.31,7.256569 
4264,3057,341.53,7.264395 
4265,3063,342.83,7.261404 
4266,3057,341.53,7.240383 
4267,3058,341.74,7.262630 
4268,3056,341.31,7.259640 
4269,3058,341.74,7.267466 
4270,3069,344.14,7.260869 
4271,3054,340.87,7.221817 
4272,3063,342.83,7.276515 
4273,3059,341.96,7.244678 
4274,3059,341.96,7.259714 
4275,3063,342.83,7.260327 
4276,3061,342.40,7.246517 
4277,3057,341.53,7.254341 
4278,3059,341.96,7.269377 
4279,3061,342.40,7.262780 
4280,3063,342.83,7.256182 
4281,3058,341.74,7.249583 
4282,3062,342.62,7.268225 
4283,3001,329.32,7.254415 
4284,3061,342.40,7.474992 
4285,3056,341.31,7.259276 
4286,3063,342.83,7.277919 
4287,3060,342.18,7.253293 
4288,3058,341.74,7.264722 
4289,3060,342.18,7.272548 
4290,3088,348.28,7.265950 
4291,3056,341.31,7.165596 
4292,3066,343.49,7.281585 
4293,3050,340.00,7.246141 
4294,3060,342.18,7.304447 
4295,3056,341.31,7.269005 
4296,3057,341.53,7.284042 
4297,3058,341.74,7.281052 
4298,3056,341.31,7.278061 
4299,3056,341.31,7.285887 
4300,3056,341.31,7.286502 
4301,3066,343.49,7.287117 
4302,3055,341.09,7.251673 
4303,3059,341.96,7.291949 
4304,3063,342.83,7.278141 
4305,3062,342.62,7.264330 
4306,3056,341.31,7.268548 
4307,3056,341.31,7.290796 
4308,3057,341.53,7.291411 
4309,3056,341.31,7.288421 
4310,3056,341.31,7.292641 
4311,3055,341.09,7.293257 
4312,3058,341.74,7.297478 
4313,3056,341.31,7.287276 
4314,3071,344.58,7.295102 
4315,3056,341.31,7.241628 
4316,3059,341.96,7.296325 
4317,3046,339.13,7.286122 
4318,3063,342.83,7.333614 
4319,3063,342.83,7.272933 
4320,3066,343.49,7.273544 
4321,3051,340.22,7.263338 
4322,3061,342.40,7.318038 
4323,3058,341.74,7.282596 
4324,3056,341.31,7.294027 
4325,3056,341.31,7.301852 
4326,3057,341.53,7.302468 
4327,3058,341.74,7.299477 
4328,3059,341.96,7.296486 
4329,3056,341.31,7.293494 
4330,3058,341.74,7.304926 
4331,3056,341.31,7.298329 
4332,3056,341.31,7.306155 
4333,3061,342.40,7.306771 
4334,3057,341.53,7.289356 
4335,3061,342.40,7.304393 
4336,3049,339.78,7.290584 
4337,3070,344.36,7.334468 
4338,3056,341.31,7.259362 
4339,3056,341.31,7.310453 
4340,3056,341.31,7.311068 
4341,3056,341.31,7.311684 
4342,3061,342.40,7.312299 
4343,3058,341.74,7.294884 
4344,3059,341.96,7.306315 
4345,3056,341.31,7.303323 
4346,3061,342.40,7.314755 
4347,3058,341.74,7.297340 
4348,3058,341.74,7.308771 
4349,3056,341.31,7.309385 
4350,3055,341.09,7.317211 
4351,3059,341.96,7.321433 
4352,3062,342.62,7.307624 
4353,3063,342.83,7.297421 
4354,3060,342.18,7.294426 
4355,3061,342.40,7.305856 
4356,3065,343.27,7.302863 
4357,3063,342.83,7.289052 
4358,3063,342.83,7.296875 
4359,3063,342.83,7.297486 
4360,3062,342.62,7.298098 
4361,3056,341.31,7.302316 
4362,3059,341.96,7.324564 
4363,3069,344.14,7.314361 
4364,3059,341.96,7.278915 
4365,3057,341.53,7.315583 
4366,3061,342.40,7.323409 
4367,3061,342.40,7.309600 
4368,3058,341.74,7.310213 
4369,3061,342.40,7.321643 
4370,3059,341.96,7.311440 
4371,3065,343.27,7.319264 
4372,3070,344.36,7.298242 
4373,3061,342.40,7.280823 
4374,3058,341.74,7.313885 
4375,3061,342.40,7.325315 
4376,3059,341.96,7.315112 
4377,3056,341.31,7.322936 
4378,3055,341.09,7.334368 
4379,3063,342.83,7.338589 
4380,3058,341.74,7.310357 
4381,3058,341.74,7.328999 
4382,3063,342.83,7.329613 
4383,3056,341.31,7.312197 
4384,3060,342.18,7.338051 
4385,3063,342.83,7.324243 
4386,3060,342.18,7.314037 
4387,3057,341.53,7.325467 
4388,3071,344.58,7.336898 
4389,3056,341.31,7.287029 
4390,3056,341.31,7.341726 
4391,3058,341.74,7.342341 
4392,3037,337.17,7.335745 
4393,3059,341.96,7.412085 
4394,3060,342.18,7.333378 
4395,3061,342.40,7.330387 
4396,3067,343.71,7.327394 
4397,3062,342.62,7.306370 
4398,3061,342.40,7.325010 
4399,3061,342.40,7.329228 
4400,3056,341.31,7.329841 
4401,3063,342.83,7.348483 
4402,3061,342.40,7.323856 
4403,3058,341.74,7.331680 
4404,3058,341.74,7.343111 
4405,3063,342.83,7.343725 
4406,3062,342.62,7.326309 
4407,3062,342.62,7.330527 
4408,3062,342.62,7.331140 
4409,3065,343.27,7.331751 
4410,3063,342.83,7.321546 
4411,3069,344.14,7.329368 
4412,3064,343.05,7.308344 
4413,3065,343.27,7.326982 
4414,3061,342.40,7.323988 
4415,3058,341.74,7.339022 
4416,3062,342.62,7.350453 
4417,3066,343.49,7.336643 
4418,3071,344.58,7.322831 
4419,3063,342.83,7.305412 
4420,3067,343.71,7.334867 
4421,3063,342.83,7.321055 
4422,3062,342.62,7.336088 
4423,3069,344.14,7.340306 
4424,3069,344.14,7.315676 
4425,3062,342.62,7.316285 
4426,3050,340.00,7.342135 
4427,3060,342.18,7.386019 
4428,3056,341.31,7.350578 
4429,3059,341.96,7.365614 
4430,3040,337.82,7.355412 
4431,3063,342.83,7.424540 
4432,3058,341.74,7.342226 
4433,3058,341.74,7.360868 
4434,3070,344.36,7.361482 
4435,3061,342.40,7.318824 
4436,3059,341.96,7.351886 
4437,3062,342.62,7.359710 
4438,3062,342.62,7.349506 
4439,3058,341.74,7.350118 
4440,3062,342.62,7.365155 
4441,3067,343.71,7.351345 
4442,3031,335.86,7.333927 
4443,3068,343.92,7.464352 
4444,3061,342.40,7.331559 
4445,3062,342.62,7.357409 
4446,3063,342.83,7.354416 
4447,3063,342.83,7.351422 
4448,3071,344.58,7.352034 
4449,3067,343.71,7.323798 
4450,3049,339.78,7.338830 
4451,3081,346.76,7.404346 
4452,3071,344.58,7.289575 
4453,3069,344.14,7.326237 
4454,3065,343.27,7.334056 
4455,3059,341.96,7.349089 
4456,3071,344.58,7.371335 
4457,3067,343.71,7.328677 
4458,3071,344.58,7.343709 
4459,3056,341.31,7.329894 
4460,3062,342.62,7.384591 
4461,3063,342.83,7.363571 
4462,3063,342.83,7.360577 
4463,3059,341.96,7.361188 
4464,3070,344.36,7.376224 
4465,3070,344.36,7.337173 
4466,3056,341.31,7.337780 
4467,3066,343.49,7.388872 
4468,3061,342.40,7.353427 
4469,3065,343.27,7.372067 
4470,3059,341.96,7.358256 
4471,3060,342.18,7.380503 
4472,3067,343.71,7.377511 
4473,3069,344.14,7.352882 
4474,3068,343.92,7.346279 
4475,3047,339.35,7.350493 
4476,3071,344.58,7.426828 
4477,3071,344.58,7.340905 
4478,3067,343.71,7.341512 
4479,3071,344.58,7.356544 
4480,3069,344.14,7.342730 
4481,3071,344.58,7.350549 
4482,3069,344.14,7.343946 
4483,3068,343.92,7.351765 
4484,3071,344.58,7.355979 
4485,3071,344.58,7.345771 
4486,3071,344.58,7.346378 
4487,3070,344.36,7.346986 
4488,3068,343.92,7.351200 
4489,3089,348.50,7.359019 
4490,3063,342.83,7.283903 
4491,3063,342.83,7.378256 
4492,3069,344.14,7.378868 
4493,3068,343.92,7.357844 
4494,3082,346.98,7.362058 
4495,3069,344.14,7.312183 
4496,3067,343.71,7.359663 
4497,3069,344.14,7.367484 
4498,3061,342.40,7.360881 
4499,3061,342.40,7.390337 
4500,3065,343.27,7.390950 
4501,3058,341.74,7.377139 
4502,3066,343.49,7.402992 
4503,3069,344.14,7.374758 
4504,3063,342.83,7.364550 
4505,3070,344.36,7.386795 
4506,3064,343.05,7.362164 
4507,3071,344.58,7.384408 
4508,3066,343.49,7.359777 
4509,3067,343.71,7.378415 
4510,3061,342.40,7.375419 
4511,3062,342.62,7.397665 
4512,3062,342.62,7.394671 
4513,3063,342.83,7.395284 
4514,3066,343.49,7.392290 
4515,3071,344.58,7.382083 
4516,3061,342.40,7.364664 
4517,3067,343.71,7.401331 
4518,3089,348.50,7.380308 
4519,3061,342.40,7.301586 
4520,3058,341.74,7.403151 
4521,3061,342.40,7.414582 
4522,3071,344.58,7.404378 
4523,3059,341.96,7.368931 
4524,3030,335.64,7.412810 
4525,3068,343.92,7.517997 
4526,3063,342.83,7.381599 
4527,3066,343.49,7.400238 
4528,3066,343.49,7.390032 
4529,2980,324.74,7.390642 
4530,3066,343.49,7.701366 
4531,3067,343.71,7.391907 
4532,3067,343.71,7.388911 
4533,3071,344.58,7.389521 
4534,3066,343.49,7.375706 
4535,3063,342.83,7.394343 
4536,3063,342.83,7.405771 
4537,3069,344.14,7.406383 
4538,3067,343.71,7.385359 
4539,3064,343.05,7.393179 
4540,3071,344.58,7.404607 
4541,3061,342.40,7.379976 
4542,3066,343.49,7.416644 
4543,3062,342.62,7.399226 
4544,3069,344.14,7.414260 
4545,3065,343.27,7.389631 
4546,3067,343.71,7.404664 
4547,3067,343.71,7.398062 
4548,3043,338.47,7.398672 
4549,3065,343.27,7.485825 
4550,3061,342.40,7.407115 
4551,3060,342.18,7.422149 
4552,3071,344.58,7.426368 
4553,3069,344.14,7.387316 
4554,3061,342.40,7.395135 
4555,3107,352.43,7.424592 
4556,3063,342.83,7.259329 
4557,3059,341.96,7.418581 
4558,3062,342.62,7.433617 
4559,3088,348.28,7.423412 
4560,3062,342.62,7.330269 
4561,3066,343.49,7.424623 
4562,3065,343.27,7.410811 
4563,3098,350.46,7.415028 
4564,3063,342.83,7.296641 
4565,3062,342.62,7.423443 
4566,3067,343.71,7.427661 
4567,3071,344.58,7.410244 
4568,3064,343.05,7.396429 
4569,2972,323.00,7.422279 
4570,3067,343.71,7.754640 
4571,3071,344.58,7.412731 
4572,3057,341.53,7.398916 
4573,3063,342.83,7.450007 
4574,3066,343.49,7.428986 
4575,3054,340.87,7.418780 
4576,3070,344.36,7.462662 
4577,3065,343.27,7.405583 
4578,3063,342.83,7.424221 
4579,3071,344.58,7.432043 
4580,3065,343.27,7.403807 
4581,3062,342.62,7.426051 
4582,3057,341.53,7.437479 
4583,3063,342.83,7.456121 
4584,3067,343.71,7.435100 
4585,3062,342.62,7.421288 
4586,3062,342.62,7.439927 
4587,3069,344.14,7.440539 
4588,3063,342.83,7.415910 
4589,3061,342.40,7.438154 
4590,3066,343.49,7.445978 
4591,3069,344.14,7.428560 
4592,3057,341.53,7.418353 
4593,3071,344.58,7.462233 
4594,3070,344.36,7.412364 
4595,3069,344.14,7.416578 
4596,3068,343.92,7.420792 
4597,3071,344.58,7.425006 
4598,3071,344.58,7.414797 
4599,3085,347.63,7.415405 
4600,3071,344.58,7.365529 
4601,3071,344.58,7.416613 
4602,3071,344.58,7.417220 
4603,3069,344.14,7.417828 
4604,3071,344.58,7.425647 
4605,3071,344.58,7.419044 
4606,3071,344.58,7.419651 
4607,3046,339.13,7.420259 
4608,3071,344.58,7.511016 
4609,3071,344.58,7.421486 
4610,3067,343.71,7.422094 
4611,3082,346.98,7.437126 
4612,3071,344.58,7.383645 
4613,3070,344.36,7.423913 
4614,3070,344.36,7.428127 
4615,3067,343.71,7.428735 
4616,3069,344.14,7.440161 
4617,3071,344.58,7.433558 
4618,3063,342.83,7.426955 
4619,3071,344.58,7.456410 
4620,3069,344.14,7.428174 
4621,3063,342.83,7.435993 
4622,3071,344.58,7.458238 
4623,3058,341.74,7.430001 
4624,3071,344.58,7.477487 
4625,3071,344.58,7.431223 
4626,3071,344.58,7.431831 
4627,3071,344.58,7.432438 
4628,3070,344.36,7.433046 
4629,3070,344.36,7.437260 
4630,3070,344.36,7.437868 
4631,3066,343.49,7.438476 
4632,3068,343.92,7.453507 
4633,3066,343.49,7.446905 
4634,3070,344.36,7.454726 
4635,3071,344.58,7.440913 
4636,3069,344.14,7.437915 
4637,3071,344.58,7.445734 
4638,3066,343.49,7.439131 
4639,3070,344.36,7.457768 
4640,3063,342.83,7.443954 
4641,3069,344.14,7.469804 
4642,3071,344.58,7.448780 
4643,3071,344.58,7.442176 
4644,3070,344.36,7.442784 
4645,3071,344.58,7.446998 
4646,3071,344.58,7.444000 
4647,3082,346.98,7.444607 
4648,3071,344.58,7.405549 
4649,3071,344.58,7.445817 
4650,3071,344.58,7.446424 
4651,3068,343.92,7.447031 
4652,3071,344.58,7.458457 
4653,3067,343.71,7.448248 
4654,3069,344.14,7.463280 
4655,3070,344.36,7.456677 
4656,3070,344.36,7.453680 
4657,3067,343.71,7.454288 
4658,3069,344.14,7.465714 
4659,3066,343.49,7.459111 
4660,3068,343.92,7.470538 
4661,3063,342.83,7.463936 
4662,3067,343.71,7.482574 
4663,3071,344.58,7.468763 
4664,3068,343.92,7.454948 
4665,3057,341.53,7.466373 
4666,3069,344.14,7.506649 
4667,3070,344.36,7.463992 
4668,3071,344.58,7.460994 
4669,3082,346.98,7.457996 
4670,3070,344.36,7.418938 
4671,3071,344.58,7.462811 
4672,3071,344.58,7.459814 
4673,3071,344.58,7.460421 
4674,3071,344.58,7.461029 
4675,3070,344.36,7.461636 
4676,3070,344.36,7.465850 
4677,3070,344.36,7.466458 
4678,3071,344.58,7.467066 
4679,3071,344.58,7.464067 
4680,3083,347.19,7.464675 
4681,3071,344.58,7.422011 
4682,3071,344.58,7.465884 
4683,3071,344.58,7.466491 
4684,3071,344.58,7.467099 
4685,3071,344.58,7.467706 
4686,3069,344.14,7.468314 
4687,3071,344.58,7.476133 
4688,3071,344.58,7.469530 
4689,3085,347.63,7.470138 
4690,3071,344.58,7.420261 
4691,3067,343.71,7.471345 
4692,3071,344.58,7.486377 
4693,3071,344.58,7.472562 
4694,3071,344.58,7.473170 
4695,3071,344.58,7.473777 
4696,3071,344.58,7.474385 
4697,3071,344.58,7.474992 
4698,3069,344.14,7.475600 
4699,3071,344.58,7.483419 
4700,3069,344.14,7.476816 
4701,3068,343.92,7.484635 
4702,3067,343.71,7.488850 
4703,3067,343.71,7.493065 
4704,3070,344.36,7.493675 
4705,3069,344.14,7.483467 
4706,3071,344.58,7.487680 
4707,3071,344.58,7.481077 
4708,3070,344.36,7.481684 
4709,3071,344.58,7.485898 
4710,3071,344.58,7.482900 
4711,3071,344.58,7.483507 
4712,3082,346.98,7.484115 
4713,3069,344.14,7.445056 
4714,3070,344.36,7.492536 
4715,3071,344.58,7.489539 
4716,3091,348.94,7.486541 
4717,3071,344.58,7.415029 
4718,3071,344.58,7.487745 
4719,3071,344.58,7.488353 
4720,3071,344.58,7.488960 
4721,3071,344.58,7.489568 
4722,3082,346.98,7.490175 
4723,3071,344.58,7.451117 
4724,3071,344.58,7.491385 
4725,3083,347.19,7.491992 
4726,3070,344.36,7.449328 
4727,3084,347.41,7.496807 
4728,3069,344.14,7.446932 
4729,3071,344.58,7.501622 
4730,3071,344.58,7.495018 
4731,3071,344.58,7.495626 
4732,3071,344.58,7.496233 
4733,3081,346.76,7.496841 
4734,3071,344.58,7.461389 
4735,3083,347.19,7.498051 
4736,3094,349.59,7.455387 
4737,3056,341.31,7.416322 
4738,3071,344.58,7.553945 
4739,3071,344.58,7.500471 
4740,3071,344.58,7.501078 
4741,3071,344.58,7.501686 
4742,3071,344.58,7.502293 
4743,3070,344.36,7.502901 
4744,3070,344.36,7.507114 
4745,3082,346.98,7.507722 
4746,3069,344.14,7.465058 
4747,3071,344.58,7.512538 
4748,3062,342.62,7.505934 
4749,3071,344.58,7.538996 
4750,3070,344.36,7.507154 
4751,3071,344.58,7.511368 
4752,3120,355.26,7.508369 
4753,3067,343.71,7.332284 
4754,3069,344.14,7.523983 
4755,3082,346.98,7.517381 
4756,3071,344.58,7.471111 
4757,3071,344.58,7.511379 
4758,3082,346.98,7.511987 
4759,3083,347.19,7.472928 
4760,3067,343.71,7.469924 
4761,3071,344.58,7.528221 
4762,3071,344.58,7.514407 
4763,3086,347.85,7.515014 
4764,2989,326.70,7.461532 
4765,3083,347.19,7.811912 
4766,3071,344.58,7.473600 
4767,3070,344.36,7.517473 
4768,3082,346.98,7.521687 
4769,3071,344.58,7.479023 
4770,3082,346.98,7.519290 
4771,3082,346.98,7.480232 
4772,3071,344.58,7.480834 
4773,3071,344.58,7.521101 
4774,3071,344.58,7.521709 
4775,3071,344.58,7.522316 
4776,3071,344.58,7.522924 
4777,3069,344.14,7.523531 
4778,3071,344.58,7.531351 
4779,3071,344.58,7.524747 
4780,3071,344.58,7.525355 
4781,3065,343.27,7.525962 
4782,3071,344.58,7.548206 
4783,3067,343.71,7.527181 
4784,3069,344.14,7.542212 
4785,3070,344.36,7.535610 
4786,3066,343.49,7.532612 
4787,3069,344.14,7.547644 
4788,3071,344.58,7.537436 
4789,3070,344.36,7.530833 
4790,3041,338.04,7.535047 
4791,3071,344.58,7.640228 
4792,3083,347.19,7.532671 
4793,3071,344.58,7.490007 
4794,2986,326.05,7.533880 
4795,3071,344.58,7.840996 
4796,3082,346.98,7.535140 
4797,3071,344.58,7.496081 
4798,3086,347.85,7.536349 
4799,3091,348.94,7.482867 
4800,3071,344.58,7.465436 
4801,3092,349.16,7.538153 
4802,3084,347.41,7.463035 
4803,3071,344.58,7.492480 
4804,3084,347.41,7.539958 
4805,3071,344.58,7.493688 
4806,3088,348.28,7.541166 
4807,3081,346.76,7.480472 
4808,3085,347.63,7.506313 
4809,3088,348.28,7.492491 
4810,3086,347.85,7.482274 
4811,3088,348.28,7.490084 
4812,3084,347.41,7.483472 
4813,3086,347.85,7.498495 
4814,3086,347.85,7.491883 
4815,3088,348.28,7.492483 
4816,3082,346.98,7.485871 
4817,3084,347.41,7.508105 
4818,3085,347.63,7.501495 
4819,3088,348.28,7.498490 
4820,3087,348.07,7.488272 
4821,3087,348.07,7.492477 
4822,3090,348.72,7.493076 
4823,3071,344.58,7.482857 
4824,3087,348.07,7.551969 
4825,3084,347.41,7.494880 
4826,3087,348.07,7.506298 
4827,3087,348.07,7.496080 
4828,3082,346.98,7.496680 
4829,3071,344.58,7.515309 
4830,3061,342.40,7.555576 
4831,3087,348.07,7.592244 
4832,3071,344.58,7.499101 
4833,3085,347.63,7.557396 
4834,3059,341.96,7.507520 
4835,3071,344.58,7.601875 
4836,3071,344.58,7.559217 
4837,3071,344.58,7.559825 
4838,3089,348.50,7.560432 
4839,3071,344.58,7.496132 
4840,3057,341.53,7.561638 
4841,3071,344.58,7.612729 
4842,3088,348.28,7.562860 
4843,3071,344.58,7.502166 
4844,3087,348.07,7.564066 
4845,3086,347.85,7.506978 
4846,3071,344.58,7.511184 
4847,3082,346.98,7.565873 
4848,3082,346.98,7.526814 
4849,3084,347.41,7.527416 
4850,3087,348.07,7.520807 
4851,3071,344.58,7.510589 
4852,3071,344.58,7.568884 
4853,3086,347.85,7.569491 
4854,3085,347.63,7.516009 
4855,3083,347.19,7.520215 
4856,3086,347.85,7.528028 
4857,3086,347.85,7.517811 
4858,3092,349.16,7.518411 
4859,3082,346.98,7.497374 
4860,3085,347.63,7.534030 
4861,3071,344.58,7.523815 
4862,3086,347.85,7.574898 
4863,3071,344.58,7.521417 
4864,3071,344.58,7.576106 
4865,3071,344.58,7.576713 
4866,3085,347.63,7.577321 
4867,3083,347.19,7.527444 
4868,3083,347.19,7.535257 
4869,3088,348.28,7.535858 
4870,3082,346.98,7.518430 
4871,3082,346.98,7.540664 
4872,3083,347.19,7.541265 
4873,3084,347.41,7.538262 
4874,3085,347.63,7.535257 
4875,3071,344.58,7.532252 
4876,3085,347.63,7.583336 
4877,3071,344.58,7.533460 
4878,3086,347.85,7.584543 
4879,3071,344.58,7.531062 
4880,3086,347.85,7.585751 
4881,3083,347.19,7.532269 
4882,3085,347.63,7.543686 
4883,3084,347.41,7.537076 
4884,3087,348.07,7.541282 
4885,3087,348.07,7.531065 
4886,3083,347.19,7.531664 
4887,3083,347.19,7.546687 
4888,3086,347.85,7.547288 
4889,3087,348.07,7.537072 
4890,3086,347.85,7.534065 
4891,3071,344.58,7.538270 
4892,3082,346.98,7.592960 
4893,3082,346.98,7.553902 
4894,3071,344.58,7.554503 
4895,3087,348.07,7.594771 
4896,3088,348.28,7.537683 
4897,3083,347.19,7.534676 
4898,3088,348.28,7.553305 
4899,3039,337.60,7.535876 
4900,3081,346.76,7.713168 
4901,3083,347.19,7.562341 
4902,3085,347.63,7.555731 
4903,3088,348.28,7.549120 
4904,3084,347.41,7.538903 
4905,3071,344.58,7.553926 
4906,3071,344.58,7.601404 
4907,3071,344.58,7.602011 
4908,3088,348.28,7.602619 
4909,3084,347.41,7.541925 
4910,3083,347.19,7.556948 
4911,3071,344.58,7.561154 
4912,3087,348.07,7.605027 
4913,3089,348.50,7.547939 
4914,3086,347.85,7.541326 
4915,3091,348.94,7.552742 
4916,3084,347.41,7.535312 
4917,3089,348.50,7.561152 
4918,3086,347.85,7.543722 
4919,3086,347.85,7.555138 
4920,3088,348.28,7.555738 
4921,3083,347.19,7.549126 
4922,3087,348.07,7.567754 
4923,3093,349.37,7.553932 
4924,3088,348.28,7.532895 
4925,3071,344.58,7.551521 
4926,3082,346.98,7.613421 
4927,3091,348.94,7.574363 
4928,3071,344.58,7.542511 
4929,3082,346.98,7.615228 
4930,3071,344.58,7.576169 
4931,3071,344.58,7.616437 
4932,3085,347.63,7.617044 
4933,3082,346.98,7.567168 
4934,3085,347.63,7.578587 
4935,3088,348.28,7.568370 
4936,3085,347.63,7.558153 
4937,3088,348.28,7.569569 
4938,3083,347.19,7.559352 
4939,3082,346.98,7.577981 
4940,3087,348.07,7.582187 
4941,3086,347.85,7.564759 
4942,3071,344.58,7.568965 
4943,3071,344.58,7.623654 
4944,3083,347.19,7.624261 
4945,3088,348.28,7.581597 
4946,3085,347.63,7.564169 
4947,3088,348.28,7.575585 
4948,3085,347.63,7.565368 
4949,3082,346.98,7.576784 
4950,3063,342.83,7.588202 
4951,3084,347.41,7.657318 
4952,3088,348.28,7.582204 
4953,3084,347.41,7.568381 
4954,3071,344.58,7.583404 
4955,3084,347.41,7.630882 
4956,3087,348.07,7.584612 
4957,3085,347.63,7.574394 
4958,3071,344.58,7.582206 
4959,3087,348.07,7.633290 
4960,3088,348.28,7.576201 
4961,3090,348.72,7.573195 
4962,3083,347.19,7.566582 
4963,3085,347.63,7.592421 
4964,3083,347.19,7.585810 
4965,3099,350.68,7.593623 
4966,3088,348.28,7.536528 
4967,3071,344.58,7.576787 
4968,3085,347.63,7.638687 
4969,3088,348.28,7.588811 
4970,3084,347.41,7.578593 
4971,3087,348.07,7.593616 
4972,3088,348.28,7.583399 
4973,3085,347.63,7.580392 
4974,3071,344.58,7.591809 
4975,3089,348.50,7.642893 
4976,3087,348.07,7.578592 
4977,3087,348.07,7.586402 
4978,3088,348.28,7.587002 
4979,3085,347.63,7.583995 
4980,3090,348.72,7.595412 
4981,3083,347.19,7.577982 
4982,3083,347.19,7.603822 
4983,3087,348.07,7.604423 
4984,3085,347.63,7.590600 
4985,3086,347.85,7.598412 
4986,3089,348.50,7.595406 
4987,3088,348.28,7.585187 
4988,3090,348.72,7.589392 
4989,3088,348.28,7.582778 
4990,3088,348.28,7.590588 
4991,3094,349.59,7.591187 
4992,3090,348.72,7.570149 
4993,3088,348.28,7.585169 
4994,3087,348.07,7.592979 
4995,3090,348.72,7.597183 
4996,3095,349.81,7.586965 
4997,3089,348.50,7.569532 
4998,3088,348.28,7.591763 
4999,3088,348.28,7.595968 
5000,3089,348.50,7.596566 
5001,3088,348.28,7.593559 
5002,3088,348.28,7.597763 
5003,3088,348.28,7.598362 
5004,3083,347.19,7.598960 
5005,3083,347.19,7.617589 
5006,3088,348.28,7.618190 
5007,3086,347.85,7.600762 
5008,3088,348.28,7.608572 
5009,3088,348.28,7.601960 
5010,3083,347.19,7.602559 
5011,3085,347.63,7.621187 
5012,3088,348.28,7.614577 
5013,3086,347.85,7.604359 
5014,3087,348.07,7.612170 
5015,3088,348.28,7.609163 
5016,3088,348.28,7.606157 
5017,3084,347.41,7.606755 
5018,3088,348.28,7.621778 
5019,3069,344.14,7.607955 
5020,3086,347.85,7.677067 
5021,3088,348.28,7.616374 
5022,3094,349.59,7.609762 
5023,3088,348.28,7.588725 
5024,3083,347.19,7.610956 
5025,3088,348.28,7.629585 
5026,3083,347.19,7.612156 
5027,3086,347.85,7.630785 
5028,3089,348.50,7.620568 
5029,3088,348.28,7.610350 
5030,3087,348.07,7.614554 
5031,3087,348.07,7.618759 
5032,3088,348.28,7.619358 
5033,3088,348.28,7.616351 
5034,3089,348.50,7.616950 
5035,3088,348.28,7.613942 
5036,3089,348.50,7.618147 
5037,3070,344.36,7.615139 
5038,3094,349.59,7.684251 
5039,3092,349.16,7.598316 
5040,3088,348.28,7.606123 
5041,3090,348.72,7.621144 
5042,3093,349.37,7.614531 
5043,3088,348.28,7.604311 
5044,3092,349.16,7.622936 
5045,3090,348.72,7.609111 
5046,3093,349.37,7.616920 
5047,3093,349.37,7.606699 
5048,3091,348.94,7.607296 
5049,3089,348.50,7.615104 
5050,3094,349.59,7.622912 
5051,3094,349.59,7.605481 
5052,3091,348.94,7.606076 
5053,3110,353.08,7.617490 
5054,3102,351.34,7.549574 
5055,3089,348.50,7.579009 
5056,3091,348.94,7.626478 
5057,3093,349.37,7.619864 
5058,3095,349.81,7.613249 
5059,3098,350.46,7.606633 
5060,3089,348.50,7.596411 
5061,3084,347.41,7.629457 
5062,3095,349.81,7.648086 
5063,3097,350.25,7.609021 
5064,3094,349.59,7.602404 
5065,3108,352.64,7.613816 
5066,3097,350.25,7.563928 
5067,3100,350.90,7.604182 
5068,3113,353.73,7.593958 
5069,3101,351.12,7.547673 
5070,3095,349.81,7.591530 
5071,3097,350.25,7.613758 
5072,3091,348.94,7.607141 
5073,3095,349.81,7.629371 
5074,3097,350.25,7.615544 
5075,3097,350.25,7.608927 
5076,3093,349.37,7.609521 
5077,3098,350.46,7.624539 
5078,3095,349.81,7.607106 
5079,3093,349.37,7.618517 
5080,3094,349.59,7.626324 
5081,3094,349.59,7.623314 
5082,3091,348.94,7.623909 
5083,3093,349.37,7.635324 
5084,3097,350.25,7.628708 
5085,3104,351.77,7.614881 
5086,3091,348.94,7.590233 
5087,3094,349.59,7.637701 
5088,3089,348.50,7.627480 
5089,3091,348.94,7.646105 
5090,3088,348.28,7.639492 
5091,3089,348.50,7.650907 
5092,3088,348.28,7.647899 
5093,3088,348.28,7.652104 
5094,3094,349.59,7.652702 
5095,3088,348.28,7.631665 
5096,3088,348.28,7.653897 
5097,3088,348.28,7.654495 
5098,3092,349.16,7.655094 
5099,3089,348.50,7.641269 
5100,3086,347.85,7.652683 
5101,3091,348.94,7.664100 
5102,3095,349.81,7.646669 
5103,3091,348.94,7.632843 
5104,3093,349.37,7.647862 
5105,3094,349.59,7.641247 
5106,3099,350.68,7.638237 
5107,3090,348.72,7.620802 
5108,3094,349.59,7.653849 
5109,3100,350.90,7.640023 
5110,3086,347.85,7.618983 
5111,3095,349.81,7.670059 
5112,3100,350.90,7.638205 
5113,3095,349.81,7.620770 
5114,3098,350.46,7.639392 
5115,3100,350.90,7.629170 
5116,3094,349.59,7.622551 
5117,3102,351.34,7.644779 
5118,3097,350.25,7.616527 
5119,3093,349.37,7.635149 
5120,3102,351.34,7.650167 
5121,3097,350.25,7.618309 
5122,3099,350.68,7.636930 
5123,3086,347.85,7.630312 
5124,3098,350.46,7.677783 
5125,3088,348.28,7.635111 
5126,3103,351.55,7.671764 
5127,3097,350.25,7.618273 
5128,3098,350.46,7.640500 
5129,3098,350.46,7.637488 
5130,3071,344.58,7.638082 
5131,3094,349.59,7.736036 
5132,3095,349.81,7.653707 
5133,3097,350.25,7.650696 
5134,3094,349.59,7.644079 
5135,3093,349.37,7.655491 
5136,3098,350.46,7.659693 
5137,3043,338.47,7.642259 
5138,3095,349.81,7.841181 
5139,3094,349.59,7.654293 
5140,3099,350.68,7.658494 
5141,3106,352.21,7.641059 
5142,3097,350.25,7.616410 
5143,3103,351.55,7.649454 
5144,3098,350.46,7.628412 
5145,3098,350.46,7.647033 
5146,3100,350.90,7.647626 
5147,3095,349.81,7.641007 
5148,3094,349.59,7.659630 
5149,3087,348.07,7.663831 
5150,3098,350.46,7.689668 
5151,3094,349.59,7.650602 
5152,3095,349.81,7.665619 
5153,3098,350.46,7.662609 
5154,3093,349.37,7.652386 
5155,3095,349.81,7.671010 
5156,3099,350.68,7.664393 
5157,3094,349.59,7.650565 
5158,3093,349.37,7.669188 
5159,3094,349.59,7.673389 
5160,3092,349.16,7.670379 
5161,3088,348.28,7.678186 
5162,3095,349.81,7.693207 
5163,3094,349.59,7.668564 
5164,3101,351.12,7.672765 
5165,3101,351.12,7.648118 
5166,3100,350.90,7.648711 
5167,3102,351.34,7.652909 
5168,3086,347.85,7.646289 
5169,3103,351.55,7.704576 
5170,3096,350.03,7.643875 
5171,3095,349.81,7.669707 
5172,3110,353.08,7.673908 
5173,3102,351.34,7.620413 
5174,3101,351.12,7.649848 
5175,3102,351.34,7.654046 
5176,3101,351.12,7.651031 
5177,3100,350.90,7.655229 
5178,3098,350.46,7.659427 
5179,3097,350.25,7.667232 
5180,3098,350.46,7.671431 
5181,3100,350.90,7.668419 
5182,3104,351.77,7.661801 
5183,3119,355.04,7.647969 
5184,3102,351.34,7.594470 
5185,3102,351.34,7.656354 
5186,3098,350.46,7.656946 
5187,3120,355.26,7.671961 
5188,3104,351.77,7.593223 
5189,3102,351.34,7.651501 
5190,3101,351.12,7.659303 
5191,3107,352.43,7.663500 
5192,3106,352.21,7.642457 
5193,3103,351.55,7.646651 
5194,3103,351.55,7.658059 
5195,3110,353.08,7.658650 
5196,3104,351.77,7.633999 
5197,3106,352.21,7.656222 
5198,3106,352.21,7.649600 
5199,3110,353.08,7.650189 
5200,3101,351.12,7.636355 
5201,3104,351.77,7.669396 
5202,3102,351.34,7.659170 
5203,3091,348.94,7.666973 
5204,3101,351.12,7.707230 
5205,3100,350.90,7.671767 
5206,3102,351.34,7.675965 
5207,3087,348.07,7.669345 
5208,3095,349.81,7.724026 
5209,3099,350.68,7.695778 
5210,3093,349.37,7.681949 
5211,3090,348.72,7.704178 
5212,3100,350.90,7.715592 
5213,3101,351.12,7.680130 
5214,3101,351.12,7.677116 
5215,3090,348.72,7.677708 
5216,3099,350.68,7.717966 
5217,3097,350.25,7.686110 
5218,3098,350.46,7.693915 
5219,3101,351.12,7.690903 
5220,3098,350.46,7.680678 
5221,3099,350.68,7.692089 
5222,3102,351.34,7.689076 
5223,3099,350.68,7.678851 
5224,3102,351.34,7.690260 
5225,3103,351.55,7.680036 
5226,3102,351.34,7.677021 
5227,3101,351.12,7.681218 
5228,3106,352.21,7.685415 
5229,3106,352.21,7.667977 
5230,3106,352.21,7.668566 
5231,3111,353.30,7.669156 
5232,3108,352.64,7.651715 
5233,3104,351.77,7.663120 
5234,3104,351.77,7.678132 
5235,3103,351.55,7.678723 
5236,3099,350.68,7.682920 
5237,3101,351.12,7.697934 
5238,3103,351.55,7.691315 
5239,3103,351.55,7.684695 
5240,3099,350.68,7.685286 
5241,3110,353.08,7.700301 
5242,3101,351.12,7.661228 
5243,3105,351.99,7.694269 
5244,3103,351.55,7.680437 
5245,3101,351.12,7.688239 
5246,3106,352.21,7.696042 
5247,3106,352.21,7.678604 
5248,3105,351.99,7.679193 
5249,3105,351.99,7.683389 
5250,3106,352.21,7.683979 
5251,3088,348.28,7.680962 
5252,3091,348.94,7.746459 
5253,3105,351.99,7.736240 
5254,3103,351.55,7.686354 
5255,3104,351.77,7.694156 
5256,3105,351.99,7.691140 
5257,3102,351.34,7.688125 
5258,3101,351.12,7.699533 
5259,3097,350.25,7.703730 
5260,3099,350.68,7.718746 
5261,3102,351.34,7.712128 
5262,3105,351.99,7.701903 
5263,3102,351.34,7.691677 
5264,3106,352.21,7.703084 
5265,3114,353.95,7.689251 
5266,3100,350.90,7.660993 
5267,3105,351.99,7.712062 
5268,3105,351.99,7.694625 
5269,3098,350.46,7.695215 
5270,3101,351.12,7.721046 
5271,3102,351.34,7.710822 
5272,3101,351.12,7.707808 
5273,3105,351.99,7.712005 
5274,3103,351.55,7.698174 
5275,3108,352.64,7.705976 
5276,3104,351.77,7.688536 
5277,3102,351.34,7.703548 
5278,3104,351.77,7.711351 
5279,3107,352.43,7.704730 
5280,3102,351.34,7.694503 
5281,3106,352.21,7.713121 
5282,3102,351.34,7.699289 
5283,3105,351.99,7.714303 
5284,3102,351.34,7.704076 
5285,3101,351.12,7.715484 
5286,3103,351.55,7.719681 
5287,3102,351.34,7.713061 
5288,3105,351.99,7.717258 
5289,3103,351.55,7.707032 
5290,3105,351.99,7.714833 
5291,3101,351.12,7.708212 
5292,3105,351.99,7.723226 
5293,3104,351.77,7.709394 
5294,3107,352.43,7.713590 
5295,3104,351.77,7.703362 
5296,3103,351.55,7.714769 
5297,3103,351.55,7.718966 
5298,3103,351.55,7.719557 
5299,3103,351.55,7.720148 
5300,3106,352.21,7.720738 
5301,3104,351.77,7.710511 
5302,3115,354.17,7.718313 
5303,3104,351.77,7.679237 
5304,3103,351.55,7.719488 
5305,3109,352.86,7.723684 
5306,3104,351.77,7.702639 
5307,3101,351.12,7.721257 
5308,3104,351.77,7.732665 
5309,3102,351.34,7.722439 
5310,3053,340.65,7.730241 
5311,3102,351.34,7.907526 
5312,3107,352.43,7.731450 
5313,3103,351.55,7.714011 
5314,3117,354.61,7.729024 
5315,3109,352.86,7.679132 
5316,3103,351.55,7.708563 
5317,3099,350.68,7.730787 
5318,3105,351.99,7.745801 
5319,3103,351.55,7.724759 
5320,3103,351.55,7.732561 
5321,3101,351.12,7.733151 
5322,3104,351.77,7.740954 
5323,3101,351.12,7.730728 
5324,3104,351.77,7.742136 
5325,3103,351.55,7.731910 
5326,3103,351.55,7.736107 
5327,3101,351.12,7.736698 
5328,3104,351.77,7.744500 
5329,3114,353.95,7.734274 
5330,3104,351.77,7.698805 
5331,3105,351.99,7.735450 
5332,3101,351.12,7.732435 
5333,3101,351.12,7.747448 
5334,3104,351.77,7.748040 
5335,3101,351.12,7.737814 
5336,3106,352.21,7.749223 
5337,3103,351.55,7.731785 
5338,3105,351.99,7.743192 
5339,3102,351.34,7.736571 
5340,3101,351.12,7.747979 
5341,3102,351.34,7.752176 
5342,3101,351.12,7.749162 
5343,3105,351.99,7.753359 
5344,3106,352.21,7.739528 
5345,3107,352.43,7.736511 
5346,3106,352.21,7.733495 
5347,3095,349.81,7.737689 
5348,3106,352.21,7.777945 
5349,3104,351.77,7.738874 
5350,3102,351.34,7.746675 
5351,3103,351.55,7.754478 
5352,3120,355.26,7.751463 
5353,3102,351.34,7.690753 
5354,3104,351.77,7.756242 
5355,3109,352.86,7.749622 
5356,3106,352.21,7.732183 
5357,3109,352.86,7.743588 
5358,3105,351.99,7.733359 
5359,3133,358.09,7.748372 
5360,3106,352.21,7.647994 
5361,3105,351.99,7.745930 
5362,3102,351.34,7.750126 
5363,3106,352.21,7.761534 
5364,3102,351.34,7.747701 
5365,3106,352.21,7.762714 
5366,3107,352.43,7.748882 
5367,3105,351.99,7.745865 
5368,3102,351.34,7.753666 
5369,3105,351.99,7.765074 
5370,3106,352.21,7.754848 
5371,3106,352.21,7.751831 
5372,3104,351.77,7.752420 
5373,3108,352.64,7.760222 
5374,3110,353.08,7.746388 
5375,3106,352.21,7.739765 
5376,3114,353.95,7.754776 
5377,3118,354.82,7.726518 
5378,3110,353.08,7.712679 
5379,3103,351.55,7.742110 
5380,3102,351.34,7.767939 
5381,3103,351.55,7.772136 
5382,3110,353.08,7.769122 
5383,3109,352.86,7.744471 
5384,3103,351.55,7.748664 
5385,3109,352.86,7.770888 
5386,3091,348.94,7.749843 
5387,3099,350.68,7.815338 
5388,3107,352.43,7.787087 
5389,3110,353.08,7.758832 
5390,3105,351.99,7.748603 
5391,3102,351.34,7.767220 
5392,3106,352.21,7.778628 
5393,3109,352.86,7.764796 
5394,3105,351.99,7.754567 
5395,3107,352.43,7.769579 
5396,3105,351.99,7.762957 
5397,3110,353.08,7.770758 
5398,3104,351.77,7.753318 
5399,3106,352.21,7.775541 
5400,3110,353.08,7.768919 
5401,3106,352.21,7.755085 
5402,3107,352.43,7.770096 
5403,3104,351.77,7.767079 
5404,3111,353.30,7.778486 
5405,3142,360.06,7.753835 
5406,3105,351.99,7.642636 
5407,3105,351.99,7.776628 
5408,3105,351.99,7.777218 
5409,3107,352.43,7.777808 
5410,3107,352.43,7.771186 
5411,3107,352.43,7.771774 
5412,3105,351.99,7.772363 
5413,3109,352.86,7.780164 
5414,3109,352.86,7.766330 
5415,3109,352.86,7.766918 
5416,3113,353.73,7.767506 
5417,3108,352.64,7.753669 
5418,3118,354.82,7.772285 
5419,3109,352.86,7.736814 
5420,3110,353.08,7.769851 
5421,3097,350.25,7.766833 
5422,3104,351.77,7.814298 
5423,3115,354.17,7.789649 
5424,3113,353.73,7.750574 
5425,3114,353.95,7.758371 
5426,3090,348.72,7.755351 
5427,3117,354.61,7.842479 
5428,3113,353.73,7.745716 
5429,3111,353.30,7.760723 
5430,3106,352.21,7.768521 
5431,3109,352.86,7.787138 
5432,3111,353.30,7.776909 
5433,3103,351.55,7.770285 
5434,3109,352.86,7.799720 
5435,3110,353.08,7.778675 
5436,3118,354.82,7.775657 
5437,3110,353.08,7.747396 
5438,3106,352.21,7.776827 
5439,3103,351.55,7.791838 
5440,3106,352.21,7.803246 
5441,3105,351.99,7.793018 
5442,3106,352.21,7.797214 
5443,3107,352.43,7.794198 
5444,3107,352.43,7.791181 
5445,3120,355.26,7.791770 
5446,3105,351.99,7.745481 
5447,3106,352.21,7.800153 
5448,3106,352.21,7.797136 
5449,3104,351.77,7.797726 
5450,3107,352.43,7.805527 
5451,3103,351.55,7.795300 
5452,3104,351.77,7.810313 
5453,3109,352.86,7.807297 
5454,3104,351.77,7.789858 
5455,3099,350.68,7.808475 
5456,3088,348.28,7.827096 
5457,3099,350.68,7.867355 
5458,3098,350.46,7.828288 
5459,3099,350.68,7.832487 
5460,3090,348.72,7.829474 
5461,3094,349.59,7.862521 
5462,3093,349.37,7.848694 
5463,3094,349.59,7.852896 
5464,3089,348.50,7.849886 
5465,3091,348.94,7.868512 
5466,3089,348.50,7.861898 
5467,3090,348.72,7.869707 
5468,3088,348.28,7.866699 
5469,3088,348.28,7.874509 
5470,3081,346.76,7.875108 
5471,3085,347.63,7.900948 
5472,3086,347.85,7.887126 
5473,3085,347.63,7.884121 
5474,3088,348.28,7.888326 
5475,3071,344.58,7.878109 
5476,3071,344.58,7.940009 
5477,3071,344.58,7.940617 
5478,3083,347.19,7.941224 
5479,3071,344.58,7.898560 
5480,3071,344.58,7.942433 
5481,3071,344.58,7.943040 
5482,3071,344.58,7.943648 
5483,3065,343.27,7.944255 
5484,3069,344.14,7.966499 
5485,3065,343.27,7.952685 
5486,3053,340.65,7.967718 
5487,3065,343.27,8.011600 
5488,3061,342.40,7.968946 
5489,3062,342.62,7.983980 
5490,3059,341.96,7.980987 
5491,3056,341.31,7.992417 
5492,3056,341.31,8.003848 
5493,3055,341.09,8.004463 
5494,3056,341.31,8.008685 
5495,3055,341.09,8.005694 
5496,3053,340.65,8.009916 
5497,3053,340.65,8.017744 
5498,3049,339.78,8.018361 
5499,3053,340.65,8.033401 
5500,3050,340.00,8.019597 
5501,3038,337.38,8.031032 
5502,3041,338.04,8.074922 
5503,3043,338.47,8.064728 
5504,3043,338.47,8.058139 
5505,3041,338.04,8.058762 
5506,3033,336.29,8.066595 
5507,3035,336.73,8.096066 
5508,3051,340.22,8.089481 
5509,3040,337.82,8.032413 
5510,3037,337.17,8.072696 
5511,3038,337.38,8.084137 
5512,3035,336.73,8.081156 
5513,3030,335.64,8.092599 
5514,3026,334.77,8.111255 
5515,3024,334.33,8.126307 
5516,3029,335.42,8.134151 
5517,3013,331.93,8.116753 
5518,3021,333.68,8.175077 
5519,3021,333.68,8.146867 
5520,3021,333.68,8.147500 
5521,3023,334.11,8.148133 
5522,3018,333.02,8.141555 
5523,3011,331.50,8.160218 
5524,3013,331.93,8.186094 
5525,3011,331.50,8.179522 
5526,3010,331.28,8.187371 
5527,3010,331.28,8.191615 
5528,3006,330.41,8.192254 
5529,3004,329.97,8.207317 
5530,3003,329.75,8.215171 
5531,3005,330.19,8.219419 
5532,2989,326.70,8.212850 
5533,2996,328.23,8.271187 
5534,2993,327.57,8.246595 
5535,2992,327.36,8.258060 
5536,2988,326.48,8.262314 
5537,2989,326.70,8.277386 
5538,2985,325.83,8.274430 
5539,2983,325.39,8.289505 
5540,2982,325.18,8.297368 
5541,2981,324.96,8.301628 
5542,2976,323.87,8.305887 
5543,2983,325.39,8.324572 
5544,2973,323.21,8.299986 
5545,2974,323.43,8.336699 
5546,2971,322.78,8.333752 
5547,2965,321.47,8.345227 
5548,2963,321.03,8.367522 
5549,2960,320.38,8.375397 
5550,2955,319.29,8.386878 
5551,2958,319.94,8.405573 
5552,2953,318.85,8.395423 
5553,2948,317.76,8.414119 
5554,2946,317.33,8.432817 
5555,2946,317.33,8.440701 
5556,2941,316.24,8.441373 
5557,2939,315.80,8.460075 
5558,2937,315.37,8.467962 
5559,2939,315.80,8.475850 
5560,2933,314.49,8.469316 
5561,2933,314.49,8.491628 
5562,2929,313.62,8.492307 
5563,2929,313.62,8.507409 
5564,2932,314.28,8.508090 
5565,2927,313.19,8.497953 
5566,2921,311.88,8.516663 
5567,2922,312.10,8.538981 
5568,2921,311.88,8.536060 
5569,2919,311.44,8.540351 
5570,2914,310.35,8.548248 
5571,2911,309.70,8.566965 
5572,2911,309.70,8.578471 
5573,2910,309.48,8.579162 
5574,2900,307.30,8.583458 
5575,2889,304.90,8.620209 
5576,2899,307.08,8.660571 
5577,2896,306.43,8.625213 
5578,2903,307.95,8.636727 
5579,2896,306.43,8.612184 
5580,2896,306.43,8.638121 
5581,2909,309.26,8.638819 
5582,2891,305.34,8.592639 
5583,2894,305.99,8.658238 
5584,2883,303.59,8.648121 
5585,2887,304.47,8.688486 
5586,2883,303.59,8.674767 
5587,2889,304.90,8.689895 
5588,2881,303.16,8.668963 
5589,2878,302.50,8.698513 
5590,2866,299.89,8.710037 
5591,2862,299.02,8.754016 
5592,2848,295.96,8.769155 
5593,2844,295.09,8.820354 
5594,2843,294.87,8.835501 
5595,2799,285.28,8.839832 
5596,2836,293.35,8.999221 
5597,2821,290.08,8.866549 
5598,2816,288.99,8.921367 
5599,2806,286.81,8.940134 
5600,2801,285.72,8.976933 
5601,2802,285.94,8.995708 
5602,2788,282.88,8.992850 
5603,2782,281.58,9.044081 
5604,2779,280.92,9.066471 
5605,2770,278.96,9.078046 
5606,2766,278.09,9.111259 
5607,2749,274.38,9.126446 
5608,2751,274.82,9.188514 
5609,2741,272.64,9.182076 
5610,2737,271.77,9.218909 
5611,2710,265.88,9.234112 
5612,2729,270.02,9.332254 
5613,2730,270.24,9.264535 
5614,2721,268.28,9.261714 
5615,2752,275.04,9.294951 
5616,2707,265.23,9.183955 
5617,2705,264.79,9.346997 
5618,2703,264.35,9.355006 
5619,2700,263.70,9.363015 
5620,2693,262.17,9.374631 
5621,2688,261.08,9.400673 
5622,2688,261.08,9.419506 
5623,2681,259.56,9.420312 
5624,2678,258.90,9.446361 
5625,2674,258.03,9.457989 
5626,2670,257.16,9.473224 
5627,2661,255.20,9.488461 
5628,2657,254.33,9.521730 
5629,2657,254.33,9.536974 
5630,2652,253.24,9.537796 
5631,2641,250.84,9.556648 
5632,2640,250.62,9.597138 
5633,2640,250.62,9.601575 
5634,2637,249.97,9.602407 
5635,2633,249.09,9.614055 
5636,2628,248.00,9.629312 
5637,2622,246.70,9.648176 
5638,2618,245.82,9.670650 
5639,2614,244.95,9.685913 
5640,2595,240.81,9.701180 
5641,2606,243.21,9.770537 
5642,2595,240.81,9.731727 
5643,2606,243.21,9.772241 
5644,2588,239.28,9.733429 
5645,2593,240.37,9.799186 
5646,2559,232.96,9.782014 
5647,2559,232.96,9.905472 
5648,2559,232.96,9.906345 
5649,2559,232.96,9.907218 
5650,2559,232.96,9.908091 
5651,2559,232.96,9.908964 
5652,2559,232.96,9.909837 
5653,2551,231.22,9.910710 
5654,2553,231.65,9.940431 
5655,2553,231.65,9.934096 
5656,2544,229.69,9.934972 
5657,2538,228.38,9.968302 
5658,2535,227.73,9.990819 
5659,2530,226.64,10.002521 
5660,2530,226.64,10.021436 
5661,2530,226.64,10.022324 
5662,2518,224.02,10.023211 
5663,2519,224.24,10.067371 
5664,2510,222.28,10.064660 
5665,2505,221.19,10.098007 
5666,2498,219.66,10.116936 
5667,2498,219.66,10.143079 
5668,2490,217.92,10.143983 
5669,2487,217.27,10.173736 
5670,2487,217.27,10.185462 
5671,2475,214.65,10.186373 
5672,2474,214.43,10.230555 
5673,2462,211.82,10.235077 
5674,2454,210.07,10.279266 
5675,2448,208.76,10.309037 
5676,2446,208.33,10.331600 
5677,2439,206.80,10.339743 
5678,2428,204.40,10.365916 
5679,2421,202.88,10.406517 
5680,2416,201.79,10.432700 
5681,2406,199.61,10.451674 
5682,2399,198.08,10.488682 
5683,2393,196.77,10.514875 
5684,2388,195.68,10.537467 
5685,2384,194.81,10.556457 
5686,2371,191.98,10.571842 
5687,2368,191.32,10.619683 
5688,2363,190.23,10.631472 
5689,2353,188.05,10.650474 
5690,2346,186.53,10.687508 
5691,2345,186.31,10.713730 
5692,2334,183.91,10.718319 
5693,2339,185.00,10.758968 
5694,2326,182.17,10.741929 
5695,2320,180.86,10.789793 
5696,2318,180.42,10.812423 
5697,2310,178.68,10.820632 
5698,2311,178.90,10.850478 
5699,2305,177.59,10.847874 
5700,2293,174.97,10.870511 
5701,2288,173.88,10.914787 
5702,2282,172.58,10.933828 
5703,2288,173.88,10.956478 
5704,2277,171.49,10.935859 
5705,2267,169.31,10.976538 
5706,2224,159.93,11.013617 
5707,2257,167.13,11.169698 
5708,2256,166.91,11.051747 
5709,2256,166.91,11.056383 
5710,2245,164.51,11.057413 
5711,2249,165.38,11.098109 
5712,2242,163.86,11.084721 
5713,2237,162.77,11.110996 
5714,2234,162.11,11.130064 
5715,2218,158.62,11.141922 
5716,2225,160.15,11.200659 
5717,2223,159.71,11.176467 
5718,2217,158.41,11.184725 
5719,2211,157.10,11.207408 
5720,2219,158.84,11.230094 
5721,2205,155.79,11.202300 
5722,2203,155.35,11.253833 
5723,2192,152.96,11.262101 
5724,2204,155.57,11.302825 
5725,2192,152.96,11.260616 
5726,2186,151.65,11.304945 
5727,2180,150.34,11.327644 
5728,2175,149.25,11.350347 
5729,2175,149.25,11.369446 
5730,2166,147.29,11.370518 
5731,2174,149.03,11.404044 
5732,2160,145.98,11.376273 
5733,2139,141.40,11.427829 
5734,2157,145.33,11.504635 
5735,2154,144.67,11.440818 
5736,2149,143.58,11.452717 
5737,2145,142.71,11.471829 
5738,2142,142.06,11.487339 
5739,2142,142.06,11.499245 
5740,2142,142.06,11.500334 
5741,2138,141.18,11.501423 
5742,2137,140.97,11.516936 
5743,2129,139.22,11.521633 
5744,2133,140.09,11.551573 
5745,2127,138.79,11.538245 
5746,2118,136.82,11.560975 
5747,2081,128.76,11.594525 
5748,2134,140.31,11.729049 
5749,2114,135.95,11.539053 
5750,2112,135.52,11.612266 
5751,2111,135.30,11.620581 
5752,2101,133.12,11.625292 
5753,2112,135.52,11.662457 
5754,2099,132.68,11.623901 
5755,2102,133.34,11.671884 
5756,2096,132.03,11.662178 
5757,2097,132.25,11.684923 
5758,2093,131.37,11.682430 
5759,2096,132.03,11.697968 
5760,2093,131.37,11.688264 
5761,2096,132.03,11.700194 
5762,2087,130.07,11.690492 
5763,2085,129.63,11.724058 
5764,2084,129.41,11.732388 
5765,2080,128.54,11.737113 
5766,2074,127.23,11.752656 
5767,2067,125.71,11.775413 
5768,2064,125.05,11.801780 
5769,2062,124.62,11.813725 
5770,2054,122.87,11.822067 
5771,2062,124.62,11.852045 
5772,2055,123.09,11.824332 
5773,2047,121.35,11.850705 
5774,2045,120.91,11.880687 
5775,2058,123.74,11.889037 
5776,2046,121.13,11.843299 
5777,2034,118.51,11.887704 
5778,2032,118.08,11.932115 
5779,2035,118.73,11.940472 
5780,2031,117.86,11.930799 
5781,2036,118.95,11.946368 
5782,2038,119.38,11.929485 
5783,2038,119.38,11.923418 
5784,2036,118.95,11.924561 
5785,2042,120.26,11.932916 
5786,2037,119.17,11.912424 
5787,2057,123.53,11.931595 
5788,2038,119.38,11.860620 
5789,2052,122.44,11.930266 
5790,2039,119.60,11.880925 
5791,2047,121.35,11.928939 
5792,2053,122.65,11.901234 
5793,2055,123.09,11.880736 
5794,2046,121.13,11.874660 
5795,2061,124.40,11.908248 
5796,2058,123.74,11.855297 
5797,2062,124.62,11.867247 
5798,2058,123.74,11.853955 
5799,2064,125.05,11.869510 
5800,2064,125.05,11.849007 
5801,2047,121.35,11.850136 
5802,2062,124.62,11.912567 
5803,2067,125.71,11.859616 
5804,2064,125.05,11.842717 
5805,2066,125.49,11.854663 
5806,2070,126.36,11.848580 
5807,2075,127.45,11.835285 
5808,2069,126.14,11.818382 
5809,2077,127.89,11.841142 
5810,2071,126.58,11.813421 
5811,2075,127.45,11.836180 
5812,2080,128.54,11.822882 
5813,2078,128.10,11.805976 
5814,2077,127.89,11.814309 
5815,2082,128.98,11.819037 
5816,2079,128.32,11.802131 
5817,2087,130.07,11.814069 
5818,2092,131.16,11.786343 
5819,2087,130.07,11.769431 
5820,2097,132.25,11.788576 
5821,2093,131.37,11.753633 
5822,2093,131.37,11.769170 
5823,2096,132.03,11.770285 
5824,2096,132.03,11.760581 
5825,2098,132.46,11.761695 
5826,2096,132.03,11.755595 
5827,2099,132.68,11.763920 
5828,2100,132.90,11.754214 
5829,2102,133.34,11.751720 
5830,2108,134.64,11.745619 
5831,2109,134.86,11.725093 
5832,2110,135.08,11.722594 
5833,2112,135.52,11.720095 
5834,2127,138.79,11.713988 
5835,2112,135.52,11.661003 
5836,2115,136.17,11.716190 
5837,2122,137.70,11.706477 
5838,2122,137.70,11.682338 
5839,2128,139.00,11.683437 
5840,2128,139.00,11.662902 
5841,2128,139.00,11.663998 
5842,2128,139.00,11.665094 
5843,2130,139.44,11.666191 
5844,2122,137.70,11.660075 
5845,2128,139.00,11.690019 
5846,2134,140.31,11.669482 
5847,2132,139.88,11.648943 
5848,2135,140.53,11.657248 
5849,2130,139.44,11.647525 
5850,2142,142.06,11.666647 
5851,2138,141.18,11.624471 
5852,2141,141.84,11.639984 
5853,2144,142.49,11.630258 
5854,2138,141.18,11.620529 
5855,2147,143.15,11.643253 
5856,2143,142.27,11.611891 
5857,2146,142.93,11.627401 
5858,2151,144.02,11.617672 
5859,2145,142.71,11.600729 
5860,2151,144.02,11.623449 
5861,2158,145.54,11.602901 
5862,2151,144.02,11.578744 
5863,2160,145.98,11.605066 
5864,2155,144.89,11.573697 
5865,2157,145.33,11.592807 
5866,2169,147.94,11.586678 
5867,2163,146.63,11.544487 
5868,2166,147.29,11.567199 
5869,2162,146.42,11.557459 
5870,2165,147.07,11.572960 
5871,2174,149.03,11.563220 
5872,2170,148.16,11.531844 
5873,2170,148.16,11.547340 
5874,2175,149.25,11.548415 
5875,2175,149.25,11.531460 
5876,2175,149.25,11.532532 
5877,2178,149.90,11.533604 
5878,2178,149.90,11.523858 
5879,2187,151.87,11.524929 
5880,2186,151.65,11.493546 
5881,2182,150.78,11.498218 
5882,2188,152.08,11.513707 
5883,2191,152.74,11.493140 
5884,2191,152.74,11.483387 
5885,2192,152.96,11.484451 
5886,2192,152.96,11.481910 
5887,2198,154.26,11.482972 
5888,2193,153.17,11.462399 
5889,2196,153.83,11.481490 
5890,2198,154.26,11.471735 
5891,2198,154.26,11.465584 
5892,2199,154.48,11.466644 
5893,2197,154.05,11.464098 
5894,2205,155.79,11.472370 
5895,2207,156.23,11.444583 
5896,2210,156.88,11.438427 
5897,2206,156.01,11.428665 
5898,2212,157.32,11.444142 
5899,2208,156.44,11.423563 
5900,2217,158.41,11.439039 
5901,2220,159.06,11.407640 
5902,2219,158.84,11.397873 
5903,2219,158.84,11.402528 
5904,2223,159.71,11.403577 
5905,2224,159.93,11.390203 
5906,2224,159.93,11.387644 
5907,2224,159.93,11.388690 
5908,2227,160.59,11.389737 
5909,2229,161.02,11.379966 
5910,2229,161.02,11.373799 
5911,2231,161.46,11.374844 
5912,2234,162.11,11.368675 
5913,2234,162.11,11.358900 
5914,2239,163.20,11.359941 
5915,2241,163.64,11.342954 
5916,2242,163.86,11.336781 
5917,2245,164.51,11.334212 
5918,2242,163.86,11.324431 
5919,2246,164.73,11.336286 
5920,2247,164.95,11.322899 
5921,2246,164.73,11.320328 
5922,2251,165.82,11.324969 
5923,2252,166.04,11.307975 
5924,2256,166.91,11.305401 
5925,2253,166.25,11.292009 
5926,2256,166.91,11.303858 
5927,2259,167.56,11.294071 
5928,2256,166.91,11.284284 
5929,2256,166.91,11.296129 
5930,2246,164.73,11.297159 
5931,2260,167.78,11.334249 
5932,2266,169.09,11.284801 
5933,2263,168.43,11.264194 
5934,2262,168.22,11.276036 
5935,2265,168.87,11.280668 
5936,2263,168.43,11.270878 
5937,2269,169.74,11.279115 
5938,2272,170.40,11.258506 
5939,2271,170.18,11.248711 
5940,2272,170.40,11.253339 
5941,2269,169.74,11.250755 
5942,2272,170.40,11.262595 
5943,2275,171.05,11.252800 
5944,2263,168.43,11.243004 
5945,2281,172.36,11.287296 
5946,2274,170.83,11.223414 
5947,2279,171.92,11.249674 
5948,2282,172.58,11.232665 
5949,2277,171.49,11.222865 
5950,2283,172.79,11.241912 
5951,2281,172.36,11.221294 
5952,2282,172.58,11.229523 
5953,2287,173.67,11.226933 
5954,2287,173.67,11.209921 
5955,2283,172.79,11.210935 
5956,2287,173.67,11.226373 
5957,2291,174.54,11.212965 
5958,2288,173.88,11.199555 
5959,2291,174.54,11.211385 
5960,2291,174.54,11.201580 
5961,2289,174.10,11.202593 
5962,2298,176.06,11.210816 
5963,2294,175.19,11.179376 
5964,2294,175.19,11.194808 
5965,2287,173.67,11.195818 
5966,2299,176.28,11.222070 
5967,2291,174.54,11.179812 
5968,2302,176.94,11.209668 
5969,2303,177.15,11.171014 
5970,2306,177.81,11.168414 
5971,2307,178.03,11.158603 
5972,2306,177.81,11.156000 
5973,2313,179.33,11.160610 
5974,2311,178.90,11.136373 
5975,2310,178.68,11.144585 
5976,2311,178.90,11.149193 
5977,2314,179.55,11.146588 
5978,2315,179.77,11.136772 
5979,2318,180.42,11.134166 
5980,2318,180.42,11.124348 
5981,2315,179.77,11.125346 
5982,2322,181.30,11.137161 
5983,2306,177.81,11.112919 
5984,2340,185.22,11.171611 
5985,2320,180.86,11.050012 
5986,2320,180.86,11.123117 
5987,2318,180.42,11.124115 
5988,2320,180.86,11.132323 
5989,2320,180.86,11.126109 
5990,2320,180.86,11.127107 
5991,2320,180.86,11.128103 
5992,2327,182.39,11.129100 
5993,2325,181.95,11.104856 
5994,2326,182.17,11.113061 
5995,2325,181.95,11.110449 
5996,2335,184.13,11.115048 
5997,2331,183.26,11.079983 
5998,2333,183.69,11.095396 
5999,2335,184.13,11.089175 
6000,2336,184.35,11.082953 
6001,2336,184.35,11.080337 
6002,2336,184.35,11.081326 
6003,2347,186.75,11.082314 
6004,2341,185.44,11.043637 
6005,2336,184.35,11.066256 
6006,2345,186.31,11.085272 
6007,2347,186.75,11.053806 
6008,2342,185.66,11.047578 
6009,2346,186.53,11.066591 
6010,2344,186.09,11.053153 
6011,2349,187.18,11.061348 
6012,2343,185.87,11.044303 
6013,2349,187.18,11.066920 
6014,2347,186.75,11.046269 
6015,2345,186.31,11.054463 
6016,2348,186.96,11.062658 
6017,2349,187.18,11.052824 
6018,2353,188.05,11.050200 
6019,2350,187.40,11.036758 
6020,2349,187.18,11.048556 
6021,2349,187.18,11.053144 
6022,2355,188.49,11.054126 
6023,2352,187.84,11.033471 
6024,2351,187.62,11.045268 
6025,2352,187.84,11.049854 
6026,2354,188.27,11.047230 
6027,2352,187.84,11.040998 
6028,2357,188.93,11.049189 
6029,2357,188.93,11.032140 
6030,2367,191.11,11.033117 
6031,2363,190.23,10.998034 
6032,2368,191.32,11.013432 
6033,2365,190.67,10.996376 
6034,2366,190.89,11.008166 
6035,2368,191.32,11.005533 
6036,2377,193.29,10.999294 
6037,2365,190.67,10.967813 
6038,2366,190.89,11.012053 
6039,2368,191.32,11.009419 
6040,2370,191.76,11.003181 
6041,2368,191.32,10.996941 
6042,2375,192.85,11.005124 
6043,2372,192.20,10.980854 
6044,2371,191.98,10.992640 
6045,2373,192.41,10.997216 
6046,2382,194.38,10.990974 
6047,2372,192.20,10.959490 
6048,2373,192.41,10.996515 
6049,2370,191.76,10.993878 
6050,2374,192.63,11.005666 
6051,2373,192.41,10.992213 
6052,2375,192.85,10.996788 
6053,2379,193.72,10.990545 
6054,2379,193.72,10.977090 
6055,2377,193.29,10.978056 
6056,2379,193.72,10.986235 
6057,2373,192.41,10.979990 
6058,2382,194.38,11.002592 
6059,2373,192.41,10.971107 
6060,2357,188.93,11.004526 
6061,2384,194.81,11.063191 
6062,2378,193.50,10.966807 
6063,2382,194.38,10.989408 
6064,2375,192.85,10.975950 
6065,2384,194.81,11.002157 
6066,2381,194.16,10.970672 
6067,2385,195.03,10.982453 
6068,2384,194.81,10.968994 
6069,2386,195.25,10.973564 
6070,2389,195.90,10.967316 
6071,2386,195.25,10.957460 
6072,2386,195.25,10.969239 
6073,2386,195.25,10.970201 
6074,2398,197.86,10.971165 
6075,2389,195.90,10.928856 
6076,2391,196.34,10.962266 
6077,2391,196.34,10.956015 
6078,2358,189.14,10.956975 
6079,2395,197.21,11.076933 
6080,2395,197.21,10.944489 
6081,2432,205.28,10.945446 
6082,2402,198.74,10.812984 
6083,2401,198.52,10.922102 
6084,2401,198.52,10.926661 
6085,2411,200.70,10.927617 
6086,2399,198.08,10.892512 
6087,2408,200.04,10.936733 
6088,2403,198.95,10.905235 
6089,2405,199.39,10.924216 
6090,2414,201.35,10.917958 
6091,2410,200.48,10.886457 
6092,2407,199.83,10.901830 
6093,2415,201.57,10.913598 
6094,2414,201.35,10.885701 
6095,2414,201.35,10.890255 
6096,2413,201.13,10.891204 
6097,2430,204.84,10.895758 
6098,2418,202.22,10.835404 
6099,2418,202.22,10.879617 
6100,2426,203.97,10.880563 
6101,2426,203.97,10.852660 
6102,2418,202.22,10.853602 
6103,2428,204.40,10.883392 
6104,2426,203.97,10.848279 
6105,2431,205.06,10.856432 
6106,2432,205.28,10.839344 
6107,2432,205.28,10.836677 
6108,2430,204.84,10.837616 
6109,2432,205.28,10.845767 
6110,2432,205.28,10.839495 
6111,2450,209.20,10.840433 
6112,2437,206.37,10.776464 
6113,2443,207.67,10.824272 
6114,2445,208.11,10.803573 
6115,2448,208.76,10.797294 
6116,2448,208.76,10.787407 
6117,2445,208.11,10.788338 
6118,2448,208.76,10.800086 
6119,2441,207.24,10.790200 
6120,2450,209.20,10.816373 
6121,2453,209.85,10.784853 
6122,2453,209.85,10.774965 
6123,2460,211.38,10.775893 
6124,2464,212.25,10.751579 
6125,2462,211.82,10.738079 
6126,2467,212.91,10.746214 
6127,2465,212.47,10.729107 
6128,2477,215.09,10.737240 
6129,2475,214.65,10.694890 
6130,2479,215.52,10.703017 
6131,2474,214.43,10.689509 
6132,2478,215.30,10.708454 
6133,2480,215.74,10.694947 
6134,2478,215.30,10.688650 
6135,2485,216.83,10.696776 
6136,2487,217.27,10.672449 
6137,2487,217.27,10.666148 
6138,2489,217.70,10.667059 
6139,2492,218.36,10.660757 
6140,2489,217.70,10.650848 
6141,2492,218.36,10.662575 
6142,2498,219.66,10.652665 
6143,2496,219.23,10.631937 
6144,2499,219.88,10.640054 
6145,2503,220.75,10.630141 
6146,2500,220.10,10.616622 
6147,2510,222.28,10.628342 
6148,2504,220.97,10.593185 
6149,2512,222.72,10.615720 
6150,2512,222.72,10.587773 
6151,2510,222.28,10.588671 
6152,2510,222.28,10.596780 
6153,2511,222.50,10.597678 
6154,2513,222.93,10.594971 
6155,2513,222.93,10.588656 
6156,2515,223.37,10.589554 
6157,2498,219.66,10.583239 
6158,2519,224.24,10.645436 
6159,2521,224.68,10.570615 
6160,2523,225.11,10.564297 
6161,2527,225.99,10.557978 
6162,2526,225.77,10.544445 
6163,2529,226.42,10.548941 
6164,2530,226.64,10.539013 
6165,2530,226.64,10.536296 
6166,2533,227.29,10.537184 
6167,2536,227.95,10.527253 
6168,2542,229.26,10.517323 
6169,2540,228.82,10.496572 
6170,2540,228.82,10.504665 
6171,2556,232.31,10.505548 
6172,2545,229.91,10.448735 
6173,2555,232.09,10.489275 
6174,2543,229.47,10.454096 
6175,2545,229.91,10.498242 
6176,2545,229.91,10.491912 
6177,2550,231.00,10.492792 
6178,2549,230.78,10.475642 
6179,2550,231.00,10.480126 
6180,2556,232.31,10.477398 
6181,2558,232.74,10.456640 
6182,2554,231.87,10.450303 
6183,2559,232.96,10.465600 
6184,2559,232.96,10.448445 
6185,2554,231.87,10.449319 
6186,2559,232.96,10.468222 
6187,2538,228.38,10.451067 
6188,2559,232.96,10.527666 
6189,2559,232.96,10.452824 
6190,2559,232.96,10.453697 
6191,2559,232.96,10.454570 
6192,2559,232.96,10.455443 
6193,2582,237.98,10.456316 
6194,2591,239.94,10.374251 
6195,2587,239.07,10.342659 
6196,2589,239.50,10.357939 
6197,2592,240.16,10.351585 
6198,2595,240.81,10.341625 
6199,2594,240.59,10.331663 
6200,2593,240.37,10.336123 
6201,2597,241.25,10.340584 
6202,2593,240.37,10.327016 
6203,2603,242.55,10.342293 
6204,2601,242.12,10.307088 
6205,2606,243.21,10.315150 
6206,2593,240.37,10.297972 
6207,2602,242.34,10.345698 
6208,2609,243.86,10.314099 
6209,2604,242.77,10.289708 
6210,2610,244.08,10.308585 
6211,2615,245.17,10.287799 
6212,2615,245.17,10.270616 
6213,2611,244.30,10.271460 
6214,2612,244.52,10.286728 
6215,2615,245.17,10.283968 
6216,2623,246.91,10.273995 
6217,2640,250.62,10.245992 
6218,2624,247.13,10.185530 
6219,2615,245.17,10.244056 
6220,2627,247.79,10.277349 
6221,2620,246.26,10.234921 
6222,2626,247.57,10.261002 
6223,2630,248.44,10.240207 
6224,2626,247.57,10.226621 
6225,2636,249.75,10.241881 
6226,2627,247.79,10.206659 
6227,2630,248.44,10.239946 
6228,2635,249.53,10.229966 
6229,2635,249.53,10.212772 
6230,2638,250.18,10.213606 
6231,2635,249.53,10.203622 
6232,2637,249.97,10.215272 
6233,2640,250.62,10.208893 
6234,2640,250.62,10.198908 
6235,2644,251.49,10.199739 
6236,2640,250.62,10.186146 
6237,2640,250.62,10.201399 
6238,2642,251.06,10.202229 
6239,2638,250.18,10.195848 
6240,2647,252.15,10.211102 
6241,2695,262.61,10.179481 
6242,2643,251.27,10.007221 
6243,2646,251.93,10.195535 
6244,2643,251.27,10.185546 
6245,2650,252.80,10.197191 
6246,2655,253.89,10.172779 
6247,2646,251.93,10.155575 
6248,2650,252.80,10.188852 
6249,2646,251.93,10.175256 
6250,2653,253.45,10.190506 
6251,2646,251.93,10.166092 
6252,2646,251.93,10.192158 
6253,2653,253.45,10.192986 
6254,2643,251.27,10.168572 
6255,2643,251.27,10.205456 
6256,2647,252.15,10.206285 
6257,2646,251.93,10.192691 
6258,2649,252.58,10.197124 
6259,2645,251.71,10.187134 
6260,2645,251.71,10.202384 
6261,2643,251.27,10.203213 
6262,2646,251.93,10.211253 
6263,2641,250.84,10.201264 
6264,2640,250.62,10.220122 
6265,2642,251.06,10.224559 
6266,2641,250.84,10.218178 
6267,2638,250.18,10.222613 
6268,2640,250.62,10.234262 
6269,2638,250.18,10.227882 
6270,2640,250.62,10.235925 
6271,2635,249.53,10.229546 
6272,2639,250.40,10.248406 
6273,2639,250.40,10.234816 
6274,2634,249.31,10.235647 
6275,2636,249.75,10.254509 
6276,2633,249.09,10.248131 
6277,2635,249.53,10.259782 
6278,2635,249.53,10.253405 
6279,2637,249.97,10.254238 
6280,2635,249.53,10.247860 
6281,2633,249.09,10.255904 
6282,2634,249.31,10.263949 
6283,2638,250.18,10.261178 
6284,2634,249.31,10.247588 
6285,2634,249.31,10.262844 
6286,2632,248.88,10.263679 
6287,2629,248.22,10.271725 
6288,2638,250.18,10.283378 
6289,2633,249.09,10.251760 
6290,2629,248.22,10.270622 
6291,2634,249.31,10.285881 
6292,2626,247.57,10.268688 
6293,2638,250.18,10.298369 
6294,2630,248.44,10.255936 
6295,2637,249.97,10.285616 
6296,2624,247.13,10.261210 
6297,2625,247.35,10.308921 
6298,2626,247.57,10.306154 
6299,2626,247.57,10.303387 
6300,2624,247.13,10.304225 
6301,2626,247.57,10.312275 
6302,2632,248.88,10.305902 
6303,2629,248.22,10.285105 
6304,2625,247.35,10.296758 
6305,2627,247.79,10.312018 
6306,2610,244.08,10.305645 
6307,2624,247.13,10.367785 
6308,2624,247.13,10.318148 
6309,2624,247.13,10.318987 
6310,2621,246.48,10.319826 
6311,2619,246.04,10.331483 
6312,2620,246.26,10.339536 
6313,2614,244.95,10.336772 
6314,2618,245.82,10.359249 
6315,2613,244.73,10.345670 
6316,2614,244.95,10.364542 
6317,2615,245.17,10.361781 
6318,2611,244.30,10.359019 
6319,2607,243.43,10.374288 
6320,2610,244.08,10.389558 
6321,2618,245.82,10.379587 
6322,2613,244.73,10.351586 
6323,2617,245.61,10.370459 
6324,2609,243.86,10.356879 
6325,2610,244.08,10.386570 
6326,2608,243.64,10.383811 
6327,2608,243.64,10.391870 
6328,2607,243.43,10.392717 
6329,2608,243.64,10.397171 
6330,2608,243.64,10.394413 
6331,2603,242.55,10.395261 
6332,2604,242.77,10.414138 
6333,2605,242.99,10.411383 
6334,2605,242.99,10.408626 
6335,2603,242.55,10.409475 
6336,2602,242.34,10.417536 
6337,2602,242.34,10.421992 
6338,2602,242.34,10.422843 
6339,2601,242.12,10.423694 
6340,2597,241.25,10.428150 
6341,2600,241.90,10.443425 
6342,2595,240.81,10.433461 
6343,2595,240.81,10.452343 
6344,2596,241.03,10.453197 
6345,2592,240.16,10.450445 
6346,2592,240.16,10.465723 
6347,2592,240.16,10.466578 
6348,2597,241.25,10.467435 
6349,2598,241.46,10.450260 
6350,2588,239.28,10.447508 
6351,2592,240.16,10.484421 
6352,2587,239.07,10.470855 
6353,2585,238.63,10.489740 
6354,2590,239.72,10.497810 
6355,2587,239.07,10.480640 
6356,2583,238.19,10.492315 
6357,2587,239.07,10.507598 
6358,2585,238.63,10.494034 
6359,2582,237.98,10.502105 
6360,2583,238.19,10.513782 
6361,2559,232.96,10.511037 
6362,2582,237.98,10.598441 
6363,2559,232.96,10.516376 
6364,2559,232.96,10.600175 
6365,2559,232.96,10.601048 
6366,2559,232.96,10.601921 
6367,2559,232.96,10.602794 
6368,2559,232.96,10.603667 
6369,2559,232.96,10.604540 
6370,2559,232.96,10.605412 
6371,2559,232.96,10.606286 
6372,2559,232.96,10.607159 
6373,2559,232.96,10.608032 
6374,2559,232.96,10.608905 
6375,2559,232.96,10.609777 
6376,2559,232.96,10.610651 
6377,2581,237.76,10.611524 
6378,2559,232.96,10.533066 
6379,2559,232.96,10.613258 
6380,2559,232.96,10.614131 
6381,2559,232.96,10.615005 
6382,2559,232.96,10.615877 
6383,2559,232.96,10.616751 
6384,2559,232.96,10.617623 
6385,2559,232.96,10.618496 
6386,2559,232.96,10.619370 
6387,2559,232.96,10.620242 
6388,2559,232.96,10.621115 
6389,2559,232.96,10.621988 
6390,2557,232.53,10.622861 
6391,2559,232.96,10.630946 
6392,2559,232.96,10.624608 
6393,2559,232.96,10.625482 
6394,2588,239.28,10.626354 
6395,2559,232.96,10.522654 
6396,2559,232.96,10.628085 
6397,2559,232.96,10.628958 
6398,2559,232.96,10.629831 
6399,2556,232.31,10.630704 
6400,2558,232.74,10.642395 
6401,2559,232.96,10.636058 
6402,2554,231.87,10.633325 
6403,2556,232.31,10.652228 
6404,2551,231.22,10.645891 
6405,2555,232.09,10.664796 
6406,2557,232.53,10.651249 
6407,2548,230.56,10.644913 
6408,2547,230.35,10.678240 
6409,2546,230.13,10.682725 
6410,2549,230.78,10.687210 
6411,2609,243.86,10.677272 
6412,2544,229.69,10.461791 
6413,2545,229.91,10.697027 
6414,2544,229.69,10.694302 
6415,2545,229.91,10.698788 
6416,2537,228.17,10.696063 
6417,2543,229.47,10.725791 
6418,2544,229.69,10.705039 
6419,2539,228.60,10.702314 
6420,2544,229.69,10.721225 
6421,2539,228.60,10.704079 
6422,2542,229.26,10.722989 
6423,2543,229.47,10.713055 
6424,2538,228.38,10.710331 
6425,2544,229.69,10.729241 
6426,2539,228.60,10.708489 
6427,2543,229.47,10.727401 
6428,2543,229.47,10.713860 
6429,2540,228.82,10.714741 
6430,2541,229.04,10.726440 
6431,2532,227.08,10.723718 
6432,2559,232.96,10.757053 
6433,2539,228.60,10.660579 
6434,2533,227.29,10.733571 
6435,2533,227.29,10.756090 
6436,2538,228.38,10.756977 
6437,2535,227.73,10.739834 
6438,2534,227.51,10.751535 
6439,2533,227.29,10.756027 
6440,2542,229.26,10.760519 
6441,2531,226.86,10.728951 
6442,2536,227.95,10.769499 
6443,2532,227.08,10.752357 
6444,2529,226.42,10.767666 
6445,2528,226.20,10.779370 
6446,2529,226.42,10.783865 
6447,2524,225.33,10.781148 
6448,2529,226.42,10.800066 
6449,2530,226.64,10.782928 
6450,2525,225.55,10.780210 
6451,2522,224.90,10.799129 
6452,2527,225.99,10.810837 
6453,2512,222.72,10.793699 
6454,2524,225.33,10.848679 
6455,2521,224.68,10.806304 
6456,2518,224.02,10.818013 
6457,2518,224.02,10.829723 
6458,2517,223.81,10.830618 
6459,2518,224.02,10.835118 
6460,2518,224.02,10.832407 
6461,2518,224.02,10.833301 
6462,2518,224.02,10.834195 
6463,2518,224.02,10.835090 
6464,2516,223.59,10.835983 
6465,2517,223.81,10.844090 
6466,2516,223.59,10.841379 
6467,2543,229.47,10.845880 
6468,2503,220.75,10.749413 
6469,2513,222.93,10.894534 
6470,2512,222.72,10.859376 
6471,2512,222.72,10.863879 
6472,2510,222.28,10.864777 
6473,2510,222.28,10.872886 
6474,2512,222.72,10.873784 
6475,2508,221.84,10.867471 
6476,2512,222.72,10.882792 
6477,2513,222.93,10.869267 
6478,2508,221.84,10.866559 
6479,2510,222.28,10.885486 
6480,2510,222.28,10.879173 
6481,2509,222.06,10.880072 
6482,2512,222.72,10.884576 
6483,2512,222.72,10.874657 
6484,2489,217.70,10.875554 
6485,2511,222.50,10.959389 
6486,2509,222.06,10.880967 
6487,2509,222.06,10.889076 
6488,2512,222.72,10.889976 
6489,2503,220.75,10.880056 
6490,2505,221.19,10.913407 
6491,2498,219.66,10.907098 
6492,2507,221.63,10.933241 
6493,2507,221.63,10.901691 
6494,2512,222.72,10.902591 
6495,2500,220.10,10.885461 
6496,2499,219.88,10.929630 
6497,2502,220.54,10.934140 
6498,2496,219.23,10.924226 
6499,2499,219.88,10.946765 
6500,2469,213.34,10.936852 
6501,2486,217.05,11.045936 
6502,2498,219.66,10.985554 
6503,2496,219.23,10.943192 
6504,2495,219.01,10.951309 
6505,2496,219.23,10.955821 
6506,2494,218.79,10.953121 
6507,2495,219.01,10.961239 
6508,2491,218.14,10.958540 
6509,2487,217.27,10.973869 
6510,2489,217.70,10.989202 
6511,2495,219.01,10.982901 
6512,2493,218.57,10.962173 
6513,2542,229.26,10.970291 
6514,2493,218.57,10.794506 
6515,2496,219.23,10.972080 
6516,2495,219.01,10.962170 
6517,2495,219.01,10.966681 
6518,2491,218.14,10.967587 
6519,2494,218.79,10.982918 
6520,2497,219.45,10.973008 
6521,2493,218.57,10.963097 
6522,2496,219.23,10.978426 
6523,2488,217.48,10.968515 
6524,2491,218.14,10.998269 
6525,2490,217.92,10.988360 
6526,2491,218.14,10.992875 
6527,2486,217.05,10.990177 
6528,2496,219.23,11.009115 
6529,2481,215.96,10.973967 
6530,2493,218.57,11.028962 
6531,2482,216.18,10.986604 
6532,2485,216.83,11.027177 
6533,2480,215.74,11.017272 
6534,2480,215.74,11.036213 
6535,2484,216.61,11.037127 
6536,2483,216.39,11.023617 
6537,2485,216.83,11.028134 
6538,2479,215.52,11.021835 
6539,2482,216.18,11.044382 
6540,2480,215.74,11.034479 
6541,2480,215.74,11.042603 
6542,2480,215.74,11.043518 
6543,2480,215.74,11.044432 
6544,2481,215.96,11.045345 
6545,2482,216.18,11.042654 
6546,2466,212.69,11.039961 
6547,2480,215.74,11.098570 
6548,2478,215.30,11.049007 
6549,2464,212.25,11.057133 
6550,2478,215.30,11.108532 
6551,2471,213.78,11.058970 
6552,2478,215.30,11.085127 
6553,2469,213.34,11.060803 
6554,2475,214.65,11.094172 
6555,2474,214.43,11.073457 
6556,2471,213.78,11.077979 
6557,2482,216.18,11.089714 
6558,2478,215.30,11.050967 
6559,2474,214.43,11.066303 
6560,2480,215.74,11.081642 
6561,2479,215.52,11.060924 
6562,2478,215.30,11.065443 
6563,2477,215.09,11.069964 
6564,2475,214.65,11.074485 
6565,2476,214.87,11.082612 
6566,2471,213.78,11.079923 
6567,2470,213.56,11.098869 
6568,2471,213.78,11.103394 
6569,2466,212.69,11.100707 
6570,2465,212.47,11.119655 
6571,2465,212.47,11.124183 
6572,2470,213.56,11.125104 
6573,2462,211.82,11.107996 
6574,2468,213.12,11.137763 
6575,2466,212.69,11.117050 
6576,2466,212.69,11.125182 
6577,2470,213.56,11.126103 
6578,2474,214.43,11.112601 
6579,2475,214.65,11.099096 
6580,2467,212.91,11.096407 
6581,2470,213.56,11.126171 
6582,2466,212.69,11.116274 
6583,2472,214.00,11.131618 
6584,2460,211.38,11.110903 
6585,2462,211.82,11.155092 
6586,2461,211.60,11.148805 
6587,2458,210.94,11.153334 
6588,2463,212.03,11.165075 
6589,2457,210.73,11.147971 
6590,2390,196.12,11.170530 
6591,2455,210.29,11.413056 
6592,2460,211.38,11.179628 
6593,2465,212.47,11.162525 
6594,2458,210.94,11.145420 
6595,2453,209.85,11.171583 
6596,2460,211.38,11.190538 
6597,2454,210.07,11.166224 
6598,2459,211.16,11.188785 
6599,2461,211.60,11.171682 
6600,2453,209.85,11.165395 
6601,2455,210.29,11.195167 
6602,2454,210.07,11.188883 
6603,2453,209.85,11.193416 
6604,2448,208.76,11.197949 
6605,2457,210.73,11.216907 
6606,2449,208.98,11.185384 
6607,2448,208.76,11.215158 
6608,2416,201.79,11.219693 
6609,2443,207.67,11.336016 
6610,2447,208.55,11.239601 
6611,2448,208.76,11.226110 
6612,2448,208.76,11.223435 
6613,2442,207.46,11.224365 
6614,2446,208.33,11.246932 
6615,2445,208.11,11.233442 
6616,2442,207.46,11.237980 
6617,2444,207.89,11.249729 
6618,2443,207.67,11.243451 
6619,2434,205.71,11.247990 
6620,2441,207.24,11.281377 
6621,2437,206.37,11.257072 
6622,2434,205.71,11.272430 
6623,2432,205.28,11.284184 
6624,2437,206.37,11.292335 
6625,2451,209.42,11.275244 
6626,2438,206.58,11.225697 
6627,2429,204.62,11.273503 
6628,2438,206.58,11.306892 
6629,2436,206.15,11.275379 
6630,2438,206.58,11.283526 
6631,2435,205.93,11.277251 
6632,2434,205.71,11.289005 
6633,2435,205.93,11.293549 
6634,2434,205.71,11.290880 
6635,2429,204.62,11.295424 
6636,2430,204.84,11.314391 
6637,2437,206.37,11.311726 
6638,2431,205.06,11.287423 
6639,2433,205.49,11.309996 
6640,2423,203.31,11.303723 
6641,2426,203.97,11.340721 
6642,2429,204.62,11.330847 
6643,2425,203.75,11.320971 
6644,2423,203.31,11.336335 
6645,2422,203.10,11.344489 
6646,2399,198.08,11.349039 
6647,2421,202.88,11.432920 
6648,2421,202.88,11.354545 
6649,2421,202.88,11.355490 
6650,2415,201.57,11.356434 
6651,2417,202.01,11.379014 
6652,2420,202.66,11.372750 
6653,2416,201.79,11.362879 
6654,2420,202.66,11.378248 
6655,2416,201.79,11.364771 
6656,2415,201.57,11.380140 
6657,2416,201.79,11.384693 
6658,2416,201.79,11.382034 
6659,2417,202.01,11.382982 
6660,2413,201.13,11.380323 
6661,2415,201.57,11.395694 
6662,2414,201.35,11.389430 
6663,2415,201.57,11.393984 
6664,2411,200.70,11.391326 
6665,2406,199.61,11.406697 
6666,2410,200.48,11.425677 
6667,2410,200.48,11.412206 
6668,2412,200.92,11.413156 
6669,2416,201.79,11.406894 
6670,2416,201.79,11.393419 
6671,2413,201.13,11.394366 
6672,2410,200.48,11.406132 
6673,2410,200.48,11.417898 
6674,2416,201.79,11.418848 
6675,2410,200.48,11.398163 
6676,2403,198.95,11.420746 
6677,2403,198.95,11.446938 
6678,2402,198.74,11.447892 
6679,2404,199.17,11.452452 
6680,2406,199.61,11.446194 
6681,2400,198.30,11.439936 
6682,2402,198.74,11.462523 
6683,2405,199.39,11.456267 
6684,2397,197.65,11.446404 
6685,2398,197.86,11.476204 
6686,2397,197.65,11.473556 
6687,2400,198.30,11.478118 
6688,2394,196.99,11.468257 
6689,2395,197.21,11.490848 
6690,2393,196.77,11.488200 
6691,2393,196.77,11.496370 
6692,2391,196.34,11.497330 
6693,2395,197.21,11.505501 
6694,2384,194.81,11.492037 
6695,2391,196.34,11.532660 
6696,2387,195.47,11.508383 
6697,2384,194.81,11.523767 
6698,2388,195.68,11.535546 
6699,2384,194.81,11.522086 
6700,2385,195.03,11.537472 
6701,2384,194.81,11.534830 
6702,2384,194.81,11.539399 
6703,2384,194.81,11.540362 
6704,2382,194.38,11.541327 
6705,2384,194.81,11.549501 
6706,2378,193.50,11.543255 
6707,2377,193.29,11.565854 
6708,2381,194.16,11.570427 
6709,2352,187.84,11.556971 
6710,2383,194.59,11.662509 
6711,2384,194.81,11.551704 
6712,2381,194.16,11.549063 
6713,2384,194.81,11.560844 
6714,2377,193.29,11.550991 
6715,2383,194.59,11.577197 
6716,2384,194.81,11.556529 
6717,2380,193.94,11.553886 
6718,2366,190.89,11.569274 
6719,2355,188.49,11.620724 
6720,2352,187.84,11.661363 
6721,2351,187.62,11.673160 
6722,2352,187.84,11.677746 
6723,2352,187.84,11.675120 
6724,2317,180.21,11.676101 
6725,2352,187.84,11.803290 
6726,2349,187.18,11.678080 
6727,2340,185.22,11.689878 
6728,2336,184.35,11.723313 
6729,2349,187.18,11.738724 
6730,2330,183.04,11.692835 
6731,2326,182.17,11.762330 
6732,2319,180.64,11.777746 
6733,2309,178.46,11.803982 
6734,2304,177.37,11.841039 
6735,2294,175.19,11.860071 
6736,2288,173.88,11.897137 
6737,2280,172.14,11.919783 
6738,2274,170.83,11.949644 
6739,2266,169.09,11.972298 
6740,2256,166.91,12.002166 
6741,2247,164.95,12.039250 
6742,2240,163.42,12.072735 
6743,2239,163.20,12.099011 
6744,2227,160.59,12.103656 
6745,2222,159.50,12.147966 
6746,2210,156.88,12.167041 
6747,2205,155.79,12.211361 
