ets Jul 29 2019 12:21:46

rst:0x1 (POWERON_RESET),boot:0x12 (SPI_FAST_FLASH_BOOT)
configsip: 0, SPIWP:0xee
clk_drv:0x00,q_drv:0x00,d_drv:0x00,cs0_drv:0x00,hd_drv:0x00,wp_drv:0x00
mode:DIO, clock div:2
load:0x3fff0040,len:6272
load:0x40078000,len:15848
load:0x40080400,len:3920
entry 0x40080644
I (27) boot: ESP-IDF v6.0 2nd stage bootloader
I (27) boot: compile time Apr 23 2026 08:09:33
I (28) boot: Multicore bootloader
I (29) boot: chip revision: v3.1
I (31) boot.esp32: SPI Speed      : 40MHz
I (35) boot.esp32: SPI Mode       : DIO
I (39) boot.esp32: SPI Flash Size : 2MB
I (42) boot: Enabling RNG early entropy source...
I (47) boot: Partition Table:
I (49) boot: ## Label            Usage          Type ST Offset   Length
I (56) boot:  0 nvs              WiFi data        01 02 00009000 00006000
I (62) boot:  1 phy_init         RF data          01 01 0000f000 00001000
I (69) boot:  2 factory          factory app      00 00 00010000 00100000
I (75) boot: End of partition table
I (79) esp_image: segment 0: paddr=00010020 vaddr=3f400020 size=09668h ( 38504) map
I (100) esp_image: segment 1: paddr=00019690 vaddr=3ffb0000 size=02a2ch ( 10796) load
I (104) esp_image: segment 2: paddr=0001c0c4 vaddr=40080000 size=03f54h ( 16212) load
I (111) esp_image: segment 3: paddr=00020020 vaddr=400d0020 size=0f6f4h ( 63220) map
I (134) esp_image: segment 4: paddr=0002f71c vaddr=40083f54 size=06e28h ( 28200) load
I (146) esp_image: segment 5: paddr=0003654c vaddr=50000000 size=00028h (    40) load
I (152) boot: Loaded app from partition at offset 0x10000
I (152) boot: Disabling RNG early entropy source...
I (164) cpu_start: Multicore app
I (172) cpu_start: GPIO 3 and 1 are used as console UART I/O pins
I (172) cpu_start: Pro cpu start user code
I (172) cpu_start: cpu freq: 160000000 Hz
I (174) app_init: Application information:
I (178) app_init: Project name:     app-template
I (182) app_init: App version:      1
I (186) app_init: Compile time:     Apr 23 2026 08:07:59
I (191) app_init: ELF file SHA256:  6063bd185...
I (195) app_init: ESP-IDF:          v6.0
I (199) efuse_init: Min chip rev:     v0.0
I (203) efuse_init: Max chip rev:     v3.99 
I (207) efuse_init: Chip rev:         v3.1
I (211) heap_init: Initializing. RAM available for dynamic allocation:
I (217) heap_init: At 3FFAE6E0 len 00001920 (6 KiB): DRAM
I (222) heap_init: At 3FFB3410 len 0002CBF0 (178 KiB): DRAM
I (227) heap_init: At 3FFE0440 len 00003AE0 (14 KiB): D/IRAM
I (232) heap_init: At 3FFE4350 len 0001BCB0 (111 KiB): D/IRAM
I (238) heap_init: At 4008AD7C len 00015284 (84 KiB): IRAM
I (245) spi_flash: detected chip: generic
I (247) spi_flash: flash io: dio
W (250) spi_flash: Detected size(4096k) larger than the size in the binary image header(2048k). Using the size in the binary image header.
I (263) main_task: Started on CPU0
I (273) main_task: Calling app_main()
1,1632,40.39,0.000000,50.000000 
2,1631,40.09,0.159018,50.000000 
3,1631,40.09,0.163872,50.000000 
4,1630,39.80,0.163896,50.000000 
5,1637,41.85,0.168752,50.000000 
6,1629,39.51,0.134981,50.000000 
Forno LIGADO: a=2 [°C / min]
Forno LIGADO: a=2 [°C / min]
Forno LIGADO: a=2 [°C / min]
Forno LIGADO: a=2 [°C / min]
Forno LIGADO: a=2 [°C / min]
Forno LIGADO: a=2 [°C / min]
Forno LIGADO: a=2 [°C / min]
Forno LIGADO: a=2 [°C / min]
7,1623,37.75,0.173629,50.000000 
8,1635,41.26,0.202689,50.000000 
9,1639,42.43,0.144703,50.000000 
10,1634,40.97,0.125433,50.000000 
11,1634,40.97,0.149568,50.000000 
12,1633,40.68,0.149589,50.000000 
13,1642,43.30,0.154439,50.000000 
14,1637,41.85,0.111065,50.000000 
15,1629,39.51,0.135174,50.000000 
16,1638,42.14,0.173823,50.000000 
17,1635,41.26,0.130397,50.000000 
18,1633,40.68,0.144886,50.000000 
19,1635,41.26,0.154561,50.000000 
20,1639,42.43,0.144929,50.000000 
21,1637,41.85,0.125659,50.000000 
22,1633,40.68,0.135319,50.000000 
23,1648,45.05,0.154641,50.000000 
24,1636,41.55,0.082405,50.000000 
25,1642,43.30,0.140196,50.000000 
26,1640,42.72,0.111299,50.000000 
27,1640,42.72,0.120948,50.000000 
28,1650,45.63,0.120965,50.000000 
29,1636,41.55,0.072878,50.000000 
30,1645,44.17,0.140277,50.000000 
31,1635,41.26,0.096942,50.000000 
32,1636,41.55,0.145136,50.000000 
33,1636,41.55,0.140332,50.000000 
34,1637,41.85,0.140352,50.000000 
35,1641,43.01,0.135549,50.000000 
36,1643,43.59,0.116290,50.000000 
37,1637,41.85,0.106677,50.000000 
38,1650,45.63,0.135600,50.000000 
39,1629,39.51,0.073054,50.000000 
40,1643,43.59,0.174258,50.000000 
41,1638,42.14,0.106747,50.000000 
42,1637,41.85,0.130848,50.000000 
43,1637,41.85,0.135688,50.000000 
44,1633,40.68,0.135708,50.000000 
45,1638,42.14,0.155030,50.000000 
46,1642,43.30,0.130928,50.000000 
47,1639,42.43,0.111674,50.000000 
48,1645,44.17,0.126142,50.000000 
49,1643,43.59,0.097270,50.000000 
50,1645,44.17,0.106908,50.000000 
51,1643,43.59,0.097299,50.000000 
52,1648,45.05,0.106937,50.000000 
53,1646,44.47,0.082904,50.000000 
54,1645,44.17,0.092531,50.000000 
55,1645,44.17,0.097353,50.000000 
56,1647,44.76,0.097367,50.000000 
57,1646,44.47,0.087763,50.000000 
58,1645,44.17,0.092584,50.000000 
59,1647,44.76,0.097407,50.000000 
60,1643,43.59,0.087803,50.000000 
61,1646,44.47,0.107057,50.000000 
62,1647,44.76,0.092639,50.000000 
63,1647,44.76,0.087844,50.000000 
64,1647,44.76,0.087856,50.000000 
65,1644,43.88,0.087869,50.000000 
66,1638,42.14,0.102310,50.000000 
67,1638,42.14,0.131223,50.000000 
68,1642,43.30,0.131242,50.000000 
69,1639,42.43,0.111989,50.000000 
70,1649,45.34,0.126457,50.000000 
71,1642,43.30,0.078355,50.000000 
72,1642,43.30,0.112034,50.000000 
73,1646,44.47,0.112050,50.000000 
74,1648,45.05,0.092818,50.000000 
75,1649,45.34,0.083217,50.000000 
76,1648,45.05,0.078423,50.000000 
77,1648,45.05,0.083240,50.000000 
78,1648,45.05,0.083251,50.000000 
79,1647,44.76,0.083263,50.000000 
80,1646,44.47,0.088081,50.000000 
81,1630,39.80,0.092902,50.000000 
82,1648,45.05,0.170051,50.000000 
83,1642,43.30,0.083325,50.000000 
84,1642,43.30,0.112199,50.000000 
85,1626,38.63,0.112215,50.000000 
86,1642,43.30,0.189464,50.000000 
87,1648,45.05,0.112258,50.000000 
88,1638,42.14,0.083411,50.000000 
89,1647,44.76,0.131557,50.000000 
90,1647,44.76,0.088248,50.000000 
91,1647,44.76,0.088261,50.000000 
92,1646,44.47,0.088273,50.000000 
93,1643,43.59,0.093094,50.000000 
94,1647,44.76,0.107541,50.000000 
95,1648,45.05,0.088314,50.000000 
96,1650,45.63,0.083520,50.000000 
97,1648,45.05,0.073923,50.000000 
98,1648,45.05,0.083542,50.000000 
99,1648,45.05,0.083554,50.000000 
100,1647,44.76,0.083566,50.040001 
101,1648,45.05,0.089046,50.080002 
102,1651,45.92,0.084914,50.119999 
103,1643,43.59,0.071176,50.160000 
104,1649,45.34,0.110307,50.200001 
105,1648,45.05,0.082131,50.240002 
106,1648,45.05,0.087609,50.279999 
107,1648,45.05,0.088283,50.320000 
108,1648,45.05,0.088957,50.360001 
109,1648,45.05,0.089632,50.400002 
110,1648,45.05,0.090306,50.439999 
111,1646,44.47,0.090980,50.480000 
112,1683,55.16,0.101269,50.520000 
113,1648,45.05,-0.074946,50.560001 
114,1646,44.47,0.092981,50.599998 
115,1647,44.76,0.103271,50.639999 
116,1648,45.05,0.099139,50.680000 
117,1650,45.63,0.095008,50.720001 
118,1650,45.63,0.086074,50.759998 
119,1651,45.92,0.086748,50.799999 
120,1649,45.34,0.082620,50.840000 
121,1654,46.79,0.092899,50.880001 
122,1650,45.63,0.069571,50.919998 
123,1653,46.50,0.089441,50.959999 
124,1654,46.79,0.075714,51.000000 
125,1650,45.63,0.071588,51.040001 
126,1651,45.92,0.091459,51.080002 
127,1650,45.63,0.087332,51.119999 
128,1648,45.05,0.092808,51.160000 
129,1651,45.92,0.103091,51.200001 
130,1648,45.05,0.089357,51.240002 
131,1649,45.34,0.104442,51.279999 
132,1648,45.05,0.100313,51.320000 
133,1649,45.34,0.105794,51.360001 
134,1649,45.34,0.101665,51.400002 
135,1691,57.46,0.102341,51.439999 
136,1648,45.05,-0.097428,51.480000 
137,1648,45.05,0.108470,51.520000 
138,1650,45.63,0.109147,51.560001 
139,1645,44.17,0.100215,51.599998 
140,1648,45.05,0.124924,51.639999 
141,1650,45.63,0.111179,51.680000 
142,1644,43.88,0.102247,51.720001 
143,1651,45.92,0.131768,51.759998 
144,1654,46.79,0.098802,51.799999 
145,1652,46.21,0.085080,51.840000 
146,1648,45.05,0.095350,51.880001 
147,1654,46.79,0.115237,51.919998 
148,1650,45.63,0.087107,51.959999 
149,1653,46.50,0.106980,52.000000 
150,1654,46.79,0.093255,52.040001 
151,1654,46.79,0.089132,52.080002 
152,1653,46.50,0.089806,52.119999 
153,1662,49.11,0.095278,52.160000 
154,1655,47.08,0.052830,52.200001 
155,1650,45.63,0.087028,52.240002 
156,1648,45.05,0.111697,52.279999 
157,1649,45.34,0.121983,52.320000 
158,1649,45.34,0.117857,52.360001 
159,1650,45.63,0.118535,52.400002 
160,1650,45.63,0.114410,52.439999 
161,1633,40.68,0.115088,52.480000 
162,1648,45.05,0.197633,52.520000 
163,1649,45.34,0.126064,52.560001 
164,1636,41.55,0.121938,52.599998 
165,1658,47.95,0.185202,52.639999 
166,1648,45.05,0.080127,52.680000 
167,1650,45.63,0.128783,52.720001 
168,1648,45.05,0.119854,52.759998 
169,1649,45.34,0.130141,52.799999 
170,1650,45.63,0.126016,52.840000 
171,1651,45.92,0.121892,52.880001 
172,1655,47.08,0.117769,52.919998 
173,1653,46.50,0.099254,52.959999 
174,1663,49.39,0.109523,53.000000 
175,1653,46.50,0.062293,53.040001 
176,1658,47.95,0.110870,53.080002 
177,1654,46.79,0.087575,53.119999 
178,1656,47.37,0.107424,53.160000 
179,1657,47.66,0.098510,53.200001 
180,1654,46.79,0.094392,53.240002 
181,1661,48.82,0.109451,53.279999 
182,1657,47.66,0.076587,53.320000 
183,1659,48.24,0.096416,53.360001 
184,1663,49.39,0.087510,53.400002 
185,1660,48.53,0.069039,53.439999 
186,1661,48.82,0.084067,53.480000 
187,1661,48.82,0.079953,53.520000 
188,1662,49.11,0.080626,53.560001 
189,1662,49.11,0.076513,53.599998 
190,1658,47.95,0.077186,53.639999 
191,1655,47.08,0.097009,53.680000 
192,1658,47.95,0.112063,53.720001 
193,1660,48.53,0.098361,53.759998 
194,1655,47.08,0.089458,53.799999 
195,1658,47.95,0.114090,53.840000 
196,1664,49.68,0.100388,53.880001 
197,1662,49.11,0.072347,53.919998 
198,1657,47.66,0.082585,53.959999 
199,1660,48.53,0.107200,54.000000 
200,1661,48.82,0.093507,54.040001 
201,1659,48.24,0.089395,54.080002 
202,1659,48.24,0.099644,54.119999 
203,1659,48.24,0.100320,54.160000 
204,1658,47.95,0.100995,54.200001 
205,1688,56.60,0.106461,54.240002 
206,1662,49.11,-0.035901,54.279999 
207,1662,49.11,0.088643,54.320000 
208,1661,48.82,0.089317,54.360001 
209,1663,49.39,0.094776,54.400002 
210,1669,51.13,0.085882,54.439999 
211,1664,49.68,0.057884,54.480000 
212,1663,49.39,0.082443,54.520000 
213,1664,49.68,0.087898,54.560001 
214,1662,49.11,0.083789,54.599998 
215,1664,49.68,0.094029,54.639999 
216,1668,50.84,0.085137,54.680000 
217,1665,49.97,0.066697,54.720001 
218,1665,49.97,0.081701,54.759998 
219,1665,49.97,0.082374,54.799999 
220,1665,49.97,0.083047,54.840000 
221,1676,53.15,0.083720,54.880001 
222,1666,50.26,0.031904,54.919998 
223,1665,49.97,0.080280,54.959999 
224,1664,49.68,0.085732,55.000000 
225,1667,50.55,0.091186,55.040001 
226,1664,49.68,0.077522,55.080002 
227,1664,49.68,0.092533,55.119999 
228,1664,49.68,0.093207,55.160000 
229,1666,50.26,0.093882,55.200001 
230,1666,50.26,0.084996,55.240002 
231,1663,49.39,0.085669,55.279999 
232,1664,49.68,0.100686,55.320000 
233,1670,51.42,0.096579,55.360001 
234,1661,48.82,0.068591,55.400002 
235,1666,50.26,0.112276,55.439999 
236,1665,49.97,0.089042,55.480000 
237,1666,50.26,0.094495,55.520000 
238,1664,49.68,0.090391,55.560001 
239,1660,48.53,0.100625,55.599998 
240,1666,50.26,0.120439,55.639999 
241,1664,49.68,0.092419,55.680000 
242,1663,49.39,0.102654,55.720001 
243,1675,52.86,0.108112,55.759998 
244,1664,49.68,0.051500,55.799999 
245,1664,49.68,0.104675,55.840000 
246,1662,49.11,0.105351,55.880001 
247,1661,48.82,0.115593,55.919998 
248,1663,49.39,0.121057,55.959999 
249,1658,47.95,0.112166,56.000000 
250,1662,49.11,0.136778,56.040001 
251,1665,49.97,0.118308,56.080002 
252,1669,51.13,0.104639,56.119999 
253,1666,50.26,0.086207,56.160000 
254,1666,50.26,0.101209,56.200001 
255,1672,51.99,0.101885,56.240002 
256,1667,50.55,0.073916,56.279999 
257,1666,50.26,0.098455,56.320000 
258,1679,54.01,0.103908,56.360001 
259,1669,51.13,0.042590,56.400002 
260,1675,52.86,0.090922,56.439999 
261,1659,48.24,0.062979,56.480000 
262,1671,51.71,0.140082,56.520000 
263,1667,50.55,0.083403,56.560001 
264,1666,50.26,0.103172,56.599998 
265,1670,51.42,0.108626,56.639999 
266,1665,49.97,0.090200,56.680000 
267,1681,54.58,0.114756,56.720001 
268,1666,50.26,0.039146,56.759998 
269,1666,50.26,0.111321,56.799999 
270,1664,49.68,0.111998,56.840000 
271,1663,49.39,0.122235,56.880001 
272,1664,49.68,0.127696,56.919998 
273,1664,49.68,0.123593,56.959999 
274,1671,51.71,0.124272,57.000000 
275,1667,50.55,0.091517,57.040001 
276,1712,63.45,0.111287,57.080002 
277,1665,49.97,-0.101469,57.119999 
278,1662,49.11,0.122168,57.160000 
279,1657,47.66,0.137194,57.200001 
280,1661,48.82,0.161817,57.240002 
281,1666,50.26,0.143344,57.279999 
282,1648,45.05,0.120114,57.320000 
283,1664,49.68,0.207053,57.360001 
284,1665,49.97,0.131044,57.400002 
285,1665,49.97,0.126943,57.439999 
286,1666,50.26,0.127622,57.480000 
287,1665,49.97,0.123522,57.520000 
288,1664,49.68,0.128980,57.560001 
289,1665,49.97,0.134441,57.599998 
290,1661,48.82,0.130340,57.639999 
291,1668,50.84,0.150152,57.680000 
292,1664,49.68,0.117369,57.720001 
293,1664,49.68,0.137161,57.759998 
294,1666,50.26,0.137842,57.799999 
295,1666,50.26,0.128963,57.840000 
296,1666,50.26,0.129642,57.880001 
297,1664,49.68,0.130322,57.919998 
298,1667,50.55,0.140562,57.959999 
299,1666,50.26,0.126905,58.000000 
300,1670,51.42,0.132362,58.040001 
301,1664,49.68,0.113940,58.080002 
302,1671,51.71,0.143280,58.119999 
303,1671,51.71,0.110528,58.160000 
304,1670,51.42,0.111204,58.200001 
305,1670,51.42,0.116653,58.240002 
306,1671,51.71,0.117331,58.279999 
307,1667,50.55,0.113237,58.320000 
308,1666,50.26,0.133010,58.360001 
309,1667,50.55,0.138468,58.400002 
310,1675,52.86,0.134372,58.439999 
311,1825,95.04,0.096884,58.480000 
312,1663,49.39,-0.600131,58.520000 
313,1669,51.13,0.155422,58.560001 
314,1670,51.42,0.127434,58.599998 
315,1674,52.57,0.123340,58.639999 
316,1673,52.28,0.104941,58.680000 
317,1676,53.15,0.110384,58.720001 
318,1677,53.43,0.096764,58.759998 
319,1668,50.84,0.092676,58.799999 
320,1675,52.86,0.136269,58.840000 
321,1662,49.11,0.103558,58.880001 
322,1671,51.71,0.166306,58.919998 
323,1710,62.88,0.123990,58.959999 
324,1678,53.72,-0.060247,59.000000 
325,1673,52.28,0.091962,59.040001 
326,1665,49.97,0.116457,59.080002 
327,1674,52.57,0.155327,59.119999 
328,1675,52.86,0.113050,59.160000 
329,1677,53.43,0.108962,59.200001 
330,1674,52.57,0.100112,59.240002 
331,1676,53.15,0.115080,59.279999 
332,1669,51.13,0.106227,59.320000 
333,1678,53.72,0.140285,59.360001 
334,1677,53.43,0.098061,59.400002 
335,1679,54.01,0.103497,59.439999 
336,1677,53.43,0.094652,59.480000 
337,1676,53.15,0.104847,59.520000 
338,1677,53.43,0.110286,59.560001 
339,1680,54.30,0.106200,59.599998 
340,1674,52.57,0.092598,59.639999 
341,1676,53.15,0.121843,59.680000 
342,1675,52.86,0.112992,59.720001 
343,1680,54.30,0.118433,59.759998 
344,1676,53.15,0.095306,59.799999 
345,1678,53.72,0.115022,59.840000 
346,1674,52.57,0.106175,59.880001 
347,1677,53.43,0.125905,59.919998 
348,1677,53.43,0.112292,59.959999 
349,1678,53.72,0.112969,60.000000 
350,1680,54.30,0.108885,60.040001 
351,1671,51.71,0.100044,60.080002 
352,1679,54.01,0.143597,60.119999 
353,1680,54.30,0.106159,60.160000 
354,1680,54.30,0.102077,60.200001 
355,1677,53.43,0.102752,60.240002 
356,1680,54.30,0.117707,60.279999 
357,1680,54.30,0.104106,60.320000 
358,1679,54.01,0.104782,60.360001 
359,1680,54.30,0.110216,60.400002 
360,1687,56.31,0.106134,60.439999 
361,1682,54.87,0.073546,60.480000 
362,1680,54.30,0.097970,60.520000 
363,1680,54.30,0.108157,60.560001 
364,1680,54.30,0.108834,60.599998 
365,1680,54.30,0.109510,60.639999 
366,1680,54.30,0.110187,60.680000 
367,1684,55.45,0.110863,60.720001 
368,1681,54.58,0.092523,60.759998 
369,1683,55.16,0.107458,60.799999 
370,1687,56.31,0.098626,60.840000 
371,1687,56.31,0.080301,60.880001 
372,1683,55.16,0.080974,60.919998 
373,1684,55.45,0.100646,60.959999 
374,1681,54.58,0.096569,61.000000 
375,1689,56.88,0.111504,61.040001 
376,1692,57.74,0.074183,61.080002 
377,1689,56.88,0.060630,61.119999 
378,1684,55.45,0.075524,61.160000 
379,1686,56.02,0.099933,61.200001 
380,1697,59.17,0.091109,61.240002 
381,1687,56.31,0.039644,61.279999 
382,1687,56.31,0.087702,61.320000 
383,1683,55.16,0.088376,61.360001 
384,1685,55.73,0.108048,61.400002 
385,1664,49.68,0.099222,61.439999 
386,1680,54.30,0.199977,61.480000 
387,1680,54.30,0.124355,61.520000 
388,1681,54.58,0.125033,61.560001 
389,1681,54.58,0.120956,61.599998 
390,1684,55.45,0.121634,61.639999 
391,1682,54.87,0.108051,61.680000 
392,1673,52.28,0.118233,61.720001 
393,1683,55.16,0.161762,61.759998 
394,1682,54.87,0.114842,61.799999 
395,1683,55.16,0.120273,61.840000 
396,1684,55.45,0.116197,61.880001 
397,1685,55.73,0.112123,61.919998 
398,1684,55.45,0.108049,61.959999 
399,1683,55.16,0.113476,62.000000 
400,1682,54.87,0.118905,62.040001 
401,1685,55.73,0.124337,62.080002 
402,1685,55.73,0.110759,62.119999 
403,1683,55.16,0.111436,62.160000 
404,1683,55.16,0.121615,62.200001 
405,1687,56.31,0.122294,62.240002 
406,1682,54.87,0.103973,62.279999 
407,1683,55.16,0.128401,62.320000 
408,1684,55.45,0.124327,62.360001 
409,1682,54.87,0.120254,62.400002 
410,1684,55.45,0.130438,62.439999 
411,1687,56.31,0.121611,62.480000 
412,1680,54.30,0.108043,62.520000 
413,1692,57.74,0.141983,62.560001 
414,1689,56.88,0.085685,62.599998 
415,1686,56.02,0.100583,62.639999 
416,1697,59.17,0.115496,62.680000 
417,1686,56.02,0.064034,62.720001 
418,1686,56.02,0.116844,62.759998 
419,1690,57.17,0.117521,62.799999 
420,1675,52.86,0.099218,62.840000 
421,1692,57.74,0.171196,62.880001 
422,1685,55.73,0.091097,62.919998 
423,1687,56.31,0.124982,62.959999 
424,1687,56.31,0.116164,63.000000 
425,1691,57.46,0.116842,63.040001 
426,1686,56.02,0.098544,63.080002 
427,1690,57.17,0.122942,63.119999 
428,1687,56.31,0.104639,63.160000 
429,1685,55.73,0.119548,63.200001 
430,1692,57.74,0.129723,63.240002 
431,1698,59.46,0.097191,63.279999 
432,1691,57.46,0.069458,63.320000 
433,1688,56.60,0.103276,63.360001 
434,1702,60.60,0.118181,63.400002 
435,1691,57.46,0.052574,63.439999 
436,1690,57.17,0.105298,63.480000 
437,1685,55.73,0.110715,63.520000 
438,1687,56.31,0.135122,63.560001 
439,1697,59.17,0.126306,63.599998 
440,1680,54.30,0.079593,63.639999 
441,1685,55.73,0.160921,63.680000 
442,1697,59.17,0.137837,63.720001 
443,1689,56.88,0.081629,63.759998 
444,1687,56.31,0.120203,63.799999 
445,1687,56.31,0.130371,63.840000 
446,1689,56.88,0.131051,63.880001 
447,1691,57.46,0.122240,63.919998 
448,1693,58.03,0.113434,63.959999 
449,1690,57.17,0.104633,64.000000 
450,1671,51.71,0.119528,64.040001 
451,1694,58.31,0.210581,64.080002 
452,1691,57.46,0.101940,64.120003 
453,1687,56.31,0.116831,64.160004 
454,1691,57.46,0.136483,64.199997 
455,1692,57.74,0.118189,64.239998 
456,1696,58.89,0.114127,64.279999 
457,1694,58.31,0.095859,64.320000 
458,1691,57.46,0.106003,64.360001 
459,1692,57.74,0.120894,64.400002 
460,1697,59.17,0.116832,64.440002 
461,1694,58.31,0.093833,64.480003 
462,1692,57.74,0.108709,64.519997 
463,1693,58.03,0.118860,64.559998 
464,1681,54.58,0.114800,64.599998 
465,1695,58.60,0.172438,64.639999 
466,1699,59.75,0.106690,64.680000 
467,1692,57.74,0.088440,64.720001 
468,1699,59.75,0.122250,64.760002 
469,1764,78.13,0.089791,64.800003 
470,1696,58.89,-0.213690,64.839996 
471,1697,59.17,0.105287,64.879997 
472,1698,59.46,0.101231,64.919998 
473,1701,60.32,0.097175,64.959999 
474,1697,59.17,0.083666,65.000000 
475,1701,60.32,0.103253,65.040001 
476,1698,59.46,0.085014,65.080002 
477,1705,61.46,0.099871,65.120003 
478,1680,54.30,0.067472,65.160004 
479,1701,60.32,0.186603,65.199997 
480,1727,67.71,0.087720,65.239998 
481,1698,59.46,-0.033958,65.279999 
482,1698,59.46,0.103233,65.320000 
483,1694,58.31,0.103908,65.360001 
484,1700,60.03,0.123516,65.400002 
485,1738,70.82,0.095805,65.440002 
486,1711,63.17,-0.082054,65.480003 
487,1699,59.75,0.045222,65.519997 
488,1693,58.03,0.102523,65.559998 
489,1698,59.46,0.131597,65.599998 
490,1700,60.03,0.108607,65.639999 
491,1699,59.75,0.099827,65.680000 
492,1680,54.30,0.105229,65.720001 
493,1696,58.89,0.196021,65.760002 
494,1699,59.75,0.120786,65.800003 
495,1701,60.32,0.107272,65.839996 
496,1702,60.60,0.098494,65.879997 
497,1701,60.32,0.094444,65.919998 
498,1696,58.89,0.099843,65.959999 
499,1684,55.45,0.124164,66.000000 
500,1682,54.87,0.181749,66.040001 
501,1697,59.17,0.191942,66.080002 
502,1695,58.60,0.121486,66.120003 
503,1702,60.60,0.131630,66.160004 
504,1702,60.60,0.099204,66.199997 
505,1693,58.03,0.099879,66.239998 
506,1706,61.74,0.143131,66.279999 
507,1697,59.17,0.082351,66.320000 
508,1696,58.89,0.125547,66.360001 
509,1701,60.32,0.130958,66.400002 
510,1696,58.89,0.107990,66.440002 
511,1710,62.88,0.132313,66.480003 
512,1695,58.60,0.066878,66.519997 
513,1698,59.46,0.138397,66.559998 
514,1699,59.75,0.124880,66.599998 
515,1697,59.17,0.120829,66.639999 
516,1697,59.17,0.130968,66.680000 
517,1701,60.32,0.131647,66.720001 
518,1701,60.32,0.113412,66.760002 
519,1699,59.75,0.114089,66.800003 
520,1701,60.32,0.124220,66.839996 
521,1697,59.17,0.115445,66.879997 
522,1706,61.74,0.135036,66.919998 
523,1700,60.03,0.093193,66.959999 
524,1698,59.46,0.122202,67.000000 
525,1701,60.32,0.132337,67.040001 
526,1702,60.60,0.118833,67.080002 
527,1702,60.60,0.114786,67.120003 
528,1702,60.60,0.115463,67.160004 
529,1703,60.89,0.116140,67.199997 
530,1707,62.03,0.112094,67.239998 
531,1699,59.75,0.093893,67.279999 
532,1702,60.60,0.132347,67.320000 
533,1704,61.17,0.118848,67.360001 
534,1702,60.60,0.110081,67.400002 
535,1706,61.74,0.120202,67.440002 
536,1712,63.45,0.101996,67.480003 
537,1703,60.89,0.074391,67.519997 
538,1702,60.60,0.117503,67.559998 
539,1702,60.60,0.122904,67.599998 
540,1718,65.16,0.123582,67.639999 
541,1705,61.46,0.048870,67.680000 
542,1691,57.46,0.110762,67.720001 
543,1701,60.32,0.177660,67.760002 
544,1701,60.32,0.131015,67.800003 
545,1702,60.60,0.131694,67.839996 
546,1702,60.60,0.127649,67.879997 
547,1710,62.88,0.128328,67.919998 
548,1706,61.74,0.091263,67.959999 
549,1709,62.60,0.110796,68.000000 
550,1705,61.46,0.097326,68.040001 
551,1707,62.03,0.116866,68.080002 
552,1712,63.45,0.108107,68.120003 
553,1705,61.46,0.085220,68.160004 
554,1702,60.60,0.118892,68.199997 
555,1702,60.60,0.133735,68.239998 
556,1703,60.89,0.134415,68.279999 
557,1697,59.17,0.130371,68.320000 
558,1710,62.88,0.159413,68.360001 
559,1711,63.17,0.098713,68.400002 
560,1703,60.89,0.094677,68.440002 
561,1711,63.17,0.133083,68.480003 
562,1705,61.46,0.096031,68.519997 
563,1703,60.89,0.124995,68.559998 
564,1710,62.88,0.135115,68.599998 
565,1710,62.88,0.102774,68.639999 
566,1705,61.46,0.103450,68.680000 
567,1721,66.01,0.127703,68.720001 
568,1654,46.79,0.053065,68.760002 
569,1696,58.89,0.371714,68.800003 
570,1693,58.03,0.172301,68.839996 
571,1701,60.32,0.187192,68.879997 
572,1703,60.89,0.150027,68.919998 
573,1704,61.17,0.141261,68.959999 
574,1701,60.32,0.137220,69.000000 
575,1704,61.17,0.152070,69.040001 
576,1705,61.46,0.138582,69.080002 
577,1707,62.03,0.134542,69.120003 
578,1701,60.32,0.125786,69.160004 
579,1699,59.75,0.154791,69.199997 
580,1707,62.03,0.164927,69.239998 
581,1709,62.60,0.127832,69.279999 
582,1710,62.88,0.119081,69.320000 
583,1710,62.88,0.115045,69.360001 
584,1706,61.74,0.115722,69.400002 
585,1711,63.17,0.135259,69.440002 
586,1712,63.45,0.112368,69.480003 
587,1712,63.45,0.108335,69.519997 
588,1535,11.63,0.109011,69.559998 
589,1712,63.45,0.966896,69.599998 
590,1709,62.60,0.110487,69.639999 
591,1709,62.60,0.125296,69.680000 
592,1712,63.45,0.125975,69.720001 
593,1710,62.88,0.112520,69.760002 
594,1707,62.03,0.122617,69.800003 
595,1710,62.88,0.137438,69.839996 
596,1712,63.45,0.123975,69.879997 
597,1707,62.03,0.115233,69.919998 
598,1712,63.45,0.139473,69.959999 
599,1711,63.17,0.116590,70.000000 
600,1712,63.45,0.121977,70.040001 
601,1712,63.45,0.117945,70.080002 
602,1712,63.45,0.118622,70.120003 
603,1719,65.44,0.119300,70.160004 
604,1711,63.17,0.087052,70.199997 
605,1712,63.45,0.125360,70.239998 
606,1713,63.74,0.121328,70.279999 
607,1709,62.60,0.117298,70.320000 
608,1717,64.88,0.136817,70.360001 
609,1709,62.60,0.099838,70.400002 
610,1712,63.45,0.138172,70.440002 
611,1712,63.45,0.124718,70.480003 
612,1712,63.45,0.125397,70.519997 
613,1713,63.74,0.126075,70.559998 
614,1712,63.45,0.122045,70.599998 
615,1711,63.17,0.127431,70.639999 
616,1713,63.74,0.132820,70.680000 
617,1711,63.17,0.124081,70.720001 
618,1712,63.45,0.134177,70.760002 
619,1716,64.59,0.130147,70.800003 
620,1701,60.32,0.112003,70.839996 
621,1717,64.88,0.183392,70.879997 
622,1712,63.45,0.108664,70.919998 
623,1714,64.02,0.132865,70.959999 
624,1715,64.31,0.124130,71.000000 
625,1714,64.02,0.120103,71.040001 
626,1729,68.28,0.125486,71.080002 
627,1722,66.30,0.055747,71.120003 
628,1715,64.31,0.089234,71.160004 
629,1724,66.86,0.122800,71.199997 
630,1719,65.44,0.081201,71.239998 
631,1722,66.30,0.105345,71.279999 
632,1714,64.02,0.091933,71.320000 
633,1717,64.88,0.130204,71.360001 
634,1724,66.86,0.116773,71.400002 
635,1718,65.16,0.084578,71.440002 
636,1725,67.15,0.113422,71.480003 
637,1726,67.43,0.081237,71.519997 
638,1718,65.16,0.077221,71.559998 
639,1718,65.16,0.115442,71.599998 
640,1724,66.86,0.116118,71.639999 
641,1724,66.86,0.088624,71.680000 
642,1703,60.89,0.089297,71.720001 
643,1718,65.16,0.188808,71.760002 
644,1724,66.86,0.118829,71.800003 
645,1721,66.01,0.091335,71.839996 
646,1724,66.86,0.106087,71.879997 
647,1728,68.00,0.092684,71.919998 
648,1712,63.45,0.074607,71.959999 
649,1725,67.15,0.150426,72.000000 
650,1746,73.08,0.090020,72.040001 
651,1722,66.30,-0.007445,72.080002 
652,1716,64.59,0.105427,72.120003 
653,1718,65.16,0.134292,72.160004 
654,1725,67.15,0.125569,72.199997 
655,1717,64.88,0.093386,72.239998 
656,1728,68.00,0.131621,72.279999 
657,1725,67.15,0.080678,72.320000 
658,1716,64.59,0.095411,72.360001 
659,1728,68.00,0.138348,72.400002 
660,1723,66.58,0.082704,72.440002 
661,1722,66.30,0.106818,72.480003 
662,1725,67.15,0.112187,72.519997 
663,1714,64.02,0.098789,72.559998 
664,1722,66.30,0.151136,72.599998 
665,1715,64.31,0.114219,72.639999 
666,1723,66.58,0.147789,72.680000 
667,1723,66.58,0.110885,72.720001 
668,1718,65.16,0.111561,72.760002 
669,1726,67.43,0.135717,72.800003 
670,1726,67.43,0.098847,72.839996 
671,1718,65.16,0.099521,72.879997 
672,1718,65.16,0.137746,72.919998 
673,1727,67.71,0.138426,72.959999 
674,1716,64.59,0.096869,73.000000 
675,1714,64.02,0.149182,73.040001 
676,1711,63.17,0.159273,73.080002 
677,1713,63.74,0.174080,73.120003 
678,1718,65.16,0.165348,73.160004 
679,1724,66.86,0.142514,73.199997 
680,1718,65.16,0.115023,73.239998 
681,1718,65.16,0.143871,73.279999 
682,1723,66.58,0.144552,73.320000 
683,1719,65.44,0.121753,73.360001 
684,1718,65.16,0.141212,73.400002 
685,1723,66.58,0.146591,73.440002 
686,1717,64.88,0.123792,73.480003 
687,1721,66.01,0.152651,73.519997 
688,1716,64.59,0.134540,73.559998 
689,1719,65.44,0.158714,73.599998 
690,1721,66.01,0.145296,73.639999 
691,1718,65.16,0.136583,73.680000 
692,1726,67.43,0.151356,73.720001 
693,1723,66.58,0.114488,73.760002 
694,1718,65.16,0.129234,73.800003 
695,1722,66.30,0.153393,73.839996 
696,1722,66.30,0.135288,73.879997 
697,1714,64.02,0.135968,73.919998 
698,1719,65.44,0.174246,73.959999 
699,1719,65.44,0.151421,74.000000 
700,1721,66.01,0.152103,74.040001 
701,1723,66.58,0.143391,74.080002 
702,1723,66.58,0.134684,74.120003 
703,1725,67.15,0.135364,74.160004 
704,1730,68.56,0.126662,74.199997 
705,1725,67.15,0.103914,74.239998 
706,1728,68.00,0.128015,74.279999 
707,1728,68.00,0.114633,74.320000 
708,1734,69.69,0.115310,74.360001 
709,1727,67.71,0.087906,74.400002 
710,1730,68.56,0.121345,74.440002 
711,1728,68.00,0.107971,74.480003 
712,1728,68.00,0.118013,74.519997 
713,1724,66.86,0.118690,74.559998 
714,1726,67.43,0.138117,74.599998 
715,1733,69.41,0.129419,74.639999 
716,1723,66.58,0.097321,74.680000 
717,1728,68.00,0.144842,74.720001 
718,1733,69.41,0.122080,74.760002 
719,1729,68.28,0.099354,74.800003 
720,1731,68.85,0.118749,74.839996 
721,1735,69.98,0.110063,74.879997 
722,1737,70.54,0.092030,74.919998 
723,1729,68.28,0.083359,74.959999 
724,1728,68.00,0.121447,75.000000 
725,1734,69.69,0.126808,75.040001 
726,1729,68.28,0.099406,75.080002 
727,1714,64.02,0.123477,75.120003 
728,1734,69.69,0.194572,75.160004 
729,1730,68.56,0.101447,75.199997 
730,1731,68.85,0.120835,75.239998 
731,1730,68.56,0.116832,75.279999 
732,1730,68.56,0.122190,75.320000 
733,1735,69.98,0.122867,75.360001 
734,1735,69.98,0.100156,75.400002 
735,1730,68.56,0.100830,75.440002 
736,1735,69.98,0.124894,75.480003 
737,1734,69.69,0.102183,75.519997 
738,1732,69.13,0.107533,75.559998 
739,1730,68.56,0.117562,75.599998 
740,1729,68.28,0.127599,75.639999 
741,1727,67.71,0.132960,75.680000 
742,1738,70.82,0.143008,75.720001 
743,1728,68.00,0.092233,75.760002 
744,1730,68.56,0.139677,75.800003 
745,1730,68.56,0.130991,75.839996 
746,1728,68.00,0.131670,75.879997 
747,1731,68.85,0.141715,75.919998 
748,1729,68.28,0.128348,75.959999 
749,1729,68.28,0.138390,76.000000 
750,1735,69.98,0.139070,76.040001 
751,1744,72.52,0.111678,76.080002 
752,1729,68.28,0.070350,76.120003 
753,1728,68.00,0.141096,76.160004 
754,1728,68.00,0.146460,76.199997 
755,1725,67.15,0.147141,76.239998 
756,1729,68.28,0.161883,76.279999 
757,1729,68.28,0.143822,76.320000 
758,1734,69.69,0.144502,76.360001 
759,1729,68.28,0.121787,76.400002 
760,1731,68.85,0.145861,76.440002 
761,1733,69.41,0.137178,76.480003 
762,1724,66.86,0.128501,76.519997 
763,1730,68.56,0.171334,76.559998 
764,1733,69.41,0.143902,76.599998 
765,1732,69.13,0.130545,76.639999 
766,1728,68.00,0.135901,76.680000 
767,1738,70.82,0.155307,76.720001 
768,1731,68.85,0.109219,76.760002 
769,1729,68.28,0.142618,76.800003 
770,1729,68.28,0.152662,76.839996 
771,1730,68.56,0.153344,76.879997 
772,1738,70.82,0.149343,76.919998 
773,1730,68.56,0.112621,76.959999 
774,1730,68.56,0.150701,77.000000 
775,1733,69.41,0.151383,77.040001 
776,1728,68.00,0.138026,77.080002 
777,1735,69.98,0.162110,77.120003 
778,1729,68.28,0.130038,77.160004 
779,1734,69.69,0.158788,77.199997 
780,1733,69.41,0.136075,77.239998 
781,1729,68.28,0.141430,77.279999 
782,1734,69.69,0.160831,77.320000 
783,1742,71.95,0.138117,77.360001 
784,1735,69.98,0.101442,77.400002 
785,1737,70.54,0.134797,77.440002 
786,1734,69.69,0.126131,77.480003 
787,1739,71.11,0.140829,77.519997 
788,1734,69.69,0.118151,77.559998 
789,1742,71.95,0.142186,77.599998 
790,1744,72.52,0.105511,77.639999 
791,1734,69.69,0.096862,77.680000 
792,1733,69.41,0.144215,77.720001 
793,1739,71.11,0.149572,77.760002 
794,1738,70.82,0.122219,77.800003 
795,1740,71.39,0.127565,77.839996 
796,1739,71.11,0.118907,77.879997 
797,1737,70.54,0.124251,77.919998 
798,1738,70.82,0.134268,77.959999 
799,1744,72.52,0.130277,78.000000 
800,1744,72.52,0.102966,78.040001 
801,1742,71.95,0.103641,78.080002 
802,1741,71.67,0.113640,78.120003 
803,1743,72.23,0.118980,78.160004 
804,1744,72.52,0.110330,78.199997 
805,1745,72.80,0.106345,78.239998 
806,1744,72.52,0.102360,78.279999 
807,1744,72.52,0.107694,78.320000 
808,1744,72.52,0.108370,78.360001 
809,1743,72.23,0.109045,78.400002 
810,1744,72.52,0.114382,78.440002 
811,1732,69.13,0.110397,78.480003 
812,1744,72.52,0.167106,78.519997 
813,1748,73.64,0.111757,78.559998 
814,1744,72.52,0.093803,78.599998 
815,1743,72.23,0.113106,78.639999 
816,1744,72.52,0.118443,78.680000 
817,1744,72.52,0.114459,78.720001 
818,1746,73.08,0.115135,78.760002 
819,1744,72.52,0.106494,78.800003 
820,1749,73.92,0.116487,78.839996 
821,1741,71.67,0.093881,78.879997 
822,1743,72.23,0.131825,78.919998 
823,1742,71.95,0.123177,78.959999 
824,1745,72.80,0.128517,79.000000 
825,1744,72.52,0.115212,79.040001 
826,1744,72.52,0.120548,79.080002 
827,1744,72.52,0.121225,79.120003 
828,1744,72.52,0.121902,79.160004 
829,1744,72.52,0.122580,79.199997 
830,1742,71.95,0.123257,79.239998 
831,1744,72.52,0.133259,79.279999 
832,1744,72.52,0.124614,79.320000 
833,1744,72.52,0.125291,79.360001 
834,1745,72.80,0.125969,79.400002 
835,1739,71.11,0.121988,79.440002 
836,1744,72.52,0.150645,79.480003 
837,1741,71.67,0.128006,79.519997 
838,1745,72.80,0.142672,79.559998 
839,1751,74.49,0.124705,79.599998 
840,1744,72.52,0.097457,79.639999 
841,1744,72.52,0.130716,79.680000 
842,1744,72.52,0.131395,79.720001 
843,1744,72.52,0.132073,79.760002 
844,1745,72.80,0.132752,79.800003 
845,1744,72.52,0.128771,79.839996 
846,1746,73.08,0.134109,79.879997 
847,1744,72.52,0.125471,79.919998 
848,1744,72.52,0.135466,79.959999 
849,1744,72.52,0.136145,80.000000 
850,1744,72.52,0.136825,80.040001 
851,1748,73.64,0.137504,80.080002 
852,1744,72.52,0.119554,80.120003 
853,1746,73.08,0.138861,80.160004 
854,1746,73.08,0.130223,80.199997 
855,1751,74.49,0.130901,80.239998 
856,1749,73.92,0.108312,80.279999 
857,1750,74.21,0.118290,80.320000 
858,1750,74.21,0.114315,80.360001 
859,1748,73.64,0.114991,80.400002 
860,1749,73.92,0.124973,80.440002 
861,1748,73.64,0.120997,80.480003 
862,1746,73.08,0.126328,80.519997 
863,1749,73.92,0.136317,80.559998 
864,1751,74.49,0.123031,80.599998 
865,1753,75.05,0.114406,80.639999 
866,1747,73.36,0.105786,80.680000 
867,1747,73.36,0.134369,80.720001 
868,1745,72.80,0.135048,80.760002 
869,1747,73.36,0.145041,80.800003 
870,1746,73.08,0.136407,80.839996 
871,1749,73.92,0.141743,80.879997 
872,1746,73.08,0.128458,80.919998 
873,1747,73.36,0.143102,80.959999 
874,1747,73.36,0.139125,81.000000 
875,1746,73.08,0.139805,81.040001 
876,1747,73.36,0.145141,81.080002 
877,1747,73.36,0.141165,81.120003 
878,1751,74.49,0.141845,81.160004 
879,1746,73.08,0.123914,81.199997 
880,1747,73.36,0.147860,81.239998 
881,1750,74.21,0.143884,81.279999 
882,1746,73.08,0.130604,81.320000 
883,1749,73.92,0.149899,81.360001 
884,1745,72.80,0.136616,81.400002 
885,1750,74.21,0.155918,81.440002 
886,1748,73.64,0.133325,81.480003 
887,1753,75.05,0.143309,81.519997 
888,1754,75.33,0.120737,81.559998 
889,1749,73.92,0.116768,81.599998 
890,1751,74.49,0.140690,81.639999 
891,1748,73.64,0.132067,81.680000 
892,1747,73.36,0.146702,81.720001 
893,1739,71.11,0.152038,81.760002 
894,1751,74.49,0.190014,81.800003 
895,1750,74.21,0.134795,81.839996 
896,1760,77.01,0.140124,81.879997 
897,1750,74.21,0.094367,81.919998 
898,1747,73.36,0.141477,81.959999 
899,1757,76.17,0.156118,82.000000 
900,1755,75.61,0.110318,82.040001 
901,1757,76.17,0.120278,82.080002 
902,1757,76.17,0.111670,82.120003 
903,1758,76.45,0.112346,82.160004 
904,1758,76.45,0.108382,82.199997 
905,1745,72.80,0.109057,82.239998 
906,1747,73.36,0.170169,82.279999 
907,1755,75.61,0.161539,82.320000 
908,1755,75.61,0.125024,82.360001 
909,1754,75.33,0.125701,82.400002 
910,1753,75.05,0.131023,82.440002 
911,1755,75.61,0.136348,82.480003 
912,1744,72.52,0.127737,82.519997 
913,1750,74.21,0.179587,82.559998 
914,1755,75.61,0.152337,82.599998 
915,1756,75.89,0.129782,82.639999 
916,1755,75.61,0.125817,82.680000 
917,1770,79.81,0.131138,82.720001 
918,1754,75.33,0.062331,82.760002 
919,1751,74.49,0.137129,82.800003 
920,1758,76.45,0.151751,82.839996 
921,1757,76.17,0.119921,82.879997 
922,1759,76.73,0.125238,82.919998 
923,1758,76.45,0.116637,82.959999 
924,1758,76.45,0.121952,83.000000 
925,1751,74.49,0.122629,83.040001 
926,1761,77.29,0.155817,83.080002 
927,1765,78.41,0.110078,83.120003 
928,1763,77.85,0.092227,83.160004 
929,1761,77.29,0.102160,83.199997 
930,1776,81.49,0.112100,83.239998 
931,1761,77.29,0.043428,83.279999 
932,1759,76.73,0.113442,83.320000 
933,1778,82.04,0.123390,83.360001 
934,1761,77.29,0.036226,83.400002 
935,1757,76.17,0.115460,83.440002 
936,1765,78.41,0.134686,83.480003 
937,1778,82.04,0.098289,83.519997 
938,1764,78.13,0.038920,83.559998 
939,1759,76.73,0.104257,83.599998 
940,1763,77.85,0.128100,83.639999 
941,1758,76.45,0.110240,83.680000 
942,1770,79.81,0.134092,83.720001 
943,1761,77.29,0.079211,83.760002 
944,1762,77.57,0.121531,83.800003 
945,1757,76.17,0.117575,83.839996 
946,1758,76.45,0.141435,83.879997 
947,1758,76.45,0.137475,83.919998 
948,1758,76.45,0.138155,83.959999 
949,1760,77.01,0.138834,84.000000 
950,1763,77.85,0.130238,84.040001 
951,1762,77.57,0.117015,84.080002 
952,1757,76.17,0.122324,84.120003 
953,1762,77.57,0.146185,84.160004 
954,1760,77.01,0.123682,84.199997 
955,1763,77.85,0.133628,84.239998 
956,1759,76.73,0.120405,84.279999 
957,1760,77.01,0.139620,84.320000 
958,1762,77.57,0.135663,84.360001 
959,1764,78.13,0.127073,84.400002 
960,1759,76.73,0.118488,84.440002 
961,1762,77.57,0.142333,84.480003 
962,1762,77.57,0.129107,84.519997 
963,1763,77.85,0.129785,84.559998 
964,1764,78.13,0.125831,84.599998 
965,1764,78.13,0.121878,84.639999 
966,1766,78.69,0.122555,84.680000 
967,1763,77.85,0.113975,84.720001 
968,1766,78.69,0.128539,84.760002 
969,1763,77.85,0.115329,84.800003 
970,1763,77.85,0.129893,84.839996 
971,1765,78.41,0.130571,84.879997 
972,1758,76.45,0.121989,84.919998 
973,1764,78.13,0.155103,84.959999 
974,1758,76.45,0.127977,85.000000 
975,1767,78.97,0.156463,85.040001 
976,1764,78.13,0.115454,85.080002 
977,1761,77.29,0.130013,85.120003 
978,1766,78.69,0.144588,85.160004 
979,1765,78.41,0.122115,85.199997 
980,1764,78.13,0.127420,85.239998 
981,1776,81.49,0.132727,85.279999 
982,1761,77.29,0.077954,85.320000 
983,1763,77.85,0.147973,85.360001 
984,1765,78.41,0.139387,85.400002 
985,1767,78.97,0.130807,85.440002 
986,1763,77.85,0.122231,85.480003 
987,1755,75.61,0.141422,85.519997 
988,1766,78.69,0.179203,85.559998 
989,1764,78.13,0.128899,85.599998 
990,1766,78.69,0.138834,85.639999 
991,1768,79.25,0.130257,85.680000 
992,1763,77.85,0.121684,85.720001 
993,1770,79.81,0.145500,85.760002 
994,1766,78.69,0.113796,85.800003 
995,1773,80.65,0.132968,85.839996 
996,1773,80.65,0.101295,85.879997 
997,1768,79.25,0.101969,85.919998 
998,1770,79.81,0.125744,85.959999 
999,1770,79.81,0.117176,86.000000 
1000,1769,79.53,0.117852,86.040001 
1001,1770,79.81,0.123151,86.080002 
1002,1779,82.32,0.119206,86.120003 
1003,1771,80.09,0.078355,86.160004 
1004,1771,80.09,0.115933,86.199997 
1005,1770,79.81,0.116609,86.239998 
1006,1764,78.13,0.121905,86.279999 
1007,1766,78.69,0.150335,86.320000 
1008,1771,80.09,0.141759,86.360001 
1009,1763,77.85,0.119323,86.400002 
1010,1770,79.81,0.157004,86.440002 
1011,1760,77.01,0.125302,86.480003 
1012,1766,78.69,0.172265,86.519997 
1013,1765,78.41,0.145159,86.559998 
1014,1766,78.69,0.150467,86.599998 
1015,1766,78.69,0.146521,86.639999 
1016,1766,78.69,0.147201,86.680000 
1017,1771,80.09,0.147882,86.720001 
1018,1770,79.81,0.125446,86.760002 
1019,1770,79.81,0.130744,86.800003 
1020,1765,78.41,0.131422,86.839996 
1021,1763,77.85,0.155224,86.879997 
1022,1767,78.97,0.165166,86.919998 
1023,1759,76.73,0.147335,86.959999 
1024,1763,77.85,0.185068,87.000000 
1025,1765,78.41,0.167215,87.040001 
1026,1766,78.69,0.158639,87.080002 
1027,1765,78.41,0.154693,87.120003 
1028,1771,80.09,0.160002,87.160004 
1029,1770,79.81,0.132941,87.199997 
1030,1772,80.37,0.138240,87.239998 
1031,1771,80.09,0.129680,87.279999 
1032,1774,80.93,0.134977,87.320000 
1033,1777,81.76,0.121804,87.360001 
1034,1775,81.21,0.108643,87.400002 
1035,1773,80.65,0.118542,87.440002 
1036,1772,80.37,0.128448,87.480003 
1037,1773,80.65,0.133743,87.519997 
1038,1776,81.49,0.129804,87.559998 
1039,1776,81.49,0.116640,87.599998 
1040,1776,81.49,0.117316,87.639999 
1041,1775,81.21,0.117992,87.680000 
1042,1776,81.49,0.123281,87.720001 
1043,1776,81.49,0.119345,87.760002 
1044,1791,85.66,0.120022,87.800003 
1045,1778,82.04,0.051691,87.839996 
1046,1786,84.27,0.112144,87.879997 
1047,1775,81.21,0.075998,87.919998 
1048,1776,81.49,0.127323,87.959999 
1049,1776,81.49,0.123388,88.000000 
1050,1776,81.49,0.124065,88.040001 
1051,1776,81.49,0.124742,88.080002 
1052,1776,81.49,0.125420,88.120003 
1053,1776,81.49,0.126097,88.160004 
1054,1782,83.16,0.126774,88.199997 
1055,1776,81.49,0.099808,88.239998 
1056,1776,81.49,0.128126,88.279999 
1057,1777,81.76,0.128803,88.320000 
1058,1776,81.49,0.124870,88.360001 
1059,1775,81.21,0.130158,88.400002 
1060,1776,81.49,0.135449,88.440002 
1061,1776,81.49,0.131515,88.480003 
1062,1776,81.49,0.132193,88.519997 
1063,1777,81.76,0.132872,88.559998 
1064,1777,81.76,0.128939,88.599998 
1065,1779,82.32,0.129617,88.639999 
1066,1776,81.49,0.121077,88.680000 
1067,1790,85.38,0.135582,88.720001 
1068,1776,81.49,0.071844,88.760002 
1069,1777,81.76,0.136931,88.800003 
1070,1776,81.49,0.132999,88.839996 
1071,1776,81.49,0.138288,88.879997 
1072,1777,81.76,0.138967,88.919998 
1073,1776,81.49,0.135035,88.959999 
1074,1776,81.49,0.140325,89.000000 
1075,1778,82.04,0.141005,89.040001 
1076,1773,80.65,0.132463,89.080002 
1077,1776,81.49,0.156205,89.120003 
1078,1776,81.49,0.143044,89.160004 
1079,1776,81.49,0.143724,89.199997 
1080,1776,81.49,0.144404,89.239998 
1081,1791,85.66,0.145084,89.279999 
1082,1775,81.21,0.076756,89.320000 
1083,1776,81.49,0.151047,89.360001 
1084,1787,84.55,0.147115,89.400002 
1085,1778,82.04,0.097157,89.440002 
1086,1776,81.49,0.139248,89.480003 
1087,1776,81.49,0.149148,89.519997 
1088,1776,81.49,0.149829,89.559998 
1089,1760,77.01,0.150509,89.599998 
1090,1780,82.60,0.225174,89.639999 
1091,1766,78.69,0.133447,89.680000 
1092,1779,82.32,0.198754,89.720001 
1093,1778,82.04,0.139419,89.760002 
1094,1779,82.32,0.144707,89.800003 
1095,1783,83.43,0.140778,89.839996 
1096,1783,83.43,0.123041,89.879997 
1097,1782,83.16,0.123718,89.919998 
1098,1782,83.16,0.128997,89.959999 
1099,1782,83.16,0.129674,90.000000 
1100,1780,82.60,0.130352,90.040001 
1101,1785,83.99,0.140239,90.080002 
1102,1777,81.76,0.117908,90.120003 
1103,1781,82.88,0.155418,90.160004 
1104,1793,86.21,0.137671,90.199997 
1105,1781,82.88,0.083207,90.239998 
1106,1780,82.60,0.139021,90.279999 
1107,1781,82.88,0.144305,90.320000 
1108,1775,81.21,0.140380,90.360001 
1109,1792,85.93,0.168712,90.400002 
1110,1782,83.16,0.091187,90.440002 
1111,1781,82.88,0.137811,90.480003 
1112,1782,83.16,0.143094,90.519997 
1113,1828,95.86,0.139170,90.559998 
1114,1777,81.76,-0.070274,90.599998 
1115,1783,83.43,0.163531,90.639999 
1116,1785,83.99,0.136579,90.680000 
1117,1778,82.04,0.128058,90.720001 
1118,1783,83.43,0.160960,90.760002 
1119,1782,83.16,0.138618,90.800003 
1120,1778,82.04,0.143899,90.839996 
1121,1777,81.76,0.163002,90.879997 
1122,1780,82.60,0.168294,90.919998 
1123,1807,90.08,0.155153,90.959999 
1124,1777,81.76,0.032030,91.000000 
1125,1785,83.99,0.170322,91.040001 
1126,1783,83.43,0.134172,91.080002 
1127,1782,83.16,0.144049,91.120003 
1128,1781,82.88,0.149331,91.160004 
1129,1781,82.88,0.154615,91.199997 
1130,1783,83.43,0.155297,91.239998 
1131,1776,81.49,0.146773,91.279999 
1132,1783,83.43,0.179699,91.320000 
1133,1782,83.16,0.148138,91.360001 
1134,1785,83.99,0.153420,91.400002 
1135,1787,84.55,0.140300,91.440002 
1136,1790,85.38,0.131786,91.480003 
1137,1785,83.99,0.118685,91.519997 
1138,1791,85.66,0.142333,91.559998 
1139,1788,84.82,0.115451,91.599998 
1140,1788,84.82,0.129901,91.639999 
1141,1790,85.38,0.130579,91.680000 
1142,1792,85.93,0.122072,91.720001 
1143,1791,85.66,0.113571,91.760002 
1144,1792,85.93,0.118834,91.800003 
1145,1790,85.38,0.114922,91.839996 
1146,1792,85.93,0.124776,91.879997 
1147,1792,85.93,0.116275,91.919998 
1148,1791,85.66,0.116951,91.959999 
1149,1791,85.66,0.122215,92.000000 
1150,1790,85.38,0.122891,92.040001 
1151,1789,85.10,0.128158,92.080002 
1152,1789,85.10,0.133427,92.120003 
1153,1788,84.82,0.134105,92.160004 
1154,1786,84.27,0.139376,92.199997 
1155,1789,85.10,0.149246,92.239998 
1156,1789,85.10,0.136143,92.279999 
1157,1792,85.93,0.136822,92.320000 
1158,1791,85.66,0.123731,92.360001 
1159,1788,84.82,0.128996,92.400002 
1160,1790,85.38,0.143448,92.440002 
1161,1787,84.55,0.134943,92.480003 
1162,1789,85.10,0.149400,92.519997 
1163,1787,84.55,0.140893,92.559998 
1164,1791,85.66,0.150760,92.599998 
1165,1786,84.27,0.133072,92.639999 
1166,1804,89.26,0.156715,92.680000 
1167,1792,85.93,0.074901,92.720001 
1168,1788,84.82,0.130513,92.760002 
1169,1781,82.88,0.149554,92.800003 
1170,1789,85.10,0.182427,92.839996 
1171,1788,84.82,0.146327,92.879997 
1172,1786,84.27,0.151599,92.919998 
1173,1805,89.53,0.161471,92.959999 
1174,1782,83.16,0.075089,93.000000 
1175,1788,84.82,0.181222,93.040001 
1176,1787,84.55,0.154317,93.080002 
1177,1790,85.38,0.159593,93.120003 
1178,1791,85.66,0.146496,93.160004 
1179,1791,85.66,0.142586,93.199997 
1180,1789,85.10,0.143266,93.239998 
1181,1791,85.66,0.153127,93.279999 
1182,1786,84.27,0.144626,93.320000 
1183,1792,85.93,0.168271,93.360001 
1184,1783,83.43,0.141401,93.400002 
1185,1799,87.87,0.183430,93.440002 
1186,1805,89.53,0.110690,93.480003 
1187,1801,88.43,0.083930,93.519997 
1188,1794,86.49,0.102885,93.559998 
1189,1809,90.64,0.135613,93.599998 
1190,1795,86.77,0.067694,93.639999 
1191,1798,87.60,0.132377,93.680000 
1192,1793,86.21,0.119312,93.720001 
1193,1793,86.21,0.142900,93.760002 
1194,1793,86.21,0.143579,93.800003 
1195,1798,87.60,0.144259,93.839996 
1196,1801,88.43,0.122027,93.879997 
1197,1795,86.77,0.108975,93.919998 
1198,1795,86.77,0.137121,93.959999 
1199,1798,87.60,0.137799,94.000000 
1200,1794,86.49,0.124736,94.040001 
1201,1794,86.49,0.143739,94.080002 
1202,1794,86.49,0.144418,94.120003 
1203,1798,87.60,0.145098,94.160004 
1204,1793,86.21,0.127452,94.199997 
1205,1792,85.93,0.151040,94.239998 
1206,1792,85.93,0.156308,94.279999 
1207,1776,81.49,0.156989,94.320000 
1208,1791,85.66,0.231266,94.360001 
1209,1794,86.49,0.162951,94.400002 
1210,1791,85.66,0.149873,94.440002 
1211,1795,86.77,0.164314,94.480003 
1212,1793,86.21,0.146652,94.519997 
1213,1794,86.49,0.156502,94.559998 
1214,1799,87.87,0.152598,94.599998 
1215,1798,87.60,0.130375,94.639999 
1216,1795,86.77,0.135630,94.680000 
1217,1800,88.15,0.150051,94.720001 
1218,1795,86.77,0.127835,94.760002 
1219,1801,88.43,0.151408,94.800003 
1220,1803,88.98,0.124618,94.839996 
1221,1805,89.53,0.116150,94.879997 
1222,1803,88.98,0.107687,94.919998 
1223,1799,87.87,0.117500,94.959999 
1224,1806,89.81,0.136472,95.000000 
1225,1803,88.98,0.105148,95.040001 
1226,1803,88.98,0.119528,95.080002 
1227,1805,89.53,0.120204,95.120003 
1228,1801,88.43,0.111742,95.160004 
1229,1773,80.65,0.130700,95.199997 
1230,1799,87.87,0.260043,95.239998 
1231,1819,93.39,0.141225,95.279999 
1232,1807,90.08,0.050667,95.320000 
1233,1803,88.98,0.106003,95.360001 
1234,1808,90.36,0.124949,95.400002 
1235,1804,89.26,0.102790,95.440002 
1236,1801,88.43,0.121729,95.480003 
1237,1805,89.53,0.136120,95.519997 
1238,1797,87.32,0.118515,95.559998 
1239,1804,89.26,0.155783,95.599998 
1240,1799,87.87,0.124441,95.639999 
1241,1802,88.70,0.147984,95.680000 
1242,1795,86.77,0.134940,95.720001 
1243,1801,88.43,0.167662,95.760002 
1244,1802,88.70,0.140874,95.800003 
1245,1808,90.36,0.136980,95.839996 
1246,1804,89.26,0.110251,95.879997 
1247,1803,88.98,0.129191,95.919998 
1248,1799,87.87,0.134439,95.959999 
1249,1805,89.53,0.153413,96.000000 
1250,1803,88.98,0.126659,96.040001 
1251,1802,88.70,0.136475,96.080002 
1252,1802,88.70,0.141725,96.120003 
1253,1805,89.53,0.142404,96.160004 
1254,1801,88.43,0.129373,96.199997 
1255,1803,88.98,0.148334,96.239998 
1256,1802,88.70,0.139869,96.279999 
1257,1802,88.70,0.145120,96.320000 
1258,1799,87.87,0.145800,96.360001 
1259,1775,81.21,0.160204,96.400002 
1260,1757,76.17,0.271170,96.440002 
1261,1799,87.87,0.355154,96.480003 
1262,1806,89.81,0.162293,96.519997 
1263,1805,89.53,0.130973,96.559998 
1264,1803,88.98,0.136218,96.599998 
1265,1808,90.36,0.146035,96.639999 
1266,1815,92.29,0.123879,96.680000 
1267,1808,90.36,0.092649,96.720001 
1268,1808,90.36,0.125228,96.760002 
1269,1809,90.64,0.125905,96.800003 
1270,1810,90.91,0.122019,96.839996 
1271,1808,90.36,0.118134,96.879997 
1272,1813,91.74,0.127934,96.919998 
1273,1808,90.36,0.105813,96.959999 
1274,1815,92.29,0.129285,97.000000 
1275,1813,91.74,0.098056,97.040001 
1276,1806,89.81,0.107837,97.080002 
1277,1808,90.36,0.140439,97.120003 
1278,1788,84.82,0.131988,97.160004 
1279,1805,89.53,0.224236,97.199997 
1280,1808,90.36,0.147054,97.239998 
1281,1807,90.08,0.134037,97.279999 
1282,1808,90.36,0.139279,97.320000 
1283,1808,90.36,0.135393,97.360001 
1284,1807,90.08,0.136072,97.400002 
1285,1814,92.01,0.141314,97.440002 
1286,1807,90.08,0.110076,97.480003 
1287,1806,89.81,0.142668,97.519997 
1288,1805,89.53,0.147912,97.559998 
1289,1803,88.98,0.153160,97.599998 
1290,1808,90.36,0.162979,97.639999 
1291,1813,91.74,0.140826,97.680000 
1292,1809,90.64,0.118707,97.720001 
1293,1808,90.36,0.137618,97.760002 
1294,1808,90.36,0.142859,97.800003 
1295,1808,90.36,0.143538,97.839996 
1296,1808,90.36,0.144217,97.879997 
1297,1812,91.46,0.144897,97.919998 
1298,1800,88.15,0.127335,97.959999 
1299,1838,98.60,0.182809,98.000000 
1300,1810,90.91,0.010720,98.040001 
1301,1808,90.36,0.138475,98.080002 
1302,1811,91.19,0.148277,98.120003 
1303,1812,91.46,0.135274,98.160004 
1304,1809,90.64,0.131394,98.199997 
1305,1811,91.19,0.145750,98.239998 
1306,1811,91.19,0.137309,98.279999 
1307,1811,91.19,0.137988,98.320000 
1308,1810,90.91,0.138666,98.360001 
1309,1809,90.64,0.143904,98.400002 
1310,1809,90.64,0.149145,98.440002 
1311,1808,90.36,0.149825,98.480003 
1312,1808,90.36,0.155068,98.519997 
1313,1809,90.64,0.155749,98.559998 
1314,1808,90.36,0.151867,98.599998 
1315,1808,90.36,0.157110,98.639999 
1316,1810,90.91,0.157792,98.680000 
1317,1808,90.36,0.149349,98.720001 
1318,1808,90.36,0.159153,98.760002 
1319,1808,90.36,0.159835,98.800003 
1320,1808,90.36,0.160516,98.839996 
1321,1808,90.36,0.161198,98.879997 
1322,1808,90.36,0.161880,98.919998 
1323,1808,90.36,0.162562,98.959999 
1324,1811,91.19,0.163244,99.000000 
1325,1810,90.91,0.150242,99.040001 
1326,1808,90.36,0.155482,99.080002 
1327,1808,90.36,0.165287,99.120003 
1328,1811,91.19,0.165969,99.160004 
1329,1809,90.64,0.152969,99.199997 
1330,1810,90.91,0.162770,99.239998 
1331,1810,90.91,0.158891,99.279999 
1332,1808,90.36,0.159572,99.320000 
1333,1809,90.64,0.169377,99.360001 
1334,1809,90.64,0.165498,99.400002 
1335,1806,89.81,0.166180,99.440002 
1336,1810,90.91,0.180555,99.480003 
1337,1811,91.19,0.162986,99.519997 
1338,1809,90.64,0.159109,99.559998 
1339,1808,90.36,0.168911,99.599998 
1340,1822,94.21,0.174156,99.639999 
1341,1813,91.74,0.111101,99.680000 
1342,1813,91.74,0.152717,99.720001 
1343,1814,92.01,0.153397,99.760002 
1344,1818,93.11,0.149523,99.800003 
1345,1817,92.84,0.131998,99.839996 
1346,1800,88.15,0.137224,99.879997 
1347,1815,92.29,0.215467,99.919998 
1348,1815,92.29,0.147695,99.959999 
1349,1815,92.29,0.148375,100.000000 
1350,1812,91.46,0.149054,100.040001 
1351,1815,92.29,0.163400,100.080002 
1352,1811,91.19,0.150416,100.120003 
1353,1817,92.84,0.169320,100.160004 
1354,1814,92.01,0.142677,100.199997 
1355,1808,90.36,0.157012,100.239998 
1356,1811,91.19,0.185046,100.279999 
1357,1815,92.29,0.172048,100.320000 
1358,1802,88.70,0.154508,100.360001 
1359,1817,92.84,0.214503,100.400002 
1360,1732,69.13,0.146776,100.440002 
1361,1814,92.01,0.539657,100.480003 
1362,1814,92.01,0.161847,100.519997 
1363,1814,92.01,0.162529,100.559998 
1364,1819,93.39,0.163211,100.599998 
1365,1814,92.01,0.141141,100.639999 
1366,1813,91.74,0.164572,100.680000 
1367,1814,92.01,0.169809,100.720001 
1368,1815,92.29,0.165937,100.760002 
1369,1823,94.49,0.162066,100.800003 
1370,1817,92.84,0.126374,100.839996 
1371,1813,91.74,0.154322,100.879997 
1372,1815,92.29,0.173214,100.919998 
1373,1815,92.29,0.164788,100.959999 
1374,1817,92.84,0.165471,101.000000 
1375,1813,91.74,0.157050,101.040001 
1376,1821,93.94,0.175942,101.080002 
1377,1817,92.84,0.140228,101.120003 
1378,1812,91.46,0.159094,101.160004 
1379,1815,92.29,0.182543,101.199997 
1380,1820,93.66,0.169562,101.239998 
1381,1812,91.46,0.147500,101.279999 
1382,1817,92.84,0.184590,101.320000 
1383,1818,93.11,0.162507,101.360001 
1384,1815,92.29,0.158640,101.400002 
1385,1821,93.94,0.172973,101.440002 
1386,1817,92.84,0.146367,101.480003 
1387,1818,93.11,0.165233,101.519997 
1388,1818,93.11,0.161366,101.559998 
1389,1865,105.94,0.162048,101.599998 
1390,1813,91.74,-0.049362,101.639999 
1391,1820,93.66,0.186141,101.680000 
1392,1809,90.64,0.154973,101.720001 
1393,1818,93.11,0.205742,101.760002 
1394,1819,93.39,0.165435,101.800003 
1395,1814,92.01,0.161570,101.839996 
1396,1822,94.21,0.185004,101.879997 
1397,1818,93.11,0.149303,101.919998 
1398,1809,90.64,0.168164,101.959999 
1399,1817,92.84,0.209842,102.000000 
1400,1819,93.39,0.174084,102.040001 
1401,1830,96.41,0.165671,102.080002 
1402,1819,93.39,0.116431,102.120003 
1403,1876,108.91,0.167028,102.160004 
1404,1821,93.94,-0.088988,102.199997 
1405,1820,93.66,0.159266,102.239998 
1406,1818,93.11,0.164492,102.279999 
1407,1818,93.11,0.174267,102.320000 
1408,1820,93.66,0.174951,102.360001 
1409,1815,92.29,0.166541,102.400002 
1410,1821,93.94,0.189968,102.440002 
1411,1821,93.94,0.163364,102.480003 
1412,1822,94.21,0.164046,102.519997 
1413,1823,94.49,0.160185,102.559998 
1414,1819,93.39,0.156325,102.599998 
1415,1825,95.04,0.175181,102.639999 
1416,1824,94.76,0.148612,102.680000 
1417,1821,93.94,0.153830,102.720001 
1418,1821,93.94,0.168134,102.760002 
1419,1825,95.04,0.168817,102.800003 
1420,1839,98.87,0.151337,102.839996 
1421,1823,94.49,0.088639,102.879997 
1422,1822,94.21,0.161766,102.919998 
1423,1830,96.41,0.166989,102.959999 
1424,1824,94.76,0.131383,103.000000 
1425,1829,96.13,0.159268,103.040001 
1426,1830,96.41,0.137272,103.080002 
1427,1827,95.59,0.133420,103.120003 
1428,1824,94.76,0.147694,103.160004 
1429,1817,92.84,0.161984,103.199997 
1430,1823,94.49,0.194477,103.239998 
1431,1822,94.21,0.167892,103.279999 
1432,1819,93.39,0.173116,103.320000 
1433,1821,93.94,0.187432,103.360001 
1434,1818,93.11,0.179027,103.400002 
1435,1820,93.66,0.193349,103.440002 
1436,1819,93.39,0.184942,103.480003 
1437,1824,94.76,0.190173,103.519997 
1438,1823,94.49,0.168144,103.559998 
1439,1822,94.21,0.173366,103.599998 
1440,1823,94.49,0.178591,103.639999 
1441,1823,94.49,0.174733,103.680000 
1442,1822,94.21,0.175417,103.720001 
1443,1805,89.53,0.180641,103.760002 
1444,1814,92.01,0.258761,103.800003 
1445,1822,94.21,0.218407,103.839996 
1446,1825,95.04,0.182711,103.879997 
1447,1822,94.21,0.169776,103.919998 
1448,1824,94.76,0.184078,103.959999 
1449,1822,94.21,0.175682,104.000000 
1450,1826,95.31,0.185446,104.040001 
1451,1827,95.59,0.167975,104.080002 
1452,1822,94.21,0.164122,104.120003 
1453,1827,95.59,0.187496,104.160004 
1454,1826,95.31,0.165489,104.199997 
1455,1826,95.31,0.170706,104.239998 
1456,1840,99.14,0.171389,104.279999 
1457,1827,95.59,0.108716,104.320000 
1458,1833,97.23,0.168211,104.360001 
1459,1830,96.41,0.141713,104.400002 
1460,1831,96.68,0.155975,104.440002 
1461,1832,96.95,0.152126,104.480003 
1462,1827,95.59,0.148279,104.519997 
1463,1826,95.31,0.171612,104.559998 
1464,1827,95.59,0.176830,104.599998 
1465,1828,95.86,0.172978,104.639999 
1466,1825,95.04,0.169128,104.680000 
1467,1825,95.04,0.183416,104.720001 
1468,1822,94.21,0.184101,104.760002 
1469,1824,94.76,0.198405,104.800003 
1470,1821,93.94,0.190011,104.839996 
1471,1821,93.94,0.204320,104.879997 
1472,1815,92.29,0.205008,104.919998 
1473,1829,96.13,0.232985,104.959999 
1474,1825,95.04,0.170087,105.000000 
1475,1826,95.31,0.188907,105.040001 
1476,1824,94.76,0.185056,105.080002 
1477,1829,96.13,0.194816,105.120003 
1478,1770,79.81,0.172826,105.160004 
1479,1830,96.41,0.443507,105.199997 
1480,1829,96.13,0.169700,105.239998 
1481,1829,96.13,0.174913,105.279999 
1482,1828,95.86,0.175596,105.320000 
1483,1829,96.13,0.180812,105.360001 
1484,1831,96.68,0.176964,105.400002 
1485,1814,92.01,0.168587,105.440002 
1486,1823,94.49,0.246473,105.480003 
1487,1831,96.68,0.206240,105.519997 
1488,1827,95.59,0.170651,105.559998 
1489,1825,95.04,0.189460,105.599998 
1490,1830,96.41,0.199218,105.639999 
1491,1810,90.91,0.177235,105.680000 
1492,1830,96.41,0.268822,105.720001 
1493,1818,93.11,0.178616,105.760002 
1494,1833,97.23,0.233769,105.800003 
1495,1833,97.23,0.166408,105.839996 
1496,1800,88.15,0.167090,105.879997 
1497,1833,97.23,0.317938,105.919998 
1498,1834,97.50,0.168476,105.959999 
1499,1831,96.68,0.164633,106.000000 
1500,1834,97.50,0.178894,106.040001 
1501,1834,97.50,0.165999,106.080002 
1502,1846,100.78,0.166681,106.120003 
1503,1833,97.23,0.113185,106.160004 
1504,1831,96.68,0.172562,106.199997 
1505,1833,97.23,0.182299,106.239998 
1506,1839,98.87,0.173929,106.279999 
1507,1839,98.87,0.147487,106.320000 
1508,1838,98.60,0.148166,106.360001 
1509,1835,97.78,0.153363,106.400002 
1510,1841,99.41,0.167603,106.440002 
1511,1839,98.87,0.141178,106.480003 
1512,1834,97.50,0.150886,106.519997 
1513,1841,99.41,0.174167,106.559998 
1514,1840,99.14,0.143219,106.599998 
1515,1835,97.78,0.148412,106.639999 
1516,1835,97.78,0.171685,106.680000 
1517,1838,98.60,0.172367,106.720001 
1518,1837,98.32,0.159490,106.760002 
1519,1839,98.87,0.164689,106.800003 
1520,1838,98.60,0.156335,106.839996 
1521,1837,98.32,0.161533,106.879997 
1522,1838,98.60,0.166733,106.919998 
1523,1831,96.68,0.162896,106.959999 
1524,1814,92.01,0.195240,107.000000 
1525,1839,98.87,0.273129,107.040001 
1526,1835,97.78,0.160444,107.080002 
1527,1836,98.05,0.179203,107.120003 
1528,1836,98.05,0.175365,107.160004 
1529,1833,97.23,0.176048,107.199997 
1530,1837,98.32,0.190301,107.239998 
1531,1836,98.05,0.172896,107.279999 
1532,1838,98.60,0.178099,107.320000 
1533,1835,97.78,0.169744,107.360001 
1534,1841,99.41,0.183987,107.400002 
1535,1837,98.32,0.157564,107.440002 
1536,1840,99.14,0.176310,107.480003 
1537,1838,98.60,0.163442,107.519997 
1538,1838,98.60,0.173157,107.559998 
1539,1830,96.41,0.173839,107.599998 
1540,1840,99.14,0.210714,107.639999 
1541,1840,99.14,0.166178,107.680000 
1542,1840,99.14,0.166860,107.720001 
1543,1840,99.14,0.167542,107.760002 
1544,1841,99.41,0.168224,107.800003 
1545,1871,107.56,0.164392,107.839996 
1546,1840,99.14,0.030355,107.879997 
1547,1840,99.14,0.170250,107.919998 
1548,1840,99.14,0.170932,107.959999 
1549,1840,99.14,0.171615,108.000000 
1550,1840,99.14,0.172297,108.040001 
1551,1842,99.69,0.172980,108.080002 
1552,1840,99.14,0.164636,108.120003 
1553,1841,99.41,0.174345,108.160004 
1554,1836,98.05,0.170513,108.199997 
1555,1842,99.69,0.193782,108.239998 
1556,1840,99.14,0.167369,108.279999 
1557,1840,99.14,0.177078,108.320000 
1558,1842,99.69,0.177761,108.360001 
1559,1840,99.14,0.169418,108.400002 
1560,1839,98.87,0.179127,108.440002 
1561,1842,99.69,0.184326,108.480003 
1562,1840,99.14,0.171468,108.519997 
1563,1839,98.87,0.181178,108.559998 
1564,1840,99.14,0.186377,108.599998 
1565,1839,98.87,0.182546,108.639999 
1566,1840,99.14,0.187746,108.680000 
1567,1840,99.14,0.183915,108.720001 
1568,1843,99.96,0.184600,108.760002 
1569,1803,88.98,0.171746,108.800003 
1570,1840,99.14,0.354054,108.839996 
1571,1840,99.14,0.186675,108.879997 
1572,1834,97.50,0.187360,108.919998 
1573,1840,99.14,0.215161,108.959999 
1574,1840,99.14,0.188734,109.000000 
1575,1842,99.69,0.189419,109.040001 
1576,1834,97.50,0.181077,109.080002 
1577,1839,98.87,0.217904,109.120003 
1578,1842,99.69,0.195993,109.160004 
1579,1840,99.14,0.183136,109.199997 
1580,1841,99.41,0.192847,109.239998 
1581,1836,98.05,0.189019,109.279999 
1582,1843,99.96,0.212289,109.320000 
1583,1840,99.14,0.181368,109.360001 
1584,1843,99.96,0.195590,109.400002 
1585,1840,99.14,0.182738,109.440002 
1586,1840,99.14,0.196960,109.480003 
1587,1840,99.14,0.197646,109.519997 
1588,1840,99.14,0.198332,109.559998 
1589,1840,99.14,0.199019,109.599998 
1590,1858,104.04,0.199705,109.639999 
1591,1842,99.69,0.119370,109.680000 
1592,1840,99.14,0.192040,109.720001 
1593,1841,99.41,0.201752,109.760002 
1594,1842,99.69,0.197925,109.800003 
1595,1840,99.14,0.194098,109.839996 
1596,1840,99.14,0.203811,109.879997 
1597,1840,99.14,0.204498,109.919998 
1598,1827,95.59,0.205185,109.959999 
1599,1849,101.59,0.264694,110.000000 
1600,1849,101.59,0.165996,110.040001 
1601,1845,100.51,0.166678,110.080002 
1602,1846,100.78,0.185376,110.120003 
1603,1842,99.69,0.181554,110.160004 
1604,1848,101.32,0.200273,110.199997 
1605,1840,99.14,0.173916,110.239998 
1606,1841,99.41,0.210669,110.279999 
1607,1841,99.41,0.206843,110.320000 
1608,1849,101.59,0.207531,110.360001 
1609,1841,99.41,0.172160,110.400002 
1610,1846,100.78,0.208901,110.440002 
1611,1856,103.50,0.187041,110.480003 
1612,1845,100.51,0.142743,110.519997 
1613,1846,100.78,0.192910,110.559998 
1614,1851,102.14,0.189089,110.599998 
1615,1851,102.14,0.167264,110.639999 
1616,1854,102.95,0.167946,110.680000 
1617,1846,100.78,0.155140,110.720001 
1618,1851,102.14,0.191818,110.760002 
1619,1852,102.41,0.169993,110.800003 
1620,1850,101.87,0.166178,110.839996 
1621,1853,102.68,0.175856,110.879997 
1622,1846,100.78,0.163046,110.919998 
1623,1851,102.14,0.195231,110.959999 
1624,1847,101.05,0.173407,111.000000 
1625,1846,100.78,0.192094,111.040001 
1626,1849,101.59,0.197285,111.080002 
1627,1847,101.05,0.184460,111.120003 
1628,1850,101.87,0.194150,111.160004 
1629,1850,101.87,0.181329,111.199997 
1630,1849,101.59,0.182013,111.239998 
1631,1854,102.95,0.187198,111.279999 
1632,1851,102.14,0.165395,111.320000 
1633,1849,101.59,0.179564,111.360001 
1634,1857,103.77,0.189247,111.400002 
1635,1851,102.14,0.153971,111.440002 
1636,1851,102.14,0.181612,111.480003 
1637,1858,104.04,0.182296,111.519997 
1638,1849,101.59,0.151530,111.559998 
1639,1850,101.87,0.192659,111.599998 
1640,1842,99.69,0.188844,111.639999 
1641,1844,100.23,0.225575,111.680000 
1642,1846,100.78,0.217244,111.720001 
1643,1856,103.50,0.208918,111.760002 
1644,1849,101.59,0.164624,111.800003 
1645,1847,101.05,0.196777,111.839996 
1646,1824,94.76,0.206468,111.879997 
1647,1853,102.68,0.311154,111.919998 
1648,1858,104.04,0.180860,111.959999 
1649,1841,99.41,0.159087,112.000000 
1650,1847,101.05,0.236275,112.040001 
1651,1854,102.95,0.209914,112.080002 
1652,1850,101.87,0.179109,112.120003 
1653,1851,102.14,0.197779,112.160004 
1654,1854,102.95,0.193966,112.199997 
1655,1854,102.95,0.181164,112.239998 
1656,1853,102.68,0.181847,112.279999 
1657,1847,101.05,0.187025,112.320000 
1658,1851,102.14,0.214708,112.360001 
1659,1853,102.68,0.197392,112.400002 
1660,1856,103.50,0.189084,112.440002 
1661,1856,103.50,0.176290,112.480003 
1662,1852,102.41,0.176973,112.519997 
1663,1846,100.78,0.195631,112.559998 
1664,1854,102.95,0.223324,112.599998 
1665,1855,103.23,0.188016,112.639999 
1666,1856,103.50,0.184208,112.680000 
1667,1851,102.14,0.180400,112.720001 
1668,1856,103.50,0.203556,112.760002 
1669,1854,102.95,0.181771,112.800003 
1670,1853,102.68,0.191439,112.839996 
1671,1855,103.23,0.196618,112.879997 
1672,1857,103.77,0.188317,112.919998 
1673,1856,103.50,0.180020,112.959999 
1674,1855,103.23,0.185193,113.000000 
1675,1856,103.50,0.190369,113.040001 
1676,1855,103.23,0.186562,113.080002 
1677,1855,103.23,0.191738,113.120003 
1678,1872,107.83,0.192423,113.160004 
1679,1854,102.95,0.116961,113.199997 
1680,1856,103.50,0.198276,113.239998 
1681,1854,102.95,0.189977,113.279999 
1682,1854,102.95,0.199646,113.320000 
1683,1856,103.50,0.200333,113.360001 
1684,1855,103.23,0.192035,113.400002 
1685,1860,104.58,0.197211,113.440002 
1686,1856,103.50,0.175455,113.480003 
1687,1854,102.95,0.194088,113.519997 
1688,1856,103.50,0.203758,113.559998 
1689,1856,103.50,0.195460,113.599998 
1690,1855,103.23,0.196146,113.639999 
1691,1855,103.23,0.201323,113.680000 
1692,1845,100.51,0.202010,113.720001 
1693,1856,103.50,0.247693,113.760002 
1694,1855,103.23,0.198898,113.800003 
1695,1850,101.87,0.204075,113.839996 
1696,1857,103.77,0.227242,113.879997 
1697,1856,103.50,0.196471,113.919998 
1698,1856,103.50,0.201646,113.959999 
1699,1853,102.68,0.202333,114.000000 
1700,1858,104.04,0.216498,114.040001 
1701,1860,104.58,0.194730,114.080002 
1702,1861,104.85,0.186443,114.120003 
1703,1857,103.77,0.182644,114.160004 
1704,1870,107.29,0.201271,114.199997 
1705,1856,103.50,0.143728,114.239998 
1706,1856,103.50,0.207126,114.279999 
1707,1862,105.12,0.207813,114.320000 
1708,1862,105.12,0.181584,114.360001 
1709,1859,104.31,0.182267,114.400002 
1710,1858,104.04,0.196402,114.440002 
1711,1856,103.50,0.201575,114.480003 
1712,1858,104.04,0.211239,114.519997 
1713,1860,104.58,0.202949,114.559998 
1714,1859,104.31,0.194663,114.599998 
1715,1855,103.23,0.199834,114.639999 
1716,1859,104.31,0.218477,114.680000 
1717,1858,104.04,0.201209,114.720001 
1718,1856,103.50,0.206382,114.760002 
1719,1859,104.31,0.216047,114.800003 
1720,1859,104.31,0.203271,114.839996 
1721,1859,104.31,0.203957,114.879997 
1722,1862,105.12,0.204644,114.919998 
1723,1863,105.39,0.191880,114.959999 
1724,1861,104.85,0.188084,115.000000 
1725,1870,107.29,0.197731,115.040001 
1726,1861,104.85,0.158131,115.080002 
1727,1859,104.31,0.199097,115.120003 
1728,1853,102.68,0.208752,115.160004 
1729,1861,104.85,0.236383,115.199997 
1730,1865,105.94,0.201162,115.239998 
1731,1861,104.85,0.183928,115.279999 
1732,1863,105.39,0.202532,115.320000 
1733,1865,105.94,0.194255,115.360001 
1734,1863,105.39,0.185984,115.400002 
1735,1872,107.83,0.195624,115.440002 
1736,1867,106.48,0.156051,115.480003 
1737,1867,106.48,0.179082,115.519997 
1738,1870,107.29,0.179765,115.559998 
1739,1871,107.56,0.167033,115.599998 
1740,1872,107.83,0.163246,115.639999 
1741,1872,107.83,0.159459,115.680000 
1742,1872,107.83,0.160140,115.720001 
1743,1871,107.56,0.160820,115.760002 
1744,1869,107.02,0.165968,115.800003 
1745,1872,107.83,0.175587,115.839996 
1746,1873,108.10,0.162864,115.879997 
1747,1870,107.29,0.159079,115.919998 
1748,1871,107.56,0.173161,115.959999 
1749,1867,106.48,0.169374,116.000000 
1750,1871,107.56,0.187939,116.040001 
1751,1866,106.21,0.170740,116.080002 
1752,1872,107.83,0.193780,116.120003 
1753,1869,107.02,0.167640,116.160004 
1754,1866,106.21,0.181727,116.199997 
1755,1870,107.29,0.195830,116.239998 
1756,1854,102.95,0.178626,116.279999 
1757,1866,106.21,0.251013,116.320000 
1758,1867,106.48,0.197892,116.360001 
1759,1865,105.94,0.194103,116.400002 
1760,1866,106.21,0.203739,116.440002 
1761,1857,103.77,0.199949,116.480003 
1762,1871,107.56,0.240976,116.519997 
1763,1867,106.48,0.178969,116.559998 
1764,1859,104.31,0.197535,116.599998 
1765,1868,106.75,0.234061,116.639999 
1766,1869,107.02,0.194439,116.680000 
1767,1871,107.56,0.190652,116.720001 
1768,1869,107.02,0.182398,116.760002 
1769,1869,107.02,0.192020,116.800003 
1770,1871,107.56,0.192705,116.839996 
1771,1869,107.02,0.184451,116.879997 
1772,1868,106.75,0.194074,116.919998 
1773,1869,107.02,0.199230,116.959999 
1774,1869,107.02,0.195445,117.000000 
1775,1875,108.64,0.196130,117.040001 
1776,1872,107.83,0.170017,117.080002 
1777,1867,106.48,0.184091,117.120003 
1778,1876,108.91,0.207125,117.160004 
1779,1870,107.29,0.167608,117.199997 
1780,1870,107.29,0.195079,117.239998 
1781,1879,109.72,0.195764,117.279999 
1782,1873,108.10,0.156286,117.320000 
1783,1872,107.83,0.183727,117.360001 
1784,1876,108.91,0.188877,117.400002 
1785,1874,108.37,0.171708,117.440002 
1786,1873,108.10,0.181313,117.480003 
1787,1874,108.37,0.186460,117.519997 
1788,1878,109.45,0.182680,117.559998 
1789,1872,107.83,0.165523,117.599998 
1790,1877,109.18,0.192974,117.639999 
1791,1872,107.83,0.171346,117.680000 
1792,1872,107.83,0.194341,117.720001 
1793,1857,103.77,0.195026,117.760002 
1794,1876,108.91,0.262877,117.800003 
1795,1872,107.83,0.178553,117.839996 
1796,1858,104.04,0.197089,117.879997 
1797,1873,108.10,0.260452,117.919998 
1798,1872,107.83,0.194003,117.959999 
1799,1881,110.26,0.199154,118.000000 
1800,1872,107.83,0.159704,118.040001 
1801,1873,108.10,0.200520,118.080002 
1802,1856,103.50,0.196740,118.120003 
1803,1872,107.83,0.273547,118.160004 
1804,1872,107.83,0.202588,118.199997 
1805,1881,110.26,0.203274,118.239998 
1806,1877,109.18,0.163824,118.279999 
1807,1883,110.79,0.182328,118.320000 
1808,1882,110.52,0.156286,118.360001 
1809,1876,108.91,0.161416,118.400002 
1810,1874,108.37,0.188831,118.440002 
1811,1873,108.10,0.198438,118.480003 
1812,1875,108.64,0.203588,118.519997 
1813,1877,109.18,0.195348,118.559998 
1814,1875,108.64,0.187112,118.599998 
1815,1874,108.37,0.196717,118.639999 
1816,1876,108.91,0.201865,118.680000 
1817,1878,109.45,0.193627,118.720001 
1818,1875,108.64,0.185395,118.760002 
1819,1877,109.18,0.199457,118.800003 
1820,1879,109.72,0.191222,118.839996 
1821,1878,109.45,0.182992,118.879997 
1822,1878,109.45,0.188132,118.919998 
1823,1875,108.64,0.188816,118.959999 
1824,1876,108.91,0.202879,119.000000 
1825,1873,108.10,0.199104,119.040001 
1826,1876,108.91,0.213177,119.080002 
1827,1875,108.64,0.200477,119.120003 
1828,1875,108.64,0.205624,119.160004 
1829,1872,107.83,0.206311,119.199997 
1830,1873,108.10,0.220390,119.239998 
1831,1874,108.37,0.216613,119.279999 
1832,1875,108.64,0.212837,119.320000 
1833,1885,111.33,0.209062,119.360001 
1834,1872,107.83,0.165207,119.400002 
1835,1874,108.37,0.223822,119.440002 
1836,1874,108.37,0.215581,119.480003 
1837,1871,107.56,0.216269,119.519997 
1838,1885,111.33,0.230354,119.559998 
1839,1585,26.56,0.168643,119.599998 
1840,1862,105.12,1.571523,119.639999 
1841,1874,108.37,0.272881,119.680000 
1842,1872,107.83,0.219908,119.720001 
1843,1874,108.37,0.229526,119.760002 
1844,1875,108.64,0.221286,119.800003 
1845,1873,108.10,0.217513,119.839996 
1846,1886,111.60,0.227127,119.879997 
1847,1879,109.72,0.169902,119.919998 
1848,1874,108.37,0.201737,119.959999 
1849,1878,109.45,0.224720,120.000000 
1850,1872,107.83,0.207568,120.040001 
1851,1875,108.64,0.235026,120.080002 
1852,1843,99.96,0.222324,120.120003 
1853,1877,109.18,0.366567,120.160004 
1854,1879,109.72,0.214802,120.199997 
1855,1914,119.09,0.206575,120.239998 
1856,1878,109.45,0.052239,120.279999 
1857,1878,109.45,0.212383,120.320000 
1858,1889,112.41,0.213070,120.360001 
1859,1878,109.45,0.164819,120.400002 
1860,1879,109.72,0.214438,120.440002 
1861,1877,109.18,0.210670,120.480003 
1862,1882,110.52,0.220271,120.519997 
1863,1882,110.52,0.198685,120.559998 
1864,1883,110.79,0.199370,120.599998 
1865,1881,110.26,0.195605,120.639999 
1866,1886,111.60,0.205193,120.680000 
1867,1889,112.41,0.183634,120.720001 
1868,1893,113.48,0.170989,120.760002 
1869,1879,109.72,0.153920,120.800003 
1870,1897,114.55,0.216831,120.839996 
1871,1879,109.72,0.137561,120.879997 
1872,1886,111.60,0.218196,120.919998 
1873,1886,111.60,0.187731,120.959999 
1874,1884,111.06,0.188415,121.000000 
1875,1882,110.52,0.197992,121.040001 
1876,1885,111.33,0.207576,121.080002 
1877,1883,110.79,0.194916,121.120003 
1878,1878,109.45,0.204497,121.160004 
1879,1872,107.83,0.227451,121.199997 
1880,1888,112.14,0.254911,121.239998 
1881,1891,112.94,0.184337,121.279999 
1882,1931,123.60,0.171701,121.320000 
1883,1887,111.87,-0.003908,121.360001 
1884,1889,112.41,0.190801,121.400002 
1885,1888,112.14,0.182601,121.440002 
1886,1705,61.46,0.187725,121.480003 
1887,1894,113.75,1.026693,121.519997 
1888,1886,111.60,0.162588,121.559998 
1889,1894,113.75,0.198781,121.599998 
1890,1894,113.75,0.163954,121.639999 
1891,1893,113.48,0.164634,121.680000 
1892,1895,114.01,0.169748,121.720001 
1893,1890,112.67,0.161563,121.760002 
1894,1889,112.41,0.184420,121.800003 
1895,1894,113.75,0.189543,121.839996 
1896,1893,113.48,0.168043,121.879997 
1897,1890,112.67,0.173157,121.919998 
1898,1911,118.29,0.187149,121.959999 
1899,1892,113.21,0.094947,122.000000 
1900,1875,108.64,0.179628,122.040001 
1901,1890,112.67,0.255943,122.080002 
1902,1894,113.75,0.189880,122.120003 
1903,1893,113.48,0.172819,122.160004 
1904,1889,112.41,0.177935,122.199997 
1905,1891,112.94,0.196367,122.239998 
1906,1889,112.41,0.188174,122.279999 
1907,1890,112.67,0.197736,122.320000 
1908,1901,115.62,0.193981,122.360001 
1909,1892,113.21,0.145928,122.400002 
1910,1890,112.67,0.186468,122.440002 
1911,1889,112.41,0.196027,122.480003 
1912,1887,111.87,0.201152,122.519997 
1913,1889,112.41,0.210722,122.559998 
1914,1892,113.21,0.202524,122.599998 
1915,1893,113.48,0.189895,122.639999 
1916,1895,114.01,0.186144,122.680000 
1917,1889,112.41,0.177961,122.720001 
1918,1894,113.75,0.205260,122.760002 
1919,1889,112.41,0.183762,122.800003 
1920,1893,113.48,0.206629,122.839996 
1921,1893,113.48,0.189565,122.879997 
1922,1892,113.21,0.190249,122.919998 
1923,1894,113.75,0.195368,122.959999 
1924,1896,114.28,0.187184,123.000000 
1925,1894,113.75,0.179005,123.040001 
1926,1900,115.35,0.188550,123.080002 
1927,1901,115.62,0.162663,123.120003 
1928,1894,113.75,0.158920,123.160004 
1929,1904,116.42,0.190593,123.199997 
1930,1889,112.41,0.147023,123.239998 
1931,1897,114.55,0.214139,123.279999 
1932,1902,115.89,0.179350,123.320000 
1933,1896,114.28,0.157909,123.360001 
1934,1899,115.09,0.185141,123.400002 
1935,1936,124.92,0.172541,123.440002 
1936,1914,119.09,0.010519,123.480003 
1937,1902,115.89,0.107670,123.519997 
1938,1903,116.16,0.161284,123.559998 
1939,1903,116.16,0.157543,123.599998 
1940,1901,115.62,0.158222,123.639999 
1941,1898,114.82,0.167744,123.680000 
1942,1898,114.82,0.181698,123.720001 
1943,1901,115.62,0.182381,123.760002 
1944,1902,115.89,0.169790,123.800003 
1945,1901,115.62,0.166049,123.839996 
1946,1904,116.42,0.171151,123.879997 
1947,1877,109.18,0.158572,123.919998 
1948,1894,113.75,0.279086,123.959999 
1949,1899,115.09,0.204203,124.000000 
1950,1803,88.98,0.182742,124.040001 
1951,1901,115.62,0.615251,124.080002 
1952,1897,114.55,0.175323,124.120003 
1953,1894,113.75,0.193706,124.160004 
1954,1872,107.83,0.207683,124.199997 
1955,1898,114.82,0.306262,124.239998 
1956,1894,113.75,0.191350,124.279999 
1957,1900,115.35,0.209754,124.320000 
1958,1894,113.75,0.183870,124.360001 
1959,1888,112.14,0.211123,124.400002 
1960,1904,116.42,0.238436,124.440002 
1961,1902,115.89,0.168247,124.480003 
1962,1895,114.01,0.177766,124.519997 
1963,1906,116.96,0.209432,124.559998 
1964,1897,114.55,0.161463,124.599998 
1965,1898,114.82,0.201938,124.639999 
1966,1898,114.82,0.198196,124.680000 
1967,1903,116.16,0.198881,124.720001 
1968,1895,114.01,0.177450,124.760002 
1969,1893,113.48,0.213536,124.800003 
1970,1898,114.82,0.223089,124.839996 
1971,1897,114.55,0.201624,124.879997 
1972,1904,116.42,0.206737,124.919998 
1973,1899,115.09,0.176461,124.959999 
1974,1902,115.89,0.199251,125.000000 
1975,1904,116.42,0.186667,125.040001 
1976,1897,114.55,0.178511,125.080002 
1977,1901,115.62,0.210156,125.120003 
1978,1903,116.16,0.193141,125.160004 
1979,1903,116.16,0.184983,125.199997 
1980,1901,115.62,0.185666,125.239998 
1981,1904,116.42,0.195191,125.279999 
1982,1901,115.62,0.182615,125.320000 
1983,1903,116.16,0.196558,125.360001 
1984,1885,111.33,0.188401,125.400002 
1985,1904,116.42,0.268879,125.440002 
1986,1904,116.42,0.185361,125.480003 
1987,1904,116.42,0.186044,125.519997 
1988,1902,115.89,0.186728,125.559998 
1989,1904,116.42,0.196250,125.599998 
1990,1904,116.42,0.188096,125.639999 
1991,1903,116.16,0.188779,125.680000 
1992,1902,115.89,0.193881,125.720001 
1993,1901,115.62,0.198986,125.760002 
1994,1897,114.55,0.204092,125.800003 
1995,1904,116.42,0.222480,125.839996 
1996,1901,115.62,0.192206,125.879997 
1997,1903,116.16,0.206151,125.919998 
1998,1898,114.82,0.197995,125.959999 
1999,1899,115.09,0.220795,126.000000 
2000,1904,116.42,0.217057,126.040001 
2001,1904,116.42,0.195637,126.080002 
2002,1903,116.16,0.196321,126.120003 
2003,1904,116.42,0.201424,126.160004 
2004,1902,115.89,0.197691,126.199997 
2005,1900,115.35,0.207215,126.239998 
2006,1901,115.62,0.216746,126.279999 
2007,1902,115.89,0.213010,126.320000 
2008,1904,116.42,0.209275,126.360001 
2009,1904,116.42,0.201123,126.400002 
2010,1905,116.69,0.201809,126.440002 
2011,1905,116.69,0.198077,126.480003 
2012,1917,119.89,0.198762,126.519997 
2013,1906,116.96,0.146560,126.559998 
2014,1904,116.42,0.195708,126.599998 
2015,1904,116.42,0.205226,126.639999 
2016,1901,115.62,0.205911,126.680000 
2017,1906,116.96,0.219858,126.720001 
2018,1904,116.42,0.198453,126.760002 
2019,1904,116.42,0.207970,126.800003 
2020,1904,116.42,0.208657,126.839996 
2021,1903,116.16,0.209343,126.879997 
2022,1904,116.42,0.214448,126.919998 
2023,1903,116.16,0.210716,126.959999 
2024,1903,116.16,0.215822,127.000000 
2025,1905,116.69,0.216509,127.040001 
2026,1904,116.42,0.208361,127.080002 
2027,1906,116.96,0.213464,127.120003 
2028,1904,116.42,0.205318,127.160004 
2029,1904,116.42,0.214837,127.199997 
2030,1907,117.22,0.215524,127.239998 
2031,1904,116.42,0.202965,127.279999 
2032,1904,116.42,0.216897,127.320000 
2033,1913,118.82,0.217584,127.360001 
2034,1904,116.42,0.178572,127.400002 
2035,1908,117.49,0.218954,127.440002 
2036,1908,117.49,0.201982,127.480003 
2037,1907,117.22,0.202667,127.519997 
2038,1908,117.49,0.207766,127.559998 
2039,1906,116.96,0.204039,127.599998 
2040,1904,116.42,0.213551,127.639999 
2041,1889,112.41,0.223071,127.680000 
2042,1906,116.96,0.290198,127.720001 
2043,1909,117.76,0.215624,127.760002 
2044,1907,117.22,0.203074,127.800003 
2045,1904,116.42,0.212583,127.839996 
2046,1910,118.02,0.226517,127.879997 
2047,1905,116.69,0.200726,127.919998 
2048,1905,116.69,0.223473,127.959999 
2049,1905,116.69,0.224162,128.000000 
2050,1907,117.22,0.224850,128.039993 
2051,1905,116.69,0.216709,128.080002 
2052,1905,116.69,0.226226,128.119995 
2053,1929,123.07,0.226915,128.160004 
2054,1907,117.22,0.122048,128.199997 
2055,1907,117.22,0.219448,128.240005 
2056,1909,117.76,0.220136,128.279999 
2057,1904,116.42,0.212000,128.320007 
2058,1904,116.42,0.234757,128.360001 
2059,1905,116.69,0.235447,128.399994 
2060,1904,116.42,0.231720,128.440002 
2061,1903,116.16,0.236827,128.479996 
2062,1904,116.42,0.241935,128.520004 
2063,1904,116.42,0.238208,128.559998 
2064,1904,116.42,0.238898,128.600006 
2065,1904,116.42,0.239589,128.639999 
2066,1904,116.42,0.240279,128.679993 
2067,1904,116.42,0.240970,128.720001 
2068,1905,116.69,0.241661,128.759995 
2069,1904,116.42,0.237934,128.800003 
2070,1902,115.89,0.243042,128.839996 
2071,1905,116.69,0.252572,128.880005 
2072,1904,116.42,0.240008,128.919998 
2073,1918,120.15,0.245116,128.960007 
2074,1909,117.76,0.184106,129.000000 
2075,1906,116.96,0.224420,129.039993 
2076,1908,117.49,0.238346,129.080002 
2077,1904,116.42,0.230210,129.119995 
2078,1904,116.42,0.248558,129.160004 
2079,1899,115.09,0.249250,129.199997 
2080,1906,116.96,0.272050,129.240005 
2081,1904,116.42,0.241804,129.279999 
2082,1905,116.69,0.251328,129.320007 
2083,1906,116.96,0.247603,129.360001 
2084,1911,118.29,0.243879,129.399994 
2085,1904,116.42,0.222515,129.440002 
2086,1906,116.96,0.254091,129.479996 
2087,1904,116.42,0.245951,129.520004 
2088,1907,117.22,0.255475,129.559998 
2089,1907,117.22,0.242921,129.600006 
2090,1920,120.68,0.243612,129.639999 
2091,1906,116.96,0.187058,129.679993 
2092,1908,117.49,0.249400,129.720001 
2093,1906,116.96,0.241266,129.759995 
2094,1909,117.76,0.250783,129.800003 
2095,1909,117.76,0.238237,129.839996 
2096,1919,120.42,0.238928,129.880005 
2097,1905,116.69,0.195591,129.919998 
2098,1910,118.02,0.257955,129.960007 
2099,1919,120.42,0.236586,130.000000 
2100,1910,118.02,0.197658,130.039993 
2101,1916,119.62,0.237960,130.080002 
2102,1919,120.42,0.212225,130.119995 
2103,1914,119.09,0.199719,130.160004 
2104,1916,119.62,0.222399,130.199997 
2105,1910,118.02,0.214284,130.240005 
2106,1915,119.35,0.241396,130.279999 
2107,1915,119.35,0.220062,130.320007 
2108,1920,120.68,0.220750,130.360001 
2109,1909,117.76,0.199451,130.399994 
2110,1914,119.09,0.248557,130.440002 
2111,1913,118.82,0.227216,130.479996 
2112,1906,116.96,0.232308,130.520004 
2113,1907,117.22,0.263864,130.559998 
2114,1899,115.09,0.260144,130.600006 
2115,1913,118.82,0.296192,130.639999 
2116,1914,119.09,0.235083,130.679993 
2117,1920,120.68,0.231370,130.720001 
2118,1906,116.96,0.205670,130.759995 
2119,1914,119.09,0.268014,130.800003 
2120,1919,120.42,0.233439,130.839996 
2121,1913,118.82,0.212134,130.880005 
2122,1911,118.29,0.239218,130.919998 
2123,1920,120.68,0.248720,130.960007 
2124,1914,119.09,0.209808,131.000000 
2125,1911,118.29,0.236883,131.039993 
2126,1910,118.02,0.250788,131.080002 
2127,1907,117.22,0.255888,131.119995 
2128,1915,119.35,0.269814,131.160004 
2129,1905,116.69,0.235250,131.199997 
2130,1915,119.35,0.280028,131.240005 
2131,1913,118.82,0.236636,131.279999 
2132,1914,119.09,0.246131,131.320007 
2133,1905,116.69,0.242419,131.360001 
2134,1915,119.35,0.282796,131.399994 
2135,1920,120.68,0.239405,131.440002 
2136,1911,118.29,0.218108,131.479996 
2137,1914,119.09,0.258399,131.520004 
2138,1904,116.42,0.245877,131.559998 
2139,1907,117.22,0.290671,131.600006 
2140,1915,119.35,0.278122,131.639999 
2141,1910,118.02,0.243560,131.679993 
2142,1916,119.62,0.266276,131.720001 
2143,1914,119.09,0.240544,131.759995 
2144,1919,120.42,0.250037,131.800003 
2145,1910,118.02,0.228734,131.839996 
2146,1917,119.89,0.269041,131.880005 
2147,1925,122.01,0.238911,131.919998 
2148,1915,119.35,0.204464,131.960007 
2149,1917,119.89,0.249086,132.000000 
2150,1899,115.09,0.240978,132.039993 
2151,1915,119.35,0.321081,132.080002 
2152,1920,120.68,0.251170,132.119995 
2153,1914,119.09,0.229875,132.160004 
2154,1918,120.15,0.256953,132.199997 
2155,1918,120.15,0.240047,132.240005 
2156,1920,120.68,0.240737,132.279999 
2157,1920,120.68,0.232637,132.320007 
2158,1916,119.62,0.233326,132.360001 
2159,1920,120.68,0.251602,132.399994 
2160,1923,121.48,0.234707,132.440002 
2161,1925,122.01,0.222223,132.479996 
2162,1920,120.68,0.214136,132.520004 
2163,1925,122.01,0.236771,132.559998 
2164,1923,121.48,0.215512,132.600006 
2165,1920,120.68,0.224974,132.639999 
2166,1920,120.68,0.238836,132.679993 
2167,1925,122.01,0.239526,132.720001 
2168,1926,122.28,0.218267,132.759995 
2169,1921,120.95,0.214569,132.800003 
2170,1922,121.21,0.237197,132.839996 
2171,1922,121.21,0.233495,132.880005 
2172,1921,120.95,0.234185,132.919998 
2173,1926,122.28,0.239266,132.960007 
2174,1922,121.21,0.218014,133.000000 
2175,1923,121.48,0.236251,133.039993 
2176,1922,121.21,0.232551,133.080002 
2177,1922,121.21,0.237630,133.119995 
2178,1922,121.21,0.238320,133.160004 
2179,1920,120.68,0.239010,133.199997 
2180,1950,128.61,0.248484,133.240005 
2181,1926,122.28,0.118050,133.279999 
2182,1922,121.21,0.223514,133.320007 
2183,1924,121.75,0.241752,133.360001 
2184,1922,121.21,0.233664,133.399994 
2185,1922,121.21,0.243132,133.440002 
2186,1923,121.48,0.243822,133.479996 
2187,1925,122.01,0.240123,133.520004 
2188,1924,121.75,0.232038,133.559998 
2189,1922,121.21,0.237114,133.600006 
2190,1926,122.28,0.246582,133.639999 
2191,1924,121.75,0.229723,133.679993 
2192,1924,121.75,0.239184,133.720001 
2193,1926,122.28,0.239874,133.759995 
2194,1922,121.21,0.231792,133.800003 
2195,1923,121.48,0.250031,133.839996 
2196,1930,123.34,0.246333,133.880005 
2197,1923,121.48,0.216338,133.919998 
2198,1922,121.21,0.247710,133.960007 
2199,1923,121.48,0.252791,134.000000 
2200,1928,122.81,0.249094,134.039993 
2201,1922,121.21,0.227859,134.080002 
2202,1925,122.01,0.254863,134.119995 
2203,1925,122.01,0.242391,134.160004 
2204,1926,122.28,0.243081,134.199997 
2205,1925,122.01,0.239386,134.240005 
2206,1927,122.54,0.244462,134.279999 
2207,1923,121.48,0.236383,134.320007 
2208,1925,122.01,0.254617,134.360001 
2209,1920,120.68,0.246534,134.399994 
2210,1924,121.75,0.269174,134.440002 
2211,1925,122.01,0.252306,134.479996 
2212,1923,121.48,0.248611,134.520004 
2213,1923,121.48,0.258078,134.559998 
2214,1923,121.48,0.258770,134.600006 
2215,1920,120.68,0.259463,134.639999 
2216,1924,121.75,0.273330,134.679993 
2217,1926,122.28,0.256462,134.720001 
2218,1926,122.28,0.248383,134.759995 
2219,1924,121.75,0.249074,134.800003 
2220,1927,122.54,0.258537,134.839996 
2221,1927,122.54,0.246074,134.880005 
2222,1927,122.54,0.246765,134.919998 
2223,1929,123.07,0.247456,134.960007 
2224,1930,123.34,0.239384,135.000000 
2225,1926,122.28,0.235695,135.039993 
2226,1928,122.81,0.253910,135.080002 
2227,1932,123.86,0.245836,135.119995 
2228,1931,123.60,0.229013,135.160004 
2229,1934,124.39,0.234078,135.199997 
2230,1935,124.66,0.221643,135.240005 
2231,1934,124.39,0.217959,135.279999 
2232,1933,124.13,0.223017,135.320007 
2233,1927,122.54,0.228078,135.360001 
2234,1935,124.66,0.255037,135.399994 
2235,1934,124.39,0.220714,135.440002 
2236,1931,123.60,0.225772,135.479996 
2237,1922,121.21,0.239584,135.520004 
2238,1931,123.60,0.279728,135.559998 
2239,1931,123.60,0.240970,135.600006 
2240,1936,124.92,0.241660,135.639999 
2241,1935,124.66,0.220484,135.679993 
2242,1935,124.66,0.225542,135.720001 
2243,1933,124.13,0.226230,135.759995 
2244,1937,125.19,0.235662,135.800003 
2245,1937,125.19,0.218868,135.839996 
2246,1936,124.92,0.219555,135.880005 
2247,1936,124.92,0.224611,135.919998 
2248,1945,127.30,0.225298,135.960007 
2249,1936,124.92,0.186723,136.000000 
2250,1934,124.39,0.226668,136.039993 
2251,1935,124.66,0.236098,136.080002 
2252,1937,125.19,0.232416,136.119995 
2253,1935,124.66,0.224366,136.160004 
2254,1934,124.39,0.233792,136.199997 
2255,1934,124.39,0.238853,136.240005 
2256,1934,124.39,0.239543,136.279999 
2257,1921,120.95,0.240232,136.320007 
2258,1930,123.34,0.297892,136.360001 
2259,1934,124.39,0.259122,136.399994 
2260,1949,128.35,0.242313,136.440002 
2261,1935,124.66,0.177588,136.479996 
2262,1934,124.39,0.239313,136.520004 
2263,1936,124.92,0.244374,136.559998 
2264,1929,123.07,0.236323,136.600006 
2265,1935,124.66,0.267635,136.639999 
2266,1921,120.95,0.242076,136.679993 
2267,1936,124.92,0.304107,136.720001 
2268,1936,124.92,0.239095,136.759995 
2269,1934,124.39,0.239785,136.800003 
2270,1935,124.66,0.249216,136.839996 
2271,1935,124.66,0.245536,136.880005 
2272,1936,124.92,0.246227,136.919998 
2273,1936,124.92,0.242547,136.960007 
2274,1935,124.66,0.243237,137.000000 
2275,1935,124.66,0.248298,137.039993 
2276,1949,128.35,0.248989,137.080002 
2277,1935,124.66,0.188636,137.119995 
2278,1935,124.66,0.250362,137.160004 
2279,1934,124.39,0.251054,137.199997 
2280,1929,123.07,0.256117,137.240005 
2281,1932,123.86,0.278690,137.279999 
2282,1933,124.13,0.266252,137.320007 
2283,1930,123.34,0.262571,137.360001 
2284,1938,125.45,0.276392,137.399994 
2285,1936,124.92,0.242108,137.440002 
2286,1934,124.39,0.251534,137.479996 
2287,1932,123.86,0.260967,137.520004 
2288,1933,124.13,0.270408,137.559998 
2289,1934,124.39,0.266727,137.600006 
2290,1910,118.02,0.263048,137.639999 
2291,1936,124.92,0.369115,137.679993 
2292,1937,125.19,0.255707,137.720001 
2293,1936,124.92,0.252031,137.759995 
2294,1935,124.66,0.257091,137.800003 
2295,1934,124.39,0.262153,137.839996 
2296,1965,132.54,0.267218,137.880005 
2297,1932,123.86,0.133095,137.919998 
2298,1936,124.92,0.277333,137.960007 
2299,1936,124.92,0.260539,138.000000 
2300,1934,124.39,0.261231,138.039993 
2301,1936,124.92,0.270666,138.080002 
2302,1936,124.92,0.262618,138.119995 
2303,1937,125.19,0.263311,138.160004 
2304,1936,124.92,0.259636,138.199997 
2305,1936,124.92,0.264697,138.240005 
2306,1938,125.45,0.265390,138.279999 
2307,1923,121.48,0.257348,138.320007 
2308,1941,126.24,0.323705,138.360001 
2309,1937,125.19,0.245649,138.399994 
2310,1942,126.51,0.263799,138.440002 
2311,1939,125.71,0.242672,138.479996 
2312,1939,125.71,0.256449,138.520004 
2313,1938,125.45,0.257142,138.559998 
2314,1939,125.71,0.262199,138.600006 
2315,1939,125.71,0.258526,138.639999 
2316,1941,126.24,0.259219,138.679993 
2317,1947,127.82,0.251185,138.720001 
2318,1790,85.38,0.225732,138.759995 
2319,1941,126.24,0.928471,138.800003 
2320,1943,126.77,0.253352,138.839996 
2321,1939,125.71,0.245323,138.880005 
2322,1940,125.98,0.263460,138.919998 
2323,1947,127.82,0.259789,138.960007 
2324,1946,127.56,0.229976,139.000000 
2325,1942,126.51,0.235017,139.039993 
2326,1946,127.56,0.253135,139.080002 
2327,1942,126.51,0.236398,139.119995 
2328,1942,126.51,0.254516,139.160004 
2329,1939,125.71,0.255207,139.199997 
2330,1939,125.71,0.268987,139.240005 
2331,1939,125.71,0.269680,139.279999 
2332,1938,125.45,0.270374,139.320007 
2333,1939,125.71,0.275434,139.360001 
2334,1936,124.92,0.271763,139.399994 
2335,1940,125.98,0.285558,139.440002 
2336,1938,125.45,0.268789,139.479996 
2337,1940,125.98,0.278212,139.520004 
2338,1938,125.45,0.270178,139.559998 
2339,1939,125.71,0.279601,139.600006 
2340,1937,125.19,0.275931,139.639999 
2341,1995,140.35,0.285358,139.679993 
2342,1943,126.77,0.035268,139.720001 
2343,1943,126.77,0.260534,139.759995 
2344,1953,129.40,0.261227,139.800003 
2345,1943,126.77,0.218408,139.839996 
2346,1947,127.82,0.262606,139.880005 
2347,1946,127.56,0.245876,139.919998 
2348,1943,126.77,0.250919,139.960007 
2349,1951,128.87,0.264680,140.000000 
2350,1953,129.40,0.230551,140.039993 
2351,1934,124.39,0.222549,140.080002 
2352,1951,128.87,0.306038,140.119995 
2353,1955,129.92,0.232625,140.160004 
2354,1946,127.56,0.215939,140.199997 
2355,1946,127.56,0.255752,140.240005 
2356,1932,123.86,0.256444,140.279999 
2357,1945,127.30,0.318243,140.320007 
2358,1945,127.30,0.262191,140.360001 
2359,1950,128.61,0.262884,140.399994 
2360,1943,126.77,0.241817,140.440002 
2361,1945,127.30,0.272980,140.479996 
2362,1945,127.30,0.264960,140.520004 
2363,1942,126.51,0.265653,140.559998 
2364,1941,126.24,0.279420,140.600006 
2365,1943,126.77,0.284476,140.639999 
2366,1953,129.40,0.276452,140.679993 
2367,1942,126.51,0.233635,140.720001 
2368,1949,128.35,0.282194,140.759995 
2369,1942,126.51,0.252405,140.800003 
2370,1945,127.30,0.283581,140.839996 
2371,1947,127.82,0.271203,140.880005 
2372,1945,127.30,0.263188,140.919998 
2373,1950,128.61,0.272589,140.960007 
2374,1946,127.56,0.251524,141.000000 
2375,1949,128.35,0.269619,141.039993 
2376,1950,128.61,0.257257,141.080002 
2377,1922,121.21,0.253600,141.119995 
2378,1949,128.35,0.376633,141.160004 
2379,1949,128.35,0.259349,141.199997 
2380,1923,121.48,0.260041,141.240005 
2381,1952,129.14,0.374337,141.279999 
2382,1950,128.61,0.248400,141.320007 
2383,1929,123.07,0.257784,141.360001 
2384,1945,127.30,0.350121,141.399994 
2385,1950,128.61,0.280941,141.440002 
2386,1955,129.92,0.259876,141.479996 
2387,1969,133.59,0.238847,141.520004 
2388,1951,128.87,0.178916,141.559998 
2389,1946,127.56,0.257591,141.600006 
2390,1947,127.82,0.280034,141.639999 
2391,1942,126.51,0.276376,141.679993 
2392,1948,128.09,0.298853,141.720001 
2393,1945,127.30,0.273416,141.759995 
2394,1949,128.35,0.287171,141.800003 
2395,1952,129.14,0.270456,141.839996 
2396,1952,129.14,0.258108,141.880005 
2397,1962,131.76,0.258799,141.919998 
2398,1936,124.92,0.216116,141.960007 
2399,1951,128.87,0.329893,142.000000 
2400,1946,127.56,0.265225,142.039993 
2401,1962,131.76,0.287670,142.080002 
2402,1951,128.87,0.218893,142.119995 
2403,1955,129.92,0.267300,142.160004 
2404,1952,129.14,0.250619,142.199997 
2405,1958,130.71,0.264338,142.240005 
2406,1957,130.45,0.238988,142.279999 
2407,1961,131.50,0.244014,142.320007 
2408,1955,129.92,0.227365,142.360001 
2409,1958,130.71,0.254069,142.399994 
2410,1954,129.66,0.241745,142.440002 
2411,1957,130.45,0.259791,142.479996 
2412,1968,133.33,0.247464,142.520004 
2413,1954,129.66,0.200533,142.559998 
2414,1957,130.45,0.261857,142.600006 
2415,1959,130.97,0.249530,142.639999 
2416,1956,130.19,0.241548,142.679993 
2417,1954,129.66,0.255248,142.720001 
2418,1959,130.97,0.264620,142.759995 
2419,1955,129.92,0.243622,142.800003 
2420,1952,129.14,0.261661,142.839996 
2421,1958,130.71,0.275382,142.880005 
2422,1954,129.66,0.250033,142.919998 
2423,1953,129.40,0.268080,142.960007 
2424,1955,129.92,0.273116,143.000000 
2425,1954,129.66,0.265126,143.039993 
2426,1958,130.71,0.270160,143.080002 
2427,1957,130.45,0.253497,143.119995 
2428,1968,133.33,0.258525,143.160004 
2429,1954,129.66,0.211595,143.199997 
2430,1953,129.40,0.272921,143.240005 
2431,1954,129.66,0.277958,143.279999 
2432,2031,149.60,0.274309,143.320007 
2433,1955,129.92,-0.054844,143.360001 
2434,1959,130.97,0.271309,143.399994 
2435,1957,130.45,0.254652,143.440002 
2436,1955,129.92,0.264016,143.479996 
2437,1955,129.92,0.273386,143.520004 
2438,1956,130.19,0.274080,143.559998 
2439,1955,129.92,0.270434,143.600006 
2440,1958,130.71,0.275468,143.639999 
2441,1957,130.45,0.263147,143.679993 
2442,1959,130.97,0.268176,143.720001 
2443,1960,131.24,0.260197,143.759995 
2444,1958,130.71,0.256555,143.800003 
2445,1959,130.97,0.265916,143.839996 
2446,1961,131.50,0.262273,143.880005 
2447,1954,129.66,0.254299,143.919998 
2448,1959,130.97,0.285348,143.960007 
2449,1959,130.97,0.264352,144.000000 
2450,1957,130.45,0.265045,144.039993 
2451,1959,130.97,0.274409,144.080002 
2452,1955,129.92,0.266431,144.119995 
2453,1963,132.02,0.284474,144.160004 
2454,1956,130.19,0.250494,144.199997 
2455,1963,132.02,0.281520,144.240005 
2456,1969,133.59,0.251879,144.279999 
2457,1957,130.45,0.226626,144.320007 
2458,1958,130.71,0.279255,144.360001 
2459,1963,132.02,0.275613,144.399994 
2460,1957,130.45,0.254646,144.440002 
2461,1959,130.97,0.281335,144.479996 
2462,1955,129.92,0.273358,144.520004 
2463,1957,130.45,0.291401,144.559998 
2464,1957,130.45,0.283420,144.600006 
2465,1958,130.71,0.284115,144.639999 
2466,1963,132.02,0.280473,144.679993 
2467,1958,130.71,0.259507,144.720001 
2468,1943,126.77,0.281860,144.759995 
2469,1962,131.76,0.347766,144.800003 
2470,1962,131.76,0.265927,144.839996 
2471,1964,132.28,0.266620,144.880005 
2472,1965,132.54,0.258656,144.919998 
2473,1963,132.02,0.255021,144.960007 
2474,1961,131.50,0.264366,145.000000 
2475,1962,131.76,0.273719,145.039993 
2476,1963,132.02,0.270082,145.080002 
2477,1967,133.07,0.266446,145.119995 
2478,1966,132.81,0.249837,145.160004 
2479,1965,132.54,0.254850,145.199997 
2480,1968,133.33,0.259866,145.240005 
2481,1968,133.33,0.247588,145.279999 
2482,1966,132.81,0.248278,145.320007 
2483,1968,133.33,0.257613,145.360001 
2484,1966,132.81,0.249660,145.399994 
2485,1967,133.07,0.258995,145.440002 
2486,1966,132.81,0.255363,145.479996 
2487,1964,132.28,0.260377,145.520004 
2488,1979,136.20,0.269720,145.559998 
2489,1967,133.07,0.205680,145.600006 
2490,1967,133.07,0.258123,145.639999 
2491,1968,133.33,0.258815,145.679993 
2492,1965,132.54,0.255185,145.720001 
2493,1963,132.02,0.268845,145.759995 
2494,1968,133.33,0.278192,145.800003 
2495,1962,131.76,0.257263,145.839996 
2496,1962,131.76,0.283907,145.880005 
2497,1963,132.02,0.284602,145.919998 
2498,1963,132.02,0.280968,145.960007 
2499,1968,133.33,0.281663,146.000000 
2500,1961,131.50,0.260734,146.039993 
2501,1963,132.02,0.291709,146.080002 
2502,1966,132.81,0.283745,146.119995 
2503,1956,130.19,0.271462,146.160004 
2504,1963,132.02,0.315470,146.199997 
2505,1965,132.54,0.285833,146.240005 
2506,1915,119.35,0.277875,146.279999 
2507,1965,132.54,0.496734,146.320007 
2508,1968,133.33,0.279295,146.360001 
2509,1968,133.33,0.267020,146.399994 
2510,1968,133.33,0.267713,146.440002 
2511,1970,133.85,0.268405,146.479996 
2512,1968,133.33,0.260460,146.520004 
2513,1971,134.11,0.269790,146.559998 
2514,1970,133.85,0.257527,146.600006 
2515,1969,133.59,0.262536,146.639999 
2516,1971,134.11,0.267546,146.679993 
2517,1968,133.33,0.259603,146.720001 
2518,1970,133.85,0.273250,146.759995 
2519,1969,133.59,0.265305,146.800003 
2520,1968,133.33,0.270316,146.839996 
2521,1968,133.33,0.275329,146.880005 
2522,1972,134.37,0.276023,146.919998 
2523,1968,133.33,0.259446,146.960007 
2524,1968,133.33,0.277408,147.000000 
2525,1973,134.63,0.278102,147.039993 
2526,1970,133.85,0.257211,147.080002 
2527,1968,133.33,0.270849,147.119995 
2528,1969,133.59,0.280181,147.160004 
2529,1968,133.33,0.276555,147.199997 
2530,1972,134.37,0.281569,147.240005 
2531,1974,134.89,0.264993,147.279999 
2532,1970,133.85,0.257058,147.320007 
2533,1970,133.85,0.275009,147.360001 
2534,1971,134.11,0.275702,147.399994 
2535,1971,134.11,0.272079,147.440002 
2536,1971,134.11,0.272772,147.479996 
2537,1970,133.85,0.273465,147.520004 
2538,1974,134.89,0.278476,147.559998 
2539,1971,134.11,0.261911,147.600006 
2540,1969,133.59,0.275545,147.639999 
2541,1969,133.59,0.284874,147.679993 
2542,1971,134.11,0.285569,147.720001 
2543,1971,134.11,0.277629,147.759995 
2544,1972,134.37,0.278323,147.800003 
2545,1974,134.89,0.274701,147.839996 
2546,1974,134.89,0.266769,147.880005 
2547,1973,134.63,0.267461,147.919998 
2548,1971,134.11,0.272466,147.960007 
2549,1973,134.63,0.281789,148.000000 
2550,1971,134.11,0.273854,148.039993 
2551,1973,134.63,0.283177,148.080002 
2552,1970,133.85,0.275242,148.119995 
2553,1973,134.63,0.288882,148.160004 
2554,1970,133.85,0.276631,148.199997 
2555,1970,133.85,0.290272,148.240005 
2556,1968,133.33,0.290968,148.279999 
2557,1969,133.59,0.300302,148.320007 
2558,1974,134.89,0.296679,148.360001 
2559,1968,133.33,0.275798,148.399994 
2560,1970,133.85,0.302390,148.440002 
2561,1971,134.11,0.294449,148.479996 
2562,1972,134.37,0.290828,148.520004 
2563,1963,132.02,0.287208,148.559998 
2564,1978,135.94,0.326798,148.600006 
2565,1968,133.33,0.262743,148.639999 
2566,1984,137.50,0.306567,148.679993 
2567,1969,133.59,0.238326,148.720001 
2568,1973,134.63,0.303633,148.759995 
2569,1972,134.37,0.287066,148.800003 
2570,1972,134.37,0.292075,148.839996 
2571,1977,135.68,0.292771,148.880005 
2572,1970,133.85,0.271912,148.919998 
2573,1975,135.15,0.302793,148.960007 
2574,1974,134.89,0.281920,149.000000 
2575,1975,135.15,0.286926,149.039993 
2576,1975,135.15,0.283310,149.080002 
2577,1973,134.63,0.284005,149.119995 
2578,1974,134.89,0.293323,149.160004 
2579,1937,125.19,0.289707,149.199997 
2580,1976,135.41,0.450975,149.240005 
2581,1972,134.37,0.282500,149.279999 
2582,1983,137.24,0.300442,149.320007 
2583,1974,134.89,0.253768,149.360001 
2584,1974,134.89,0.293203,149.399994 
2585,1983,137.24,0.293899,149.440002 
2586,1972,134.37,0.255851,149.479996 
2587,1978,135.94,0.303912,149.520004 
2588,1977,135.68,0.278748,149.559998 
2589,1974,134.89,0.283749,149.600006 
2590,1971,134.11,0.297372,149.639999 
2591,1987,138.27,0.311011,149.679993 
2592,1978,135.94,0.242842,149.720001 
2593,1980,136.46,0.282221,149.759995 
2594,1979,136.20,0.274307,149.800003 
2595,1982,136.98,0.279304,149.839996 
2596,1981,136.72,0.267092,149.880005 
2597,1978,135.94,0.272085,149.919998 
2598,1983,137.24,0.285688,149.960007 
2599,1983,137.24,0.264873,150.000000 
2600,1979,136.20,0.265565,150.000000 
2601,1982,136.98,0.282800,150.000000 
2602,1982,136.98,0.269927,150.000000 
2603,1984,137.50,0.269958,150.000000 
2604,1987,138.27,0.261393,150.000000 
2605,1980,136.46,0.248540,150.000000 
2606,1952,129.14,0.278649,150.000000 
2607,2006,143.19,0.399750,150.000000 
2608,1982,136.98,0.167374,150.000000 
2609,1985,137.76,0.270145,150.000000 
2610,1985,137.76,0.257284,150.000000 
2611,1983,137.24,0.257313,150.000000 
2612,1980,136.46,0.265935,150.000000 
2613,1980,136.46,0.278867,150.000000 
2614,1982,136.98,0.278899,150.000000 
2615,1981,136.72,0.270329,150.000000 
2616,1982,136.98,0.274660,150.000000 
2617,1981,136.72,0.270391,150.000000 
2618,1981,136.72,0.274723,150.000000 
2619,1980,136.46,0.274754,150.000000 
2620,1981,136.72,0.279088,150.000000 
2621,1980,136.46,0.274818,150.000000 
2622,1982,136.98,0.279152,150.000000 
2623,1984,137.50,0.270582,150.000000 
2624,1984,137.50,0.262016,150.000000 
2625,1989,138.79,0.262046,150.000000 
2626,1983,137.24,0.240612,150.000000 
2627,1980,136.46,0.266400,150.000000 
2628,1978,135.94,0.279331,150.000000 
2629,1983,137.24,0.287972,150.000000 
2630,1979,136.20,0.266496,150.000000 
2631,1984,137.50,0.283731,150.000000 
2632,1981,136.72,0.262262,150.000000 
2633,1983,137.24,0.275188,150.000000 
2634,1983,137.24,0.266621,150.000000 
2635,1985,137.76,0.266651,150.000000 
2636,1984,137.50,0.258088,150.000000 
2637,1985,137.76,0.262413,150.000000 
2638,1983,137.24,0.258147,150.000000 
2639,1983,137.24,0.266769,150.000000 
2640,1965,132.54,0.266800,150.000000 
2641,1985,137.76,0.344442,150.000000 
2642,1984,137.50,0.258278,150.000000 
2643,1996,140.61,0.262603,150.000000 
2644,1975,135.15,0.211183,150.000000 
2645,1980,136.46,0.301386,150.000000 
2646,1983,137.24,0.279889,150.000000 
2647,1983,137.24,0.267020,150.000000 
2648,1984,137.50,0.267051,150.000000 
2649,1983,137.24,0.262783,150.000000 
2650,1987,138.27,0.267111,150.000000 
2651,1986,138.02,0.249961,150.000000 
2652,1985,137.76,0.254281,150.000000 
2653,1983,137.24,0.258604,150.000000 
2654,1985,137.76,0.267227,150.000000 
2655,1984,137.50,0.258664,150.000000 
2656,1979,136.20,0.262988,150.000000 
2657,1984,137.50,0.284520,150.000000 
2658,1986,138.02,0.263051,150.000000 
2659,1986,138.02,0.254491,150.000000 
2660,1987,138.27,0.254519,150.000000 
2661,1984,137.50,0.250255,150.000000 
2662,1995,140.35,0.263166,150.000000 
2663,1987,138.27,0.216024,150.000000 
2664,1987,138.27,0.250335,150.000000 
2665,1986,138.02,0.250363,150.000000 
2666,1988,138.53,0.254684,150.000000 
2667,1985,137.76,0.246128,150.000000 
2668,1990,139.05,0.259034,150.000000 
2669,1989,138.79,0.237607,150.000000 
2670,1994,140.09,0.241921,150.000000 
2671,1989,138.79,0.220521,150.000000 
2672,1986,138.02,0.241971,150.000000 
2673,1990,139.05,0.254872,150.000000 
2674,1987,138.27,0.237738,150.000000 
2675,1987,138.27,0.250634,150.000000 
2676,1983,137.24,0.250661,150.000000 
2677,1989,138.79,0.267870,150.000000 
2678,1990,139.05,0.242139,150.000000 
2679,1987,138.27,0.237877,150.000000 
2680,1984,137.50,0.250772,150.000000 
2681,1990,139.05,0.263683,150.000000 
2682,1986,138.02,0.237961,150.000000 
2683,1987,138.27,0.255149,150.000000 
2684,1986,138.02,0.250885,150.000000 
2685,1987,138.27,0.255205,150.000000 
2686,1990,139.05,0.250941,150.000000 
2687,1991,139.31,0.238100,150.000000 
2688,1988,138.53,0.233839,150.000000 
2689,1989,138.79,0.246729,150.000000 
2690,1989,138.79,0.242467,150.000000 
2691,1988,138.53,0.242493,150.000000 
2692,1989,138.79,0.246810,150.000000 
2693,1989,138.79,0.242547,150.000000 
2694,1990,139.05,0.242574,150.000000 
2695,1993,139.83,0.238312,150.000000 
2696,1994,140.09,0.225483,150.000000 
2697,1990,139.05,0.221224,150.000000 
2698,1984,137.50,0.238386,150.000000 
2699,1991,139.31,0.264164,150.000000 
2700,1992,139.57,0.234155,150.000000 
2701,1997,140.86,0.229895,150.000000 
2702,1993,139.83,0.208516,150.000000 
2703,1993,139.83,0.225658,150.000000 
2704,1984,137.50,0.225682,150.000000 
2705,1996,140.61,0.264314,150.000000 
2706,1994,140.09,0.212894,150.000000 
2707,1994,140.09,0.221476,150.000000 
2708,1990,139.05,0.221500,150.000000 
2709,1993,139.83,0.238661,150.000000 
2710,2000,141.64,0.225832,150.000000 
2711,1994,140.09,0.195912,150.000000 
2712,1990,139.05,0.221593,150.000000 
2713,1998,141.12,0.238755,150.000000 
2714,1988,138.53,0.204529,150.000000 
2715,1996,140.61,0.247380,150.000000 
2716,1994,140.09,0.213131,150.000000 
2717,1998,141.12,0.221714,150.000000 
2718,1991,139.31,0.204624,150.000000 
2719,1991,139.31,0.234610,150.000000 
2720,1993,139.83,0.234635,150.000000 
2721,1989,138.79,0.226092,150.000000 
2722,1991,139.31,0.243260,150.000000 
2723,1992,139.57,0.234711,150.000000 
2724,1988,138.53,0.230451,150.000000 
2725,1992,139.57,0.247626,150.000000 
2726,1987,138.27,0.230503,150.000000 
2727,1987,138.27,0.251970,150.000000 
2728,1991,139.31,0.251998,150.000000 
2729,1987,138.27,0.234870,150.000000 
2730,1990,139.05,0.252051,150.000000 
2731,1990,139.05,0.239210,150.000000 
2732,2003,142.41,0.239236,150.000000 
2733,1989,138.79,0.183652,150.000000 
2734,1991,139.31,0.243568,150.000000 
2735,1986,138.02,0.235020,150.000000 
2736,1984,137.50,0.256494,150.000000 
2737,1990,139.05,0.265112,150.000000 
2738,1986,138.02,0.239390,150.000000 
2739,1988,138.53,0.256578,150.000000 
2740,1989,138.79,0.248023,150.000000 
2741,1985,137.76,0.243760,150.000000 
2742,1991,139.31,0.260955,150.000000 
2743,1991,139.31,0.235241,150.000000 
2744,2003,142.41,0.235266,150.000000 
2745,2014,145.25,0.183969,150.000000 
2746,1997,140.86,0.137133,150.000000 
2747,1990,139.05,0.209632,150.000000 
2748,1991,139.31,0.239630,150.000000 
2749,1986,138.02,0.235369,150.000000 
2750,1993,139.83,0.256843,150.000000 
2751,1996,140.61,0.226854,150.000000 
2752,1990,139.05,0.214036,150.000000 
2753,1995,140.35,0.239756,150.000000 
2754,1994,140.09,0.218363,150.000000 
2755,1984,137.50,0.222667,150.000000 
2756,1995,140.35,0.265581,150.000000 
2757,1967,133.07,0.218440,150.000000 
2758,1984,137.50,0.338895,150.000000 
2759,1991,139.31,0.265674,150.000000 
2760,1995,140.35,0.235665,150.000000 
2761,1994,140.09,0.218558,150.000000 
2762,1994,140.09,0.222862,150.000000 
2763,1995,140.35,0.222885,150.000000 
2764,1995,140.35,0.218628,150.000000 
2765,1998,141.12,0.218651,150.000000 
2766,1994,140.09,0.205841,150.000000 
2767,1995,140.35,0.222976,150.000000 
2768,1999,141.38,0.218719,150.000000 
2769,1994,140.09,0.201634,150.000000 
2770,1994,140.09,0.223043,150.000000 
2771,1994,140.09,0.223066,150.000000 
2772,1996,140.61,0.223090,150.000000 
2773,1998,141.12,0.214554,150.000000 
2774,1997,140.86,0.206022,150.000000 
2775,1994,140.09,0.210319,150.000000 
2776,1998,141.12,0.223179,150.000000 
2777,1987,138.27,0.206089,150.000000 
2778,1991,139.31,0.253231,150.000000 
2779,1994,140.09,0.236103,150.000000 
2780,1995,140.35,0.223277,150.000000 
2781,1994,140.09,0.219020,150.000000 
2782,1995,140.35,0.223323,150.000000 
2783,1994,140.09,0.219066,150.000000 
2784,1994,140.09,0.223370,150.000000 
2785,1996,140.61,0.223393,150.000000 
2786,1997,140.86,0.214857,150.000000 
2787,1990,139.05,0.210602,150.000000 
2788,1993,139.83,0.240599,150.000000 
2789,1937,125.19,0.227769,150.000000 
2790,1993,139.83,0.470016,150.000000 
2791,1997,140.86,0.227853,150.000000 
2792,1995,140.35,0.210757,150.000000 
2793,1993,139.83,0.219335,150.000000 
2794,1990,139.05,0.227922,150.000000 
2795,1991,139.31,0.240801,150.000000 
2796,1999,141.38,0.236541,150.000000 
2797,1990,139.05,0.202326,150.000000 
2798,2000,141.64,0.240873,150.000000 
2799,2000,141.64,0.198100,150.000000 
2800,1993,139.83,0.198120,150.000000 
2801,1994,140.09,0.228083,150.000000 
2802,1991,139.31,0.223825,150.000000 
2803,1989,138.79,0.236700,150.000000 
2804,1991,139.31,0.245301,150.000000 
2805,1983,137.24,0.236752,150.000000 
2806,1991,139.31,0.271114,150.000000 
2807,1990,139.05,0.236808,150.000000 
2808,1979,136.20,0.241120,150.000000 
2809,1994,140.09,0.288401,150.000000 
2810,1989,138.79,0.224041,150.000000 
2811,1990,139.05,0.245491,150.000000 
2812,1993,139.83,0.241229,150.000000 
2813,1991,139.31,0.228400,150.000000 
2814,1988,138.53,0.236993,150.000000 
2815,1991,139.31,0.249883,150.000000 
2816,1994,140.09,0.237045,150.000000 
2817,1995,140.35,0.224219,150.000000 
2818,1981,136.72,0.219962,150.000000 
2819,1993,139.83,0.280053,150.000000 
2820,1991,139.31,0.228580,150.000000 
2821,2000,141.64,0.237173,150.000000 
2822,1990,139.05,0.198686,150.000000 
2823,1993,139.83,0.241505,150.000000 
2824,1999,141.38,0.228676,150.000000 
2825,1997,140.86,0.203029,150.000000 
2826,2000,141.64,0.211600,150.000000 
2827,2000,141.64,0.198798,150.000000 
2828,1997,140.86,0.198818,150.000000 
2829,1998,141.12,0.211662,150.000000 
2830,1990,139.05,0.207407,150.000000 
2831,1999,141.38,0.241680,150.000000 
2832,1996,140.61,0.203180,150.000000 
2833,1985,137.76,0.216029,150.000000 
2834,1994,140.09,0.263206,150.000000 
2835,1997,140.86,0.224640,150.000000 
2836,2000,141.64,0.211826,150.000000 
2837,1987,138.27,0.199024,150.000000 
2838,1989,138.79,0.254713,150.000000 
2839,1996,140.61,0.246160,150.000000 
2840,1993,139.83,0.216200,150.000000 
2841,1995,140.35,0.229065,150.000000 
2842,1993,139.83,0.220526,150.000000 
2843,1990,139.05,0.229112,150.000000 
2844,1991,139.31,0.241992,150.000000 
2845,1987,138.27,0.237731,150.000000 
2846,1991,139.31,0.254912,150.000000 
2847,1990,139.05,0.237784,150.000000 
2848,1983,137.24,0.242096,150.000000 
2849,1990,139.05,0.272172,150.000000 
2850,1991,139.31,0.242153,150.000000 
2851,1990,139.05,0.237892,150.000000 
2852,1991,139.31,0.242204,150.000000 
2853,2000,141.64,0.237944,150.000000 
2854,1997,140.86,0.199456,150.000000 
2855,1992,139.57,0.212300,150.000000 
2856,1971,134.11,0.233725,150.000000 
2857,1989,138.79,0.324058,150.000000 
2858,1994,140.09,0.246648,150.000000 
2859,1993,139.83,0.225249,150.000000 
2860,2000,141.64,0.229555,150.000000 
2861,1996,140.61,0.199635,150.000000 
2862,1990,139.05,0.216756,150.000000 
2863,1996,140.61,0.242477,150.000000 
2864,1991,139.31,0.216805,150.000000 
2865,1993,139.83,0.238238,150.000000 
2866,1990,139.05,0.229695,150.000000 
2867,1990,139.05,0.242575,150.000000 
2868,1990,139.05,0.242601,150.000000 
2869,1989,138.79,0.242627,150.000000 
2870,1994,140.09,0.246941,150.000000 
2871,1994,140.09,0.225541,150.000000 
2872,1999,141.38,0.225565,150.000000 
2873,1990,139.05,0.204200,150.000000 
2874,1995,140.35,0.242747,150.000000 
2875,1998,141.12,0.221354,150.000000 
2876,1991,139.31,0.208544,150.000000 
2877,1991,139.31,0.238530,150.000000 
2878,1997,140.86,0.238556,150.000000 
2879,1991,139.31,0.212892,150.000000 
2880,1991,139.31,0.238603,150.000000 
2881,1983,137.24,0.238628,150.000000 
2882,1991,139.31,0.272990,150.000000 
2883,1995,140.35,0.238684,150.000000 
2884,1990,139.05,0.221578,150.000000 
2885,1994,140.09,0.243019,150.000000 
2886,1998,141.12,0.225907,150.000000 
2887,1996,140.61,0.208817,150.000000 
2888,1995,140.35,0.217392,150.000000 
2889,1998,141.12,0.221694,150.000000 
2890,1989,138.79,0.208884,150.000000 
2891,1983,137.24,0.247445,150.000000 
2892,1995,140.35,0.273233,150.000000 
2893,1996,140.61,0.221795,150.000000 
2894,1997,140.86,0.217538,150.000000 
2895,1999,141.38,0.213283,150.000000 
2896,1998,141.12,0.204754,150.000000 
2897,1997,140.86,0.209049,150.000000 
2898,2000,141.64,0.213346,150.000000 
2899,1999,141.38,0.200544,150.000000 
2900,2000,141.64,0.204837,150.000000 
2901,1999,141.38,0.200585,150.000000 
2902,2000,141.64,0.204878,150.000000 
2903,1999,141.38,0.200625,150.000000 
2904,1997,140.86,0.204918,150.000000 
2905,2000,141.64,0.213489,150.000000 
2906,1999,141.38,0.200687,150.000000 
2907,1999,141.38,0.204980,150.000000 
2908,1998,141.12,0.205001,150.000000 
2909,1994,140.09,0.209296,150.000000 
2910,1998,141.12,0.226431,150.000000 
2911,1995,140.35,0.209341,150.000000 
2912,1994,140.09,0.222195,150.000000 
2913,1994,140.09,0.226498,150.000000 
2914,1997,140.86,0.226522,150.000000 
2915,1994,140.09,0.213708,150.000000 
2916,1995,140.35,0.226567,150.000000 
2917,1995,140.35,0.222310,150.000000 
2918,1991,139.31,0.222333,150.000000 
2919,1997,140.86,0.239488,150.000000 
2920,1993,139.83,0.213825,150.000000 
2921,1969,133.59,0.230966,150.000000 
2922,1984,137.50,0.334218,150.000000 
2923,1990,139.05,0.269637,150.000000 
2924,2001,141.90,0.243915,150.000000 
2925,2000,141.64,0.196870,150.000000 
2926,1994,140.09,0.201161,150.000000 
2927,1989,138.79,0.226842,150.000000 
2928,1993,139.83,0.248292,150.000000 
2929,1994,140.09,0.231175,150.000000 
2930,1990,139.05,0.226916,150.000000 
2931,1994,140.09,0.244078,150.000000 
2932,1989,138.79,0.226966,150.000000 
2933,1996,140.61,0.248416,150.000000 
2934,1994,140.09,0.218456,150.000000 
2935,1999,141.38,0.227038,150.000000 
2936,1994,140.09,0.205674,150.000000 
2937,1985,137.76,0.227083,150.000000 
2938,1991,139.31,0.265701,150.000000 
2939,1993,139.83,0.239987,150.000000 
2940,1993,139.83,0.231443,150.000000 
2941,1993,139.83,0.231467,150.000000 
2942,1998,141.12,0.231491,150.000000 
2943,1993,139.83,0.210120,150.000000 
2944,1993,139.83,0.231537,150.000000 
2945,1993,139.83,0.231561,150.000000 
2946,1992,139.57,0.231585,150.000000 
2947,1987,138.27,0.235893,150.000000 
2948,1998,141.12,0.257359,150.000000 
2949,1998,141.12,0.210266,150.000000 
2950,1995,140.35,0.210287,150.000000 
2951,1990,139.05,0.223141,150.000000 
2952,2038,151.39,0.244583,150.000000 
2953,1994,140.09,0.040554,150.000000 
2954,1985,137.76,0.227468,150.000000 
2955,1994,140.09,0.266086,150.000000 
2956,1995,140.35,0.227520,150.000000 
2957,2018,146.27,0.223263,150.000000 
2958,1995,140.35,0.125248,150.000000 
2959,1997,140.86,0.223295,150.000000 
2960,1997,140.86,0.214761,150.000000 
2961,1978,135.94,0.214783,150.000000 
2962,2003,142.41,0.296339,150.000000 
2963,2000,141.64,0.189204,150.000000 
2964,2000,141.64,0.202032,150.000000 
2965,1999,141.38,0.202052,150.000000 
2966,1997,140.86,0.206345,150.000000 
2967,2000,141.64,0.214916,150.000000 
2968,2000,141.64,0.202114,150.000000 
2969,1999,141.38,0.202134,150.000000 
2970,1997,140.86,0.206427,150.000000 
2971,1997,140.86,0.214998,150.000000 
2972,2000,141.64,0.215020,150.000000 
2973,2002,142.16,0.202218,150.000000 
2974,1995,140.35,0.193696,150.000000 
2975,1984,137.50,0.223637,150.000000 
2976,1999,141.38,0.270831,150.000000 
2977,1999,141.38,0.206582,150.000000 
2978,1997,140.86,0.206603,150.000000 
2979,2000,141.64,0.215174,150.000000 
2980,1997,140.86,0.202372,150.000000 
2981,1998,141.12,0.215216,150.000000 
2982,2001,141.90,0.210961,150.000000 
2983,1999,141.38,0.198163,150.000000 
2984,1998,141.12,0.206727,150.000000 
2985,2000,141.64,0.211022,150.000000 
2986,2000,141.64,0.202495,150.000000 
2987,1999,141.38,0.202515,150.000000 
2988,1997,140.86,0.206808,150.000000 
2989,1985,137.76,0.215380,150.000000 
2990,2000,141.64,0.266833,150.000000 
2991,2001,141.90,0.202607,150.000000 
2992,2000,141.64,0.198355,150.000000 
2993,1997,140.86,0.202646,150.000000 
2994,2000,141.64,0.215489,150.000000 
2995,2000,141.64,0.202687,150.000000 
2996,2000,141.64,0.202707,150.000000 
2997,1994,140.09,0.202727,150.000000 
2998,2000,141.64,0.228408,150.000000 
2999,1999,141.38,0.202771,150.000000 
3000,1998,141.12,0.207064,150.000000 
3001,1998,141.12,0.211359,150.000000 
3002,1994,140.09,0.211380,150.000000 
3003,1990,139.05,0.228515,150.000000 
3004,1994,140.09,0.245676,150.000000 
3005,1998,141.12,0.228564,150.000000 
3006,1994,140.09,0.211474,150.000000 
3007,2002,142.16,0.228609,150.000000 
3008,1998,141.12,0.194429,150.000000 
3009,1997,140.86,0.211537,150.000000 
3010,1984,137.50,0.215835,150.000000 
3011,1987,138.27,0.271584,150.000000 
3012,1991,139.31,0.258731,150.000000 
3013,1962,131.76,0.241603,150.000000 
3014,1995,140.35,0.366560,150.000000 
3015,1995,140.35,0.224540,150.000000 
3016,1995,140.35,0.224563,150.000000 
3017,1994,140.09,0.224586,150.000000 
3018,1994,140.09,0.228889,150.000000 
3019,1993,139.83,0.228913,150.000000 
3020,1994,140.09,0.233219,150.000000 
3021,1998,141.12,0.228961,150.000000 
3022,1998,141.12,0.211870,150.000000 
3023,1994,140.09,0.211892,150.000000 
3024,1990,139.05,0.229026,150.000000 
3025,1995,140.35,0.246188,150.000000 
3026,2001,141.90,0.224795,150.000000 
3027,1999,141.38,0.199166,150.000000 
3028,1997,140.86,0.207730,150.000000 
3029,1991,139.31,0.216301,150.000000 
3030,2000,141.64,0.242012,150.000000 
3031,1998,141.12,0.203524,150.000000 
3032,2000,141.64,0.212092,150.000000 
3033,1995,140.35,0.203565,150.000000 
3034,1998,141.12,0.224966,150.000000 
3035,1998,141.12,0.212156,150.000000 
3036,2000,141.64,0.212177,150.000000 
3037,2009,143.96,0.203651,150.000000 
3038,1996,140.61,0.165281,150.000000 
3039,1998,141.12,0.220786,150.000000 
3040,1999,141.38,0.212255,150.000000 
3041,1996,140.61,0.208001,150.000000 
3042,1998,141.12,0.220850,150.000000 
3043,1998,141.12,0.212319,150.000000 
3044,2000,141.64,0.212340,150.000000 
3045,2000,141.64,0.203813,150.000000 
3046,1995,140.35,0.203833,150.000000 
3047,1998,141.12,0.225234,150.000000 
3048,2000,141.64,0.212424,150.000000 
3049,1999,141.38,0.203897,150.000000 
3050,2000,141.64,0.208190,150.000000 
3051,1998,141.12,0.203938,150.000000 
3052,2000,141.64,0.212505,150.000000 
3053,1998,141.12,0.203979,150.000000 
3054,1997,140.86,0.212546,150.000000 
3055,1998,141.12,0.216843,150.000000 
3056,1994,140.09,0.212589,150.000000 
3057,1997,140.86,0.229724,150.000000 
3058,1998,141.12,0.216910,150.000000 
3059,2199,191.22,0.212655,150.000000 
3060,2000,141.64,-0.616061,150.000000 
3061,2000,141.64,0.204031,150.000000 
3062,2003,142.41,0.204051,150.000000 
3063,2000,141.64,0.191260,150.000000 
3064,2010,144.22,0.204089,150.000000 
3065,1991,139.31,0.161461,150.000000 
3066,1996,140.61,0.242635,150.000000 
3067,1999,141.38,0.221249,150.000000 
3068,2000,141.64,0.208443,150.000000 
3069,1999,141.38,0.204190,150.000000 
3070,2000,141.64,0.208483,150.000000 
3071,1997,140.86,0.204231,150.000000 
3072,1997,140.86,0.217075,150.000000 
3073,1995,140.35,0.217096,150.000000 
3074,1994,140.09,0.225675,150.000000 
3075,1959,130.97,0.229978,150.000000 
3076,1993,139.83,0.380781,150.000000 
3077,1996,140.61,0.234330,150.000000 
3078,2010,144.22,0.221512,150.000000 
3079,1984,137.50,0.161785,150.000000 
3080,1994,140.09,0.272998,150.000000 
3081,1988,138.53,0.230137,150.000000 
3082,1991,139.31,0.255877,150.000000 
3083,1998,141.12,0.243040,150.000000 
3084,2000,141.64,0.213100,150.000000 
3085,1998,141.12,0.204573,150.000000 
3086,1998,141.12,0.213141,150.000000 
3087,1995,140.35,0.213162,150.000000 
3088,1998,141.12,0.226016,150.000000 
3089,2000,141.64,0.213206,150.000000 
3090,2000,141.64,0.204680,150.000000 
3091,2002,142.16,0.204699,150.000000 
3092,2000,141.64,0.196178,150.000000 
3093,1998,141.12,0.204738,150.000000 
3094,1998,141.12,0.213306,150.000000 
3095,2000,141.64,0.213327,150.000000 
3096,2000,141.64,0.204800,150.000000 
3097,2000,141.64,0.204820,150.000000 
3098,1991,139.31,0.204840,150.000000 
3099,2000,141.64,0.243372,150.000000 
3100,1986,138.02,0.204885,150.000000 
3101,1996,140.61,0.264867,150.000000 
3102,1997,140.86,0.222035,150.000000 
3103,1999,141.38,0.217780,150.000000 
3104,1994,140.09,0.209251,150.000000 
3105,1999,141.38,0.230659,150.000000 
3106,1995,140.35,0.209295,150.000000 
3107,1993,139.83,0.226423,150.000000 
3108,2000,141.64,0.235009,150.000000 
3109,1994,140.09,0.205089,150.000000 
3110,1998,141.12,0.230771,150.000000 
3111,2000,141.64,0.213680,150.000000 
3112,1997,140.86,0.205154,150.000000 
3113,1995,140.35,0.217998,150.000000 
3114,1997,140.86,0.226576,150.000000 
3115,1996,140.61,0.218042,150.000000 
3116,1997,140.86,0.222342,150.000000 
3117,1998,141.12,0.218086,150.000000 
3118,1997,140.86,0.213832,150.000000 
3119,1999,141.38,0.218129,150.000000 
3120,1994,140.09,0.209600,150.000000 
3121,1997,140.86,0.231009,150.000000 
3122,1998,141.12,0.218195,150.000000 
3123,2000,141.64,0.213941,150.000000 
3124,1998,141.12,0.205414,150.000000 
3125,1999,141.38,0.213982,150.000000 
3126,1997,140.86,0.209728,150.000000 
3127,2002,142.16,0.218299,150.000000 
3128,1995,140.35,0.196956,150.000000 
3129,1996,140.61,0.226897,150.000000 
3130,1998,141.12,0.222640,150.000000 
3131,1996,140.61,0.214109,150.000000 
3132,2000,141.64,0.222684,150.000000 
3133,1996,140.61,0.205605,150.000000 
3134,1995,140.35,0.222726,150.000000 
3135,1995,140.35,0.227028,150.000000 
3136,1984,137.50,0.227050,150.000000 
3137,2000,141.64,0.274244,150.000000 
3138,2000,141.64,0.205723,150.000000 
3139,1997,140.86,0.205742,150.000000 
3140,1997,140.86,0.218586,150.000000 
3141,1995,140.35,0.218608,150.000000 
3142,1987,138.27,0.227186,150.000000 
3143,1994,140.09,0.261497,150.000000 
3144,1997,140.86,0.231518,150.000000 
3145,1995,140.35,0.218704,150.000000 
3146,1988,138.53,0.227283,150.000000 
3147,1997,140.86,0.257302,150.000000 
3148,2047,153.68,0.218776,150.000000 
3149,1991,139.31,0.006847,150.000000 
3150,1999,141.38,0.244478,150.000000 
3151,2001,141.90,0.210264,150.000000 
3152,1997,140.86,0.201739,150.000000 
3153,1998,141.12,0.218854,150.000000 
3154,1999,141.38,0.214600,150.000000 
3155,1995,140.35,0.210346,150.000000 
3156,1999,141.38,0.227474,150.000000 
3157,1999,141.38,0.210390,150.000000 
3158,2000,141.64,0.210410,150.000000 
3159,1999,141.38,0.206158,150.000000 
3160,2005,142.93,0.210451,150.000000 
3161,2001,141.90,0.184855,150.000000 
3162,2001,141.90,0.201943,150.000000 
3163,1999,141.38,0.201962,150.000000 
3164,2000,141.64,0.210526,150.000000 
3165,2001,141.90,0.206274,150.000000 
3166,2000,141.64,0.202022,150.000000 
3167,2000,141.64,0.206313,150.000000 
3168,2007,143.45,0.206333,150.000000 
3169,1999,141.38,0.176483,150.000000 
3170,2000,141.64,0.210641,150.000000 
3171,1986,138.02,0.206389,150.000000 
3172,1999,141.38,0.266370,150.000000 
3173,2000,141.64,0.210710,150.000000 
3174,2001,141.90,0.206458,150.000000 
3175,1998,141.12,0.202206,150.000000 
3176,2000,141.64,0.215045,150.000000 
3177,1997,140.86,0.206518,150.000000 
3178,1998,141.12,0.219362,150.000000 
3179,2039,151.64,0.215107,150.000000 
3180,2010,144.22,0.041111,150.000000 
3181,1997,140.86,0.163929,150.000000 
3182,1995,140.35,0.219414,150.000000 
3183,1998,141.12,0.227993,150.000000 
3184,1996,140.61,0.215183,150.000000 
3185,2000,141.64,0.223758,150.000000 
3186,1995,140.35,0.206679,150.000000 
3187,1998,141.12,0.228079,150.000000 
3188,1995,140.35,0.215269,150.000000 
3189,1994,140.09,0.228123,150.000000 
3190,1984,137.50,0.232427,150.000000 
3191,1997,140.86,0.275341,150.000000 
3192,1986,138.02,0.219643,150.000000 
3193,2000,141.64,0.266802,150.000000 
3194,1997,140.86,0.206869,150.000000 
3195,1998,141.12,0.219713,150.000000 
3196,1986,138.02,0.215458,150.000000 
3197,1997,140.86,0.266893,150.000000 
3198,2000,141.64,0.219784,150.000000 
3199,2000,141.64,0.206982,150.000000 
3200,2001,141.90,0.207002,150.000000 
3201,2000,141.64,0.202750,150.000000 
3202,1966,132.81,0.207041,150.000000 
3203,2000,141.64,0.353197,150.000000 
3204,2000,141.64,0.207102,150.000000 
3205,2000,141.64,0.207122,150.000000 
3206,2000,141.64,0.207142,150.000000 
3207,2000,141.64,0.207162,150.000000 
3208,2001,141.90,0.207181,150.000000 
3209,2000,141.64,0.202930,150.000000 
3210,2001,141.90,0.207221,150.000000 
3211,2000,141.64,0.202969,150.000000 
3212,2000,141.64,0.207260,150.000000 
3213,2001,141.90,0.207280,150.000000 
3214,1996,140.61,0.203028,150.000000 
3215,2010,144.22,0.224420,150.000000 
3216,2000,141.64,0.164693,150.000000 
3217,1998,141.12,0.207355,150.000000 
3218,2000,141.64,0.215922,150.000000 
3219,1999,141.38,0.207396,150.000000 
3220,2000,141.64,0.211689,150.000000 
3221,2000,141.64,0.207436,150.000000 
3222,1998,141.12,0.207456,150.000000 
3223,2000,141.64,0.216024,150.000000 
3224,2000,141.64,0.207497,150.000000 
3225,2000,141.64,0.207517,150.000000 
3226,1998,141.12,0.207537,150.000000 
3227,2000,141.64,0.216105,150.000000 
3228,1999,141.38,0.207578,150.000000 
3229,1977,135.68,0.211871,150.000000 
3230,2000,141.64,0.306283,150.000000 
3231,2001,141.90,0.207652,150.000000 
3232,2000,141.64,0.203401,150.000000 
3233,1998,141.12,0.207692,150.000000 
3234,2002,142.16,0.216259,150.000000 
3235,2000,141.64,0.199191,150.000000 
3236,2002,142.16,0.207751,150.000000 
3237,2003,142.41,0.199229,150.000000 
3238,2000,141.64,0.194979,150.000000 
3239,2002,142.16,0.207808,150.000000 
3240,2001,141.90,0.199286,150.000000 
3241,2001,141.90,0.203575,150.000000 
3242,2000,141.64,0.203594,150.000000 
3243,2004,142.67,0.207885,150.000000 
3244,2002,142.16,0.190827,150.000000 
3245,2002,142.16,0.199380,150.000000 
3246,2000,141.64,0.199399,150.000000 
3247,2001,141.90,0.207959,150.000000 
3248,2006,143.19,0.203708,150.000000 
3249,2000,141.64,0.182392,150.000000 
3250,2002,142.16,0.208015,150.000000 
3251,2001,141.90,0.199493,150.000000 
3252,2001,141.90,0.203782,150.000000 
3253,2001,141.90,0.203801,150.000000 
3254,1997,140.86,0.203820,150.000000 
3255,2003,142.41,0.220935,150.000000 
3256,2003,142.41,0.195323,150.000000 
3257,1993,139.83,0.195341,150.000000 
3258,2001,141.90,0.238113,150.000000 
3259,2000,141.64,0.203922,150.000000 
3260,2000,141.64,0.208212,150.000000 
3261,2015,145.50,0.208232,150.000000 
3262,1998,141.12,0.144337,150.000000 
3263,2000,141.64,0.216811,150.000000 
3264,2000,141.64,0.208284,150.000000 
3265,2000,141.64,0.208304,150.000000 
3266,2000,141.64,0.208324,150.000000 
3267,2000,141.64,0.208344,150.000000 
3268,2000,141.64,0.208364,150.000000 
3269,2000,141.64,0.208383,150.000000 
3270,2000,141.64,0.208403,150.000000 
3271,2000,141.64,0.208423,150.000000 
3272,1999,141.38,0.208443,150.000000 
3273,2000,141.64,0.212736,150.000000 
3274,2001,141.90,0.208483,150.000000 
3275,2000,141.64,0.204232,150.000000 
3276,2000,141.64,0.208523,150.000000 
3277,2000,141.64,0.208542,150.000000 
3278,2000,141.64,0.208562,150.000000 
3279,2000,141.64,0.208582,150.000000 
3280,2001,141.90,0.208602,150.000000 
3281,2000,141.64,0.204350,150.000000 
3282,2002,142.16,0.208641,150.000000 
3283,2001,141.90,0.200119,150.000000 
3284,2001,141.90,0.204408,150.000000 
3285,2006,143.19,0.204427,150.000000 
3286,2001,141.90,0.183112,150.000000 
3287,2000,141.64,0.204463,150.000000 
3288,2002,142.16,0.208754,150.000000 
3289,2002,142.16,0.200232,150.000000 
3290,2003,142.41,0.200251,150.000000 
3291,1989,138.79,0.196001,150.000000 
3292,2002,142.16,0.255917,150.000000 
3293,2000,141.64,0.200314,150.000000 
3294,2004,142.67,0.208874,150.000000 
3295,2002,142.16,0.191817,150.000000 
3296,2041,152.15,0.200370,150.000000 
3297,2002,142.16,0.035037,150.000000 
3298,2003,142.41,0.200384,150.000000 
3299,2000,141.64,0.196134,150.000000 
3300,2000,141.64,0.208962,150.000000 
3301,2000,141.64,0.208982,150.000000 
3302,2002,142.16,0.209002,150.000000 
3303,1980,136.46,0.200480,150.000000 
3304,2000,141.64,0.294791,150.000000 
3305,1922,121.21,0.209072,150.000000 
3306,2006,143.19,0.546947,150.000000 
3307,2022,147.30,0.183554,150.000000 
3308,2000,141.64,0.115552,150.000000 
3309,2004,142.67,0.209183,150.000000 
3310,2007,143.45,0.192126,150.000000 
3311,2005,142.93,0.179351,150.000000 
3312,2006,143.19,0.187893,150.000000 
3313,2003,142.41,0.183646,150.000000 
3314,2003,142.41,0.196459,150.000000 
3315,2002,142.16,0.196477,150.000000 
3316,2014,145.25,0.200764,150.000000 
3317,2000,141.64,0.149660,150.000000 
3318,2002,142.16,0.209335,150.000000 
3319,2000,141.64,0.200814,150.000000 
3320,2002,142.16,0.209374,150.000000 
3321,2001,141.90,0.200852,150.000000 
3322,2005,142.93,0.205141,150.000000 
3323,2160,181.79,0.188089,150.000000 
3324,2000,141.64,-0.454729,150.000000 
3325,2000,141.64,0.209373,150.000000 
3326,2000,141.64,0.209393,150.000000 
3327,2001,141.90,0.209413,150.000000 
3328,2011,144.48,0.205161,150.000000 
3329,2005,142.93,0.162548,150.000000 
3330,2001,141.90,0.188122,150.000000 
3331,1999,141.38,0.205210,150.000000 
3332,2001,141.90,0.213774,150.000000 
3333,2003,142.41,0.205250,150.000000 
3334,2011,144.48,0.196731,150.000000 
3335,2001,141.90,0.162655,150.000000 
3336,1999,141.38,0.205300,150.000000 
3337,1999,141.38,0.213864,150.000000 
3338,2000,141.64,0.213885,150.000000 
3339,1997,140.86,0.209632,150.000000 
3340,2000,141.64,0.222476,150.000000 
3341,1992,139.57,0.209674,150.000000 
3342,1998,141.12,0.243921,150.000000 
3343,2000,141.64,0.218266,150.000000 
3344,1986,138.02,0.209740,150.000000 
3345,2000,141.64,0.269721,150.000000 
3346,2001,141.90,0.209788,150.000000 
3347,2003,142.41,0.205536,150.000000 
3348,2000,141.64,0.197017,150.000000 
3349,1999,141.38,0.209845,150.000000 
3350,2001,141.90,0.214138,150.000000 
3351,1998,141.12,0.205614,150.000000 
3352,1964,132.28,0.218453,150.000000 
3353,2001,141.90,0.364713,150.000000 
3354,2000,141.64,0.205697,150.000000 
3355,2000,141.64,0.209987,150.000000 
3356,1987,138.27,0.210007,150.000000 
3357,1997,140.86,0.265696,150.000000 
3358,2001,141.90,0.222879,150.000000 
3359,1999,141.38,0.205805,150.000000 
3360,2007,143.45,0.214369,150.000000 
3361,2000,141.64,0.180247,150.000000 
3362,2000,141.64,0.210132,150.000000 
3363,2000,141.64,0.210152,150.000000 
3364,1999,141.38,0.210172,150.000000 
3365,2000,141.64,0.214465,150.000000 
3366,2000,141.64,0.210212,150.000000 
3367,2000,141.64,0.210232,150.000000 
3368,2000,141.64,0.210252,150.000000 
3369,2000,141.64,0.210272,150.000000 
3370,2000,141.64,0.210292,150.000000 
3371,1990,139.05,0.210312,150.000000 
3372,2002,142.16,0.253131,150.000000 
3373,2002,142.16,0.201816,150.000000 
3374,2004,142.67,0.201835,150.000000 
3375,2003,142.41,0.193318,150.000000 
3376,2011,144.48,0.197602,150.000000 
3377,2004,142.67,0.163526,150.000000 
3378,2002,142.16,0.193366,150.000000 
3379,2001,141.90,0.201919,150.000000 
3380,2000,141.64,0.206208,150.000000 
3381,2014,145.25,0.210499,150.000000 
3382,2001,141.90,0.150854,150.000000 
3383,2005,142.93,0.206259,150.000000 
3384,2002,142.16,0.189207,150.000000 
3385,2002,142.16,0.202025,150.000000 
3386,1808,90.36,0.202043,150.000000 
3387,2000,141.64,1.058833,150.000000 
3388,2012,144.73,0.210745,150.000000 
3389,2001,141.90,0.159606,150.000000 
3390,2007,143.45,0.206506,150.000000 
3391,2005,142.93,0.180928,150.000000 
3392,2003,142.41,0.189470,150.000000 
3393,2006,143.19,0.198019,150.000000 
3394,2001,141.90,0.185241,150.000000 
3395,2003,142.41,0.206592,150.000000 
3396,1996,140.61,0.198073,150.000000 
3397,2009,143.96,0.228003,150.000000 
3398,2011,144.48,0.172534,150.000000 
3399,2000,141.64,0.164034,150.000000 
3400,2005,142.93,0.210951,150.000000 
3401,2004,142.67,0.189628,150.000000 
3402,2007,143.45,0.193910,150.000000 
3403,2009,143.96,0.181136,150.000000 
3404,2010,144.22,0.172631,150.000000 
3405,2002,142.16,0.168387,150.000000 
3406,2000,141.64,0.202507,150.000000 
3407,2015,145.50,0.211067,150.000000 
3408,2006,143.19,0.147172,150.000000 
3409,2006,143.19,0.185491,150.000000 
3410,2007,143.45,0.185507,150.000000 
3411,2006,143.19,0.181261,150.000000 
3412,2013,144.99,0.185539,150.000000 
3413,2003,142.41,0.155750,150.000000 
3414,2005,142.93,0.198364,150.000000 
3415,1994,140.09,0.189849,150.000000 
3416,2001,141.90,0.236870,150.000000 
3417,2005,142.93,0.206961,150.000000 
3418,2002,142.16,0.189909,150.000000 
3419,2001,141.90,0.202727,150.000000 
3420,2003,142.41,0.207016,150.000000 
3421,2005,142.93,0.198496,150.000000 
3422,2007,143.45,0.189982,150.000000 
3423,2003,142.41,0.181472,150.000000 
3424,1990,139.05,0.198547,150.000000 
3425,2006,143.19,0.254174,150.000000 
3426,2004,142.67,0.185794,150.000000 
3427,2022,147.30,0.194340,150.000000 
3428,2007,143.45,0.117809,150.000000 
3429,2004,142.67,0.181572,150.000000 
3430,2007,143.45,0.194379,150.000000 
3431,2005,142.93,0.181605,150.000000 
3432,2006,143.19,0.190147,150.000000 
3433,2006,143.19,0.185900,150.000000 
3434,2001,141.90,0.185916,150.000000 
3435,2003,142.41,0.207267,150.000000 
3436,2003,142.41,0.198748,150.000000 
3437,2003,142.41,0.198766,150.000000 
3438,2004,142.67,0.198784,150.000000 
3439,2003,142.41,0.194535,150.000000 
3440,2002,142.16,0.198819,150.000000 
3441,2002,142.16,0.203106,150.000000 
3442,2003,142.41,0.203125,150.000000 
3443,2022,147.30,0.198875,150.000000 
3444,2002,142.16,0.118078,150.000000 
3445,2002,142.16,0.203168,150.000000 
3446,2007,143.45,0.203187,150.000000 
3447,2002,142.16,0.181877,150.000000 
3448,2003,142.41,0.203221,150.000000 
3449,2002,142.16,0.198971,150.000000 
3450,2003,142.41,0.203257,150.000000 
3451,2001,141.90,0.199008,150.000000 
3452,2003,142.41,0.207564,150.000000 
3453,2010,144.22,0.199045,150.000000 
3454,2002,142.16,0.169225,150.000000 
3455,2003,142.41,0.203345,150.000000 
3456,2007,143.45,0.199095,150.000000 
3457,2002,142.16,0.182054,150.000000 
3458,2004,142.67,0.203397,150.000000 
3459,2006,143.19,0.194881,150.000000 
3460,2052,154.95,0.186368,150.000000 
3461,2006,143.19,-0.008122,150.000000 
3462,2000,141.64,0.186373,150.000000 
3463,2002,142.16,0.211996,150.000000 
3464,2000,141.64,0.203474,150.000000 
3465,2005,142.93,0.212034,150.000000 
3466,2002,142.16,0.190711,150.000000 
3467,2005,142.93,0.203529,150.000000 
3468,2001,141.90,0.190747,150.000000 
3469,2003,142.41,0.207835,150.000000 
3470,2006,143.19,0.199316,150.000000 
3471,2001,141.90,0.186537,150.000000 
3472,2002,142.16,0.207889,150.000000 
3473,1989,138.79,0.203638,150.000000 
3474,2004,142.67,0.259286,150.000000 
3475,2004,142.67,0.195147,150.000000 
3476,1994,140.09,0.195165,150.000000 
3477,2001,141.90,0.237921,150.000000 
3478,2001,141.90,0.208012,150.000000 
3479,2003,142.41,0.208031,150.000000 
3480,2002,142.16,0.199511,150.000000 
3481,2007,143.45,0.203798,150.000000 
3482,2000,141.64,0.182489,150.000000 
3483,2007,143.45,0.212374,150.000000 
3484,2006,143.19,0.182524,150.000000 
3485,2003,142.41,0.186803,150.000000 
3486,2006,143.19,0.199615,150.000000 
3487,2014,145.25,0.186837,150.000000 
3488,2007,143.45,0.152795,150.000000 
3489,2003,142.41,0.182602,150.000000 
3490,2011,144.48,0.199677,150.000000 
3491,2007,143.45,0.165601,150.000000 
3492,2003,142.41,0.182649,150.000000 
3493,2007,143.45,0.199723,150.000000 
3494,2001,141.90,0.182682,150.000000 
3495,2007,143.45,0.208296,150.000000 
3496,2009,143.96,0.182717,150.000000 
3497,2005,142.93,0.174212,150.000000 
3498,2000,141.64,0.191274,150.000000 
3499,2004,142.67,0.212633,150.000000 
3500,2000,141.64,0.195576,150.000000 
3501,2003,142.41,0.212671,150.000000 
3502,2000,141.64,0.199880,150.000000 
3503,2001,141.90,0.212708,150.000000 
3504,2000,141.64,0.208457,150.000000 
3505,2005,142.93,0.212748,150.000000 
3506,2008,143.70,0.191425,150.000000 
3507,2003,142.41,0.178654,150.000000 
3508,2005,142.93,0.199989,150.000000 
3509,1995,140.35,0.191474,150.000000 
3510,2011,144.48,0.234215,150.000000 
3511,2011,144.48,0.165953,150.000000 
3512,2005,142.93,0.165966,150.000000 
3513,1990,139.05,0.191541,150.000000 
3514,2006,143.19,0.255700,150.000000 
3515,1998,141.12,0.187319,150.000000 
3516,2003,142.41,0.221490,150.000000 
3517,2007,143.45,0.200153,150.000000 
3518,2002,142.16,0.183112,150.000000 
3519,2010,144.22,0.204455,150.000000 
3520,2000,141.64,0.170368,150.000000 
3521,2005,142.93,0.213030,150.000000 
3522,2006,143.19,0.191707,150.000000 
3523,2006,143.19,0.187459,150.000000 
3524,2011,144.48,0.187476,150.000000 
3525,2003,142.41,0.166194,150.000000 
3526,2000,141.64,0.200302,150.000000 
3527,2013,144.99,0.213130,150.000000 
3528,2006,143.19,0.157737,150.000000 
3529,2006,143.19,0.187555,150.000000 
3530,2005,142.93,0.187571,150.000000 
3531,2007,143.45,0.191851,150.000000 
3532,2009,143.96,0.183342,150.000000 
3533,2007,143.45,0.174837,150.000000 
3534,2007,143.45,0.183371,150.000000 
3535,2003,142.41,0.183387,150.000000 
3536,2013,144.99,0.200462,150.000000 
3537,2006,143.19,0.157877,150.000000 
3538,2004,142.67,0.187695,150.000000 
3539,2007,143.45,0.196241,150.000000 
3540,2005,142.93,0.183466,150.000000 
3541,2006,143.19,0.192008,150.000000 
3542,2006,143.19,0.187761,150.000000 
3543,2003,142.41,0.187777,150.000000 
3544,2240,200.99,0.200590,150.000000 
3545,2002,142.16,-0.768299,150.000000 
3546,2003,142.41,0.204755,150.000000 
3547,1990,139.05,0.200506,150.000000 
3548,2001,141.90,0.256133,150.000000 
3549,2002,142.16,0.209088,150.000000 
3550,2000,141.64,0.204837,150.000000 
3551,2000,141.64,0.213398,150.000000 
3552,2000,141.64,0.213418,150.000000 
3553,2015,145.50,0.213438,150.000000 
3554,1999,141.38,0.149543,150.000000 
3555,2000,141.64,0.217741,150.000000 
3556,1983,137.24,0.213489,150.000000 
3557,2000,141.64,0.286358,150.000000 
3558,2001,141.90,0.213539,150.000000 
3559,2001,141.90,0.209287,150.000000 
3560,2021,147.04,0.209306,150.000000 
3561,2001,141.90,0.124212,150.000000 
3562,2002,142.16,0.209333,150.000000 
3563,2008,143.70,0.205082,150.000000 
3564,2004,142.67,0.179512,150.000000 
3565,2009,143.96,0.196580,150.000000 
3566,2004,142.67,0.175285,150.000000 
3567,2007,143.45,0.196612,150.000000 
3568,2006,143.19,0.183837,150.000000 
3569,2003,142.41,0.188115,150.000000 
3570,2005,142.93,0.200928,150.000000 
3571,2002,142.16,0.192413,150.000000 
3572,2004,142.67,0.205231,150.000000 
3573,1982,136.98,0.196714,150.000000 
3574,2004,142.67,0.290957,150.000000 
3575,2003,142.41,0.196763,150.000000 
3576,2004,142.67,0.201047,150.000000 
3577,2005,142.93,0.196798,150.000000 
3578,2001,141.90,0.192550,150.000000 
3579,2004,142.67,0.209638,150.000000 
3580,2002,142.16,0.196852,150.000000 
3581,2000,141.64,0.205405,150.000000 
3582,2007,143.45,0.213965,150.000000 
3583,2008,143.70,0.184116,150.000000 
3584,2006,143.19,0.179870,150.000000 
3585,2002,142.16,0.188409,150.000000 
3586,2002,142.16,0.205490,150.000000 
3587,2003,142.41,0.205509,150.000000 
3588,2002,142.16,0.201259,150.000000 
3589,2000,141.64,0.205546,150.000000 
3590,2001,141.90,0.214106,150.000000 
3591,2000,141.64,0.209854,150.000000 
3592,2001,141.90,0.214145,150.000000 
3593,2012,144.73,0.209893,150.000000 
3594,2002,142.16,0.163025,150.000000 
3595,2000,141.64,0.205655,150.000000 
3596,2010,144.22,0.214215,150.000000 
3597,2000,141.64,0.171587,150.000000 
3598,1999,141.38,0.214249,150.000000 
3599,2001,141.90,0.218542,150.000000 
3600,1978,135.94,0.210018,150.000000 
3601,2000,141.64,0.308667,150.000000 
3602,2000,141.64,0.214342,150.000000 
3603,2000,141.64,0.214362,150.000000 
3604,2000,141.64,0.214382,150.000000 
3605,2000,141.64,0.214402,150.000000 
3606,2006,143.19,0.214422,150.000000 
3607,2001,141.90,0.188835,150.000000 
3608,2001,141.90,0.210186,150.000000 
3609,2003,142.41,0.210205,150.000000 
3610,2003,142.41,0.201686,150.000000 
3611,2004,142.67,0.201704,150.000000 
3612,2014,145.25,0.197455,150.000000 
3613,2006,143.19,0.154885,150.000000 
3614,2003,142.41,0.188954,150.000000 
3615,1999,141.38,0.201767,150.000000 
3616,2003,142.41,0.218868,150.000000 
3617,2005,142.93,0.201806,150.000000 
3618,2007,143.45,0.193291,150.000000 
3619,2006,143.19,0.184781,150.000000 
3620,2004,142.67,0.189059,150.000000 
3621,2010,144.22,0.197605,150.000000 
3622,2007,143.45,0.172052,150.000000 
3623,2005,142.93,0.184844,150.000000 
3624,2006,143.19,0.193386,150.000000 
3625,2006,143.19,0.189139,150.000000 
3626,2004,142.67,0.189155,150.000000 
3627,2007,143.45,0.197701,150.000000 
3628,2020,146.79,0.184927,150.000000 
3629,2005,142.93,0.129667,150.000000 
3630,2007,143.45,0.193476,150.000000 
3631,2010,144.22,0.184967,150.000000 
3632,2000,141.64,0.172204,150.000000 
3633,2005,142.93,0.214865,150.000000 
3634,2005,142.93,0.193542,150.000000 
3635,2007,143.45,0.193559,150.000000 
3636,2003,142.41,0.185049,150.000000 
3637,2007,143.45,0.202124,150.000000 
3638,2005,142.93,0.185083,150.000000 
3639,2007,143.45,0.193625,150.000000 
3640,2007,143.45,0.185116,150.000000 
3641,2010,144.22,0.185131,150.000000 
3642,2005,142.93,0.172368,150.000000 
3643,2006,143.19,0.193687,150.000000 
3644,2007,143.45,0.189440,150.000000 
3645,2007,143.45,0.185193,150.000000 
3646,2002,142.16,0.185209,150.000000 
3647,2007,143.45,0.206552,150.000000 
3648,2002,142.16,0.185243,150.000000 
3649,2011,144.48,0.206587,150.000000 
3650,2005,142.93,0.168243,150.000000 
3651,2010,144.22,0.193817,150.000000 
3652,2005,142.93,0.172529,150.000000 
3653,2009,143.96,0.193848,150.000000 
3654,2001,141.90,0.176818,150.000000 
3655,2003,142.41,0.210950,150.000000 
3656,2010,144.22,0.202431,150.000000 
3657,2002,142.16,0.172611,150.000000 
3658,2003,142.41,0.206731,150.000000 
3659,2002,142.16,0.202481,150.000000 
3660,2005,142.93,0.206768,150.000000 
3661,2005,142.93,0.193985,150.000000 
3662,2007,143.45,0.194002,150.000000 
3663,2003,142.41,0.185492,150.000000 
3664,2007,143.45,0.202567,150.000000 
3665,2003,142.41,0.185526,150.000000 
3666,2003,142.41,0.202601,150.000000 
3667,2004,142.67,0.202619,150.000000 
3668,2006,143.19,0.198370,150.000000 
3669,2005,142.93,0.189858,150.000000 
3670,2005,142.93,0.194138,150.000000 
3671,2005,142.93,0.194155,150.000000 
3672,2003,142.41,0.194172,150.000000 
3673,2032,149.86,0.202721,150.000000 
3674,2004,142.67,0.079610,150.000000 
3675,2011,144.48,0.198472,150.000000 
3676,2009,143.96,0.168663,150.000000 
3677,2002,142.16,0.177190,150.000000 
3678,2001,141.90,0.207053,150.000000 
3679,2002,142.16,0.211342,150.000000 
3680,2004,142.67,0.207091,150.000000 
3681,2002,142.16,0.198574,150.000000 
3682,2002,142.16,0.207127,150.000000 
3683,2001,141.90,0.207145,150.000000 
3684,2000,141.64,0.211434,150.000000 
3685,2003,142.41,0.215725,150.000000 
3686,2000,141.64,0.202935,150.000000 
3687,2004,142.67,0.215763,150.000000 
3688,2032,149.86,0.198706,150.000000 
3689,2000,141.64,0.079861,150.000000 
3690,2000,141.64,0.215801,150.000000 
3691,2000,141.64,0.215821,150.000000 
3692,2001,141.90,0.215840,150.000000 
3693,2001,141.90,0.211589,150.000000 
3694,2000,141.64,0.211608,150.000000 
3695,1999,141.38,0.215899,150.000000 
3696,2002,142.16,0.220192,150.000000 
3697,2002,142.16,0.207398,150.000000 
3698,2003,142.41,0.207416,150.000000 
3699,2002,142.16,0.203166,150.000000 
3700,2004,142.67,0.207453,150.000000 
3701,2000,141.64,0.198936,150.000000 
3702,2000,141.64,0.216031,150.000000 
3703,2006,143.19,0.216051,150.000000 
3704,2002,142.16,0.190464,150.000000 
3705,2003,142.41,0.207545,150.000000 
3706,2004,142.67,0.203295,150.000000 
3707,2009,143.96,0.199046,150.000000 
3708,2007,143.45,0.177751,150.000000 
3709,2006,143.19,0.186286,150.000000 
3710,2009,143.96,0.190564,150.000000 
3711,2017,146.02,0.177797,150.000000 
3712,2009,143.96,0.143790,150.000000 
3713,2007,143.45,0.177821,150.000000 
3714,1999,141.38,0.186356,150.000000 
3715,2006,143.19,0.220514,150.000000 
3716,2010,144.22,0.190654,150.000000 
3717,2025,148.07,0.173630,150.000000 
3718,2014,145.25,0.109956,150.000000 
3719,2000,141.64,0.156631,150.000000 
3720,2010,144.22,0.216307,150.000000 
3721,2021,147.04,0.173679,150.000000 
3722,2006,143.19,0.126955,150.000000 
3723,2006,143.19,0.190741,150.000000 
3724,2007,143.45,0.190757,150.000000 
3725,2007,143.45,0.186511,150.000000 
3726,2006,143.19,0.186526,150.000000 
3727,2005,142.93,0.190804,150.000000 
3728,2002,142.16,0.195085,150.000000 
3729,2002,142.16,0.207903,150.000000 
3730,2012,144.73,0.207921,150.000000 
3731,2003,142.41,0.165322,150.000000 
3732,2006,143.19,0.203684,150.000000 
3733,2004,142.67,0.190905,150.000000 
3734,2006,143.19,0.199451,150.000000 
3735,2004,142.67,0.190939,150.000000 
3736,2001,141.90,0.199485,150.000000 
3737,2007,143.45,0.212308,150.000000 
3738,2002,142.16,0.186729,150.000000 
3739,1971,134.11,0.208073,150.000000 
3740,2003,142.41,0.341169,150.000000 
3741,2014,145.25,0.203861,150.000000 
3742,2005,142.93,0.157024,150.000000 
3743,2003,142.41,0.195357,150.000000 
3744,2003,142.41,0.203907,150.000000 
3745,2003,142.41,0.203925,150.000000 
3746,2003,142.41,0.203943,150.000000 
3747,2010,144.22,0.203961,150.000000 
3748,2002,142.16,0.174141,150.000000 
3749,1995,140.35,0.208261,150.000000 
3750,2006,143.19,0.238202,150.000000 
3751,2003,142.41,0.191238,150.000000 
3752,2007,143.45,0.204050,150.000000 
3753,2004,142.67,0.187009,150.000000 
3754,2003,142.41,0.199817,150.000000 
3755,2002,142.16,0.204101,150.000000 
3756,2003,142.41,0.208388,150.000000 
3757,2003,142.41,0.204138,150.000000 
3758,2007,143.45,0.204156,150.000000 
3759,2006,143.19,0.187115,150.000000 
3760,2003,142.41,0.191393,150.000000 
3761,2005,142.93,0.204206,150.000000 
3762,2003,142.41,0.195692,150.000000 
3763,2003,142.41,0.204241,150.000000 
3764,2003,142.41,0.204259,150.000000 
3765,2010,144.22,0.204277,150.000000 
3766,2007,143.45,0.174457,150.000000 
3767,2001,141.90,0.187250,150.000000 
3768,2007,143.45,0.212863,150.000000 
3769,2003,142.41,0.187285,150.000000 
3770,2006,143.19,0.204359,150.000000 
3771,2003,142.41,0.191581,150.000000 
3772,2005,142.93,0.204393,150.000000 
3773,2002,142.16,0.195879,150.000000 
3774,2013,144.99,0.208697,150.000000 
3775,2000,141.64,0.161845,150.000000 
3776,2000,141.64,0.217269,150.000000 
3777,2001,141.90,0.217289,150.000000 
3778,2003,142.41,0.213037,150.000000 
3779,2006,143.19,0.204518,150.000000 
3780,2000,141.64,0.191739,150.000000 
3781,2000,141.64,0.217362,150.000000 
3782,1999,141.38,0.217382,150.000000 
3783,1999,141.38,0.221675,150.000000 
3784,2000,141.64,0.221696,150.000000 
3785,1991,139.31,0.217443,150.000000 
3786,2004,142.67,0.255976,150.000000 
3787,2000,141.64,0.200411,150.000000 
3788,2007,143.45,0.217506,150.000000 
3789,1993,139.83,0.187656,150.000000 
3790,2001,141.90,0.247485,150.000000 
3791,1998,141.12,0.213294,150.000000 
3792,2000,141.64,0.226133,150.000000 
3793,2001,141.90,0.217606,150.000000 
3794,2016,145.76,0.213354,150.000000 
3795,2000,141.64,0.149481,150.000000 
3796,2000,141.64,0.217655,150.000000 
3797,2000,141.64,0.217675,150.000000 
3798,2000,141.64,0.217695,150.000000 
3799,2003,142.41,0.217715,150.000000 
3800,2002,142.16,0.204924,150.000000 
3801,2007,143.45,0.209211,150.000000 
3802,2000,141.64,0.187902,150.000000 
3803,2002,142.16,0.217787,150.000000 
3804,2003,142.41,0.209265,150.000000 
3805,2010,144.22,0.205015,150.000000 
3806,2005,142.93,0.175196,150.000000 
3807,2015,145.50,0.196515,150.000000 
3808,2002,142.16,0.153959,150.000000 
3809,2004,142.67,0.209343,150.000000 
3810,2004,142.67,0.200826,150.000000 
3811,2002,142.16,0.200844,150.000000 
3812,2006,143.19,0.209397,150.000000 
3813,2008,143.70,0.192350,150.000000 
3814,2002,142.16,0.183843,150.000000 
3815,2007,143.45,0.209447,150.000000 
3816,2006,143.19,0.188138,150.000000 
3817,2003,142.41,0.192416,150.000000 
3818,2005,142.93,0.205228,150.000000 
3819,2007,143.45,0.196714,150.000000 
3820,2010,144.22,0.188204,150.000000 
3821,2011,144.48,0.175441,150.000000 
3822,2007,143.45,0.171199,150.000000 
3823,1999,141.38,0.188247,150.000000 
3824,2011,144.48,0.222405,150.000000 
3825,2004,142.67,0.171248,150.000000 
3826,1995,140.35,0.201088,150.000000 
3827,2003,142.41,0.239563,150.000000 
3828,2006,143.19,0.205395,150.000000 
3829,2002,142.16,0.192617,150.000000 
3830,1986,138.02,0.209698,150.000000 
3831,2005,142.93,0.278220,150.000000 
3832,2063,157.73,0.196944,150.000000 
3833,2003,142.41,-0.047847,150.000000 
3834,2000,141.64,0.205475,150.000000 
3835,2000,141.64,0.218303,150.000000 
3836,2009,143.96,0.218323,150.000000 
3837,2010,144.22,0.179953,150.000000 
3838,2003,142.41,0.175710,150.000000 
3839,2003,142.41,0.205561,150.000000 
3840,2006,143.19,0.205579,150.000000 
3841,2004,142.67,0.192801,150.000000 
3842,2002,142.16,0.201346,150.000000 
3843,2006,143.19,0.209899,150.000000 
3844,2012,144.73,0.192853,150.000000 
3845,2005,142.93,0.167317,150.000000 
3846,2003,142.41,0.197146,150.000000 
3847,2011,144.48,0.205695,150.000000 
3848,2000,141.64,0.171619,150.000000 
3849,2007,143.45,0.218536,150.000000 
3850,2003,142.41,0.188687,150.000000 
3851,2002,142.16,0.205762,150.000000 
3852,2006,143.19,0.210048,150.000000 
3853,2006,143.19,0.193002,150.000000 
3854,2005,142.93,0.193018,150.000000 
3855,2004,142.67,0.197298,150.000000 
3856,2003,142.41,0.201581,150.000000 
3857,2003,142.41,0.205865,150.000000 
3858,2009,143.96,0.205883,150.000000 
3859,2005,142.93,0.180322,150.000000 
3860,2002,142.16,0.197383,150.000000 
3861,2000,141.64,0.210201,150.000000 
3862,2007,143.45,0.218761,150.000000 
3863,2002,142.16,0.188912,150.000000 
3864,2001,141.90,0.210255,150.000000 
3865,2002,142.16,0.214544,150.000000 
3866,2005,142.93,0.210293,150.000000 
3867,2000,141.64,0.197510,150.000000 
3868,2006,143.19,0.218870,150.000000 
3869,2003,142.41,0.193283,150.000000 
3870,2004,142.67,0.206096,150.000000 
3871,2002,142.16,0.201847,150.000000 
3872,2004,142.67,0.210400,150.000000 
3873,2005,142.93,0.201883,150.000000 
3874,2002,142.16,0.197635,150.000000 
3875,2001,141.90,0.210453,150.000000 
3876,2007,143.45,0.214742,150.000000 
3877,2002,142.16,0.189163,150.000000 
3878,2002,142.16,0.210506,150.000000 
3879,2007,143.45,0.210525,150.000000 
3880,2010,144.22,0.189216,150.000000 
3881,2004,142.67,0.176453,150.000000 
3882,2002,142.16,0.202037,150.000000 
3883,2005,142.93,0.210590,150.000000 
3884,2029,149.09,0.197808,150.000000 
3885,2004,142.67,0.095906,150.000000 
3886,2005,142.93,0.202092,150.000000 
3887,2003,142.41,0.197844,150.000000 
3888,2000,141.64,0.206394,150.000000 
3889,2005,142.93,0.219222,150.000000 
3890,2005,142.93,0.197899,150.000000 
3891,2006,143.19,0.197916,150.000000 
3892,2004,142.67,0.193669,150.000000 
3893,2001,141.90,0.202214,150.000000 
3894,2002,142.16,0.215038,150.000000 
3895,2007,143.45,0.210787,150.000000 
3896,2003,142.41,0.189478,150.000000 
3897,2000,141.64,0.206552,150.000000 
3898,2010,144.22,0.219381,150.000000 
3899,2004,142.67,0.176753,150.000000 
3900,2014,145.25,0.202337,150.000000 
3901,2007,143.45,0.159767,150.000000 
3902,2003,142.41,0.189574,150.000000 
3903,2017,146.02,0.206648,150.000000 
3904,2006,143.19,0.147066,150.000000 
3905,2000,141.64,0.193879,150.000000 
3906,2003,142.41,0.219502,150.000000 
3907,2002,142.16,0.206712,150.000000 
3908,2001,141.90,0.210999,150.000000 
3909,2004,142.67,0.215287,150.000000 
3910,2085,163.26,0.202501,150.000000 
3911,2004,142.67,-0.138080,150.000000 
3912,2002,142.16,0.202487,150.000000 
3913,2011,144.48,0.211040,150.000000 
3914,2001,141.90,0.172696,150.000000 
3915,2003,142.41,0.215342,150.000000 
3916,2011,144.48,0.206822,150.000000 
3917,2010,144.22,0.172746,150.000000 
3918,2006,143.19,0.177016,150.000000 
3919,2005,142.93,0.194071,150.000000 
3920,2005,142.93,0.198351,150.000000 
3921,2007,143.45,0.198368,150.000000 
3922,2002,142.16,0.189858,150.000000 
3923,2010,144.22,0.211201,150.000000 
3924,2004,142.67,0.177114,150.000000 
3925,2003,142.41,0.202698,150.000000 
3926,2005,142.93,0.206983,150.000000 
3927,2030,149.35,0.198468,150.000000 
3928,2009,143.96,0.092339,150.000000 
3929,2006,143.19,0.181439,150.000000 
3930,2005,142.93,0.194237,150.000000 
3931,2007,143.45,0.198517,150.000000 
3932,1998,141.12,0.190007,150.000000 
3933,2002,142.16,0.228440,150.000000 
3934,1988,138.53,0.211372,150.000000 
3935,2000,141.64,0.271309,150.000000 
3936,2003,142.41,0.219959,150.000000 
3937,1990,139.05,0.207169,150.000000 
3938,2000,141.64,0.262797,150.000000 
3939,2000,141.64,0.220023,150.000000 
3940,2005,142.93,0.220043,150.000000 
3941,2006,143.19,0.198720,150.000000 
3942,2005,142.93,0.194473,150.000000 
3943,2006,143.19,0.198753,150.000000 
3944,2006,143.19,0.194506,150.000000 
3945,2006,143.19,0.194522,150.000000 
3946,2007,143.45,0.194538,150.000000 
3947,2006,143.19,0.190292,150.000000 
3948,2006,143.19,0.194570,150.000000 
3949,2005,142.93,0.194586,150.000000 
3950,2004,142.67,0.198867,150.000000 
3951,2000,141.64,0.203149,150.000000 
3952,2003,142.41,0.220244,150.000000 
3953,2006,143.19,0.207453,150.000000 
3954,2002,142.16,0.194675,150.000000 
3955,2002,142.16,0.211756,150.000000 
3956,2018,146.27,0.211775,150.000000 
3957,2006,143.19,0.143678,150.000000 
3958,2006,143.19,0.194737,150.000000 
3959,2010,144.22,0.194753,150.000000 
3960,2011,144.48,0.177729,150.000000 
3961,2009,143.96,0.173486,150.000000 
3962,2011,144.48,0.182013,150.000000 
3963,2007,143.45,0.173513,150.000000 
3964,2015,145.50,0.190561,150.000000 
3965,2009,143.96,0.156531,150.000000 
3966,2007,143.45,0.182067,150.000000 
3967,2007,143.45,0.190602,150.000000 
3968,2006,143.19,0.190618,150.000000 
3969,2005,142.93,0.194896,150.000000 
3970,2002,142.16,0.199176,150.000000 
3971,2003,142.41,0.211994,150.000000 
3972,2006,143.19,0.207744,150.000000 
3973,2003,142.41,0.194965,150.000000 
3974,2000,141.64,0.207778,150.000000 
3975,2002,142.16,0.220607,150.000000 
3976,2005,142.93,0.212085,150.000000 
3977,2001,141.90,0.199302,150.000000 
3978,2006,143.19,0.216390,150.000000 
3979,2004,142.67,0.195074,150.000000 
3980,1994,140.09,0.203620,150.000000 
3981,2007,143.45,0.246376,150.000000 
3982,2006,143.19,0.190869,150.000000 
3983,2021,147.04,0.195147,150.000000 
3984,2007,143.45,0.131385,150.000000 
3985,2004,142.67,0.190908,150.000000 
3986,2005,142.93,0.203715,150.000000 
3987,2014,145.25,0.199467,150.000000 
3988,2010,144.22,0.161162,150.000000 
3989,2011,144.48,0.178190,150.000000 
3990,2009,143.96,0.173948,150.000000 
3991,2009,143.96,0.182475,150.000000 
3992,2037,151.13,0.182490,150.000000 
3993,2011,144.48,0.063854,150.000000 
3994,2008,143.70,0.173987,150.000000 
3995,2007,143.45,0.186774,150.000000 
3996,2007,143.45,0.191050,150.000000 
3997,2004,142.67,0.191066,150.000000 
3998,2006,143.19,0.203873,150.000000 
3999,2002,142.16,0.195361,150.000000 
4000,2005,142.93,0.212442,150.000000 
4001,2003,142.41,0.199660,150.000000 
4002,2005,142.93,0.208209,150.000000 
4003,2005,142.93,0.199695,150.000000 
4004,2007,143.45,0.199712,150.000000 
4005,2000,141.64,0.191202,150.000000 
4006,2003,142.41,0.221087,150.000000 
4007,2096,166.01,0.208297,150.000000 
4008,2000,141.64,-0.182038,150.000000 
4009,2002,142.16,0.221087,150.000000 
4010,2005,142.93,0.212565,150.000000 
4011,2006,143.19,0.199782,150.000000 
4012,2002,142.16,0.195535,150.000000 
4013,2003,142.41,0.212617,150.000000 
4014,2006,143.19,0.208367,150.000000 
4015,2001,141.90,0.195588,150.000000 
4016,2006,143.19,0.216940,150.000000 
4017,2006,143.19,0.195624,150.000000 
4018,2005,142.93,0.195640,150.000000 
4019,2005,142.93,0.199920,150.000000 
4020,2003,142.41,0.199937,150.000000 
4021,2007,143.45,0.208486,150.000000 
4022,2005,142.93,0.191445,150.000000 
4023,2004,142.67,0.199987,150.000000 
4024,2005,142.93,0.204270,150.000000 
4025,2001,141.90,0.200022,150.000000 
4026,2009,143.96,0.217110,150.000000 
4027,2001,141.90,0.183011,150.000000 
4028,2000,141.64,0.217143,150.000000 
4029,2004,142.67,0.221434,150.000000 
4030,2006,143.19,0.204377,150.000000 
4031,2006,143.19,0.195865,150.000000 
4032,2007,143.45,0.195881,150.000000 
4033,2004,142.67,0.191634,150.000000 
4034,2005,142.93,0.204442,150.000000 
4035,2005,142.93,0.200194,150.000000 
4036,2011,144.48,0.200211,150.000000 
4037,2007,143.45,0.174666,150.000000 
4038,2007,143.45,0.191714,150.000000 
4039,2003,142.41,0.191730,150.000000 
4040,2011,144.48,0.208804,150.000000 
4041,2010,144.22,0.174729,150.000000 
4042,2011,144.48,0.178998,150.000000 
4043,2011,144.48,0.174755,150.000000 
4044,2011,144.48,0.174769,150.000000 
4045,2006,143.19,0.174782,150.000000 
4046,2013,144.99,0.196092,150.000000 
4047,2009,143.96,0.166303,150.000000 
4048,2018,146.27,0.183337,150.000000 
4049,2011,144.48,0.145085,150.000000 
4050,2007,143.45,0.174846,150.000000 
4051,2007,143.45,0.191894,150.000000 
4052,2013,144.99,0.191910,150.000000 
4053,2006,143.19,0.166382,150.000000 
4054,2005,142.93,0.196200,150.000000 
4055,2009,143.96,0.200480,150.000000 
4056,2008,143.70,0.183450,150.000000 
4057,2009,143.96,0.187724,150.000000 
4058,2003,142.41,0.183479,150.000000 
4059,2005,142.93,0.209073,150.000000 
4060,2007,143.45,0.200559,150.000000 
4061,2010,144.22,0.192049,150.000000 
4062,2010,144.22,0.179286,150.000000 
4063,2007,143.45,0.179300,150.000000 
4064,2010,144.22,0.192092,150.000000 
4065,2003,142.41,0.179329,150.000000 
4066,2006,143.19,0.209180,150.000000 
4067,2002,142.16,0.196402,150.000000 
4068,2007,143.45,0.213483,150.000000 
4069,2000,141.64,0.192174,150.000000 
4070,2006,143.19,0.222059,150.000000 
4071,2002,142.16,0.196472,150.000000 
4072,2000,141.64,0.213554,150.000000 
4073,2007,143.45,0.222114,150.000000 
4074,2003,142.41,0.192264,150.000000 
4075,2009,143.96,0.209339,150.000000 
4076,2002,142.16,0.183778,150.000000 
4077,2016,145.76,0.213640,150.000000 
4078,2006,143.19,0.154037,150.000000 
4079,2005,142.93,0.196604,150.000000 
4080,2013,144.99,0.200884,150.000000 
4081,2003,142.41,0.166831,150.000000 
4082,2002,142.16,0.209445,150.000000 
4083,2011,144.48,0.213732,150.000000 
4084,2007,143.45,0.175388,150.000000 
4085,2003,142.41,0.192436,150.000000 
4086,2006,143.19,0.209511,150.000000 
4087,2004,142.67,0.196732,150.000000 
4088,2005,142.93,0.205278,150.000000 
4089,2004,142.67,0.201030,150.000000 
4090,2005,142.93,0.205312,150.000000 
4091,2009,143.96,0.201064,150.000000 
4092,2006,143.19,0.184034,150.000000 
4093,2007,143.45,0.196831,150.000000 
4094,2006,143.19,0.192585,150.000000 
4095,2006,143.19,0.196863,150.000000 
4096,2007,143.45,0.196879,150.000000 
4097,1998,141.12,0.192633,150.000000 
4098,2013,144.99,0.231065,150.000000 
4099,2014,145.25,0.167126,150.000000 
4100,2021,147.04,0.162886,150.000000 
4101,2014,145.25,0.133177,150.000000 
4102,2007,143.45,0.162905,150.000000 
4103,2005,142.93,0.192711,150.000000 
4104,2014,145.25,0.201253,150.000000 
4105,2009,143.96,0.162948,150.000000 
4106,2000,141.64,0.184234,150.000000 
4107,2014,145.25,0.222638,150.000000 
4108,2014,145.25,0.162994,150.000000 
4109,2031,149.60,0.163005,150.000000 
4110,2014,145.25,0.090966,150.000000 
4111,2011,144.48,0.163017,150.000000 
4112,2015,145.50,0.175789,150.000000 
4113,1986,138.02,0.158791,150.000000 
4114,2014,145.25,0.282679,150.000000 
4115,2014,145.25,0.163081,150.000000 
4116,2017,146.02,0.163092,150.000000 
4117,2017,146.02,0.150357,150.000000 
4118,2014,145.25,0.150367,150.000000 
4119,2015,145.50,0.163123,150.000000 
4120,2012,144.73,0.158884,150.000000 
4121,2010,144.22,0.171650,150.000000 
4122,2017,146.02,0.180174,150.000000 
4123,2011,144.48,0.150424,150.000000 
4124,2011,144.48,0.175941,150.000000 
4125,2006,143.19,0.175954,150.000000 
4126,2007,143.45,0.197264,150.000000 
4127,2013,144.99,0.193018,150.000000 
4128,2013,144.99,0.167490,150.000000 
4129,2009,143.96,0.167502,150.000000 
4130,2010,144.22,0.184537,150.000000 
4131,2010,144.22,0.180293,150.000000 
4132,2018,146.27,0.180307,150.000000 
4133,2012,144.73,0.146312,150.000000 
4134,2015,145.50,0.171818,150.000000 
4135,2010,144.22,0.159075,150.000000 
4136,2003,142.41,0.180353,150.000000 
4137,1988,138.53,0.210204,150.000000 
4138,2034,150.37,0.274410,150.000000 
4139,2007,143.45,0.078675,150.000000 
4140,2004,142.67,0.193190,150.000000 
4141,2003,142.41,0.205997,150.000000 
4142,2002,142.16,0.210282,150.000000 
4143,2006,143.19,0.214568,150.000000 
4144,2005,142.93,0.197522,150.000000 
4145,2009,143.96,0.201802,150.000000 
4146,2013,144.99,0.184772,150.000000 
4147,2012,144.73,0.167763,150.000000 
4148,2014,145.25,0.172029,150.000000 
4149,2006,143.19,0.163536,150.000000 
4150,2007,143.45,0.197605,150.000000 
4151,2011,144.48,0.193359,150.000000 
4152,2011,144.48,0.176339,150.000000 
4153,2010,144.22,0.176352,150.000000 
4154,2006,143.19,0.180622,150.000000 
4155,2007,143.45,0.197677,150.000000 
4156,2012,144.73,0.193430,150.000000 
4157,2009,143.96,0.172156,150.000000 
4158,2000,141.64,0.184938,150.000000 
4159,2005,142.93,0.223342,150.000000 
4160,2014,145.25,0.202019,150.000000 
4161,2015,145.50,0.163714,150.000000 
4162,2011,144.48,0.159475,150.000000 
4163,2006,143.19,0.176497,150.000000 
4164,2012,144.73,0.197807,150.000000 
4165,2007,143.45,0.172271,150.000000 
4166,2013,144.99,0.193573,150.000000 
4167,2025,148.07,0.168046,150.000000 
4168,2042,152.41,0.117135,150.000000 
4169,2016,145.76,0.045373,150.000000 
4170,2011,144.48,0.155305,150.000000 
4171,2015,145.50,0.176575,150.000000 
4172,2010,144.22,0.159578,150.000000 
4173,2010,144.22,0.180855,150.000000 
4174,2012,144.73,0.180869,150.000000 
4175,2016,145.76,0.172371,150.000000 
4176,2010,144.22,0.155379,150.000000 
4177,2009,143.96,0.180905,150.000000 
4178,2010,144.22,0.185177,150.000000 
4179,2010,144.22,0.180934,150.000000 
4180,2017,146.02,0.180947,150.000000 
4181,2015,145.50,0.151198,150.000000 
4182,2013,144.99,0.159703,150.000000 
4183,2008,143.70,0.168216,150.000000 
4184,2017,146.02,0.189511,150.000000 
4185,2019,146.53,0.151245,150.000000 
4186,1983,137.24,0.142764,150.000000 
4187,2014,145.25,0.296523,150.000000 
4188,2014,145.25,0.164039,150.000000 
4189,2000,141.64,0.164051,150.000000 
4190,2017,146.02,0.223727,150.000000 
4191,2013,144.99,0.151335,150.000000 
4192,2013,144.99,0.168343,150.000000 
4193,2019,146.53,0.168355,150.000000 
4194,2016,145.76,0.142878,150.000000 
4195,2014,145.25,0.155624,150.000000 
4196,2016,145.76,0.164134,150.000000 
4197,2014,145.25,0.155646,150.000000 
4198,2009,143.96,0.164155,150.000000 
4199,2020,146.79,0.185441,150.000000 
4200,2009,143.96,0.138701,150.000000 
4201,2014,145.25,0.185463,150.000000 
4202,2006,143.19,0.164203,150.000000 
4203,2003,142.41,0.198272,150.000000 
4204,2012,144.73,0.211084,150.000000 
4205,1969,133.59,0.172754,150.000000 
4206,2014,145.25,0.357096,150.000000 
4207,2014,145.25,0.164300,150.000000 
4208,2014,145.25,0.164311,150.000000 
4209,2004,142.67,0.164322,150.000000 
4210,2011,144.48,0.206921,150.000000 
4211,2013,144.99,0.177111,150.000000 
4212,2005,142.93,0.168616,150.000000 
4213,2007,143.45,0.202698,150.000000 
4214,2006,143.19,0.194188,150.000000 
4215,2006,143.19,0.198466,150.000000 
4216,2007,143.45,0.198482,150.000000 
4217,2005,142.93,0.194236,150.000000 
4218,2014,145.25,0.202778,150.000000 
4219,2014,145.25,0.164473,150.000000 
4220,2011,144.48,0.164485,150.000000 
4221,2013,144.99,0.177256,150.000000 
4222,2013,144.99,0.168761,150.000000 
4223,2010,144.22,0.168773,150.000000 
4224,2004,142.67,0.181550,150.000000 
4225,2006,143.19,0.207134,150.000000 
4226,2005,142.93,0.198622,150.000000 
4227,2002,142.16,0.202902,150.000000 
4228,2013,144.99,0.215720,150.000000 
4229,2018,146.27,0.168868,150.000000 
4230,2013,144.99,0.147635,150.000000 
4231,2004,142.67,0.168889,150.000000 
4232,2010,144.22,0.207236,150.000000 
4233,2013,144.99,0.181683,150.000000 
4234,2011,144.48,0.168932,150.000000 
4235,2001,141.90,0.177452,150.000000 
4236,2006,143.19,0.220098,150.000000 
4237,2007,143.45,0.198782,150.000000 
4238,2001,141.90,0.194535,150.000000 
4239,2006,143.19,0.220149,150.000000 
4240,2007,143.45,0.198833,150.000000 
4241,2017,146.02,0.194586,150.000000 
4242,2006,143.19,0.152060,150.000000 
4243,2002,142.16,0.198874,150.000000 
4244,2011,144.48,0.215955,150.000000 
4245,2005,142.93,0.177611,150.000000 
4246,1993,139.83,0.203186,150.000000 
4247,2001,141.90,0.254489,150.000000 
4248,2000,141.64,0.220298,150.000000 
4249,2006,143.19,0.224589,150.000000 
4250,2006,143.19,0.199002,150.000000 
4251,2013,144.99,0.199018,150.000000 
4252,2006,143.19,0.169229,150.000000 
4253,2009,143.96,0.199046,150.000000 
4254,2001,141.90,0.186280,150.000000 
4255,2001,141.90,0.220412,150.000000 
4256,2001,141.90,0.220432,150.000000 
4257,2007,143.45,0.220451,150.000000 
4258,2000,141.64,0.194872,150.000000 
4259,2010,144.22,0.224757,150.000000 
4260,2004,142.67,0.182129,150.000000 
4261,2000,141.64,0.207714,150.000000 
4262,2004,142.67,0.224808,150.000000 
4263,2001,141.90,0.207751,150.000000 
4264,2002,142.16,0.220574,150.000000 
4265,2001,141.90,0.216323,150.000000 
4266,2002,142.16,0.220612,150.000000 
4267,2010,144.22,0.216361,150.000000 
4268,2004,142.67,0.182274,150.000000 
4269,2004,142.67,0.207858,150.000000 
4270,2003,142.41,0.207875,150.000000 
4271,2000,141.64,0.212160,150.000000 
4272,2003,142.41,0.224988,150.000000 
4273,2000,141.64,0.212198,150.000000 
4274,1999,141.38,0.225026,150.000000 
4275,2000,141.64,0.229319,150.000000 
4276,2000,141.64,0.225066,150.000000 
4277,1995,140.35,0.225086,150.000000 
4278,2011,144.48,0.246487,150.000000 
4279,2000,141.64,0.178225,150.000000 
4280,2000,141.64,0.225142,150.000000 
4281,2000,141.64,0.225162,150.000000 
4282,2011,144.48,0.225182,150.000000 
4283,2005,142.93,0.178298,150.000000 
4284,2002,142.16,0.203872,150.000000 
4285,2000,141.64,0.216690,150.000000 
4286,2003,142.41,0.225251,150.000000 
4287,2005,142.93,0.212460,150.000000 
4288,1991,139.31,0.203946,150.000000 
4289,2001,141.90,0.263818,150.000000 
4290,2001,141.90,0.221059,150.000000 
4291,2000,141.64,0.221078,150.000000 
4292,2001,141.90,0.225369,150.000000 
4293,2002,142.16,0.221118,150.000000 
4294,1999,141.38,0.216867,150.000000 
4295,2000,141.64,0.229700,150.000000 
4296,2001,141.90,0.225448,150.000000 
4297,2008,143.70,0.221196,150.000000 
4298,2000,141.64,0.191356,150.000000 
4299,2004,142.67,0.225502,150.000000 
4300,2000,141.64,0.208444,150.000000 
4301,2001,141.90,0.225539,150.000000 
4302,2000,141.64,0.221287,150.000000 
4303,2005,142.93,0.225578,150.000000 
4304,2007,143.45,0.204255,150.000000 
4305,2001,141.90,0.195746,150.000000 
4306,2006,143.19,0.221359,150.000000 
4307,2010,144.22,0.200043,150.000000 
4308,2004,142.67,0.183018,150.000000 
4309,2002,142.16,0.208602,150.000000 
4310,2013,144.99,0.217155,150.000000 
4311,2003,142.41,0.170303,150.000000 
4312,2012,144.73,0.212917,150.000000 
4313,2013,144.99,0.174587,150.000000 
4314,2003,142.41,0.170346,150.000000 
4315,2007,143.45,0.212960,150.000000 
4316,2011,144.48,0.195919,150.000000 
4317,1999,141.38,0.178900,150.000000 
4318,2000,141.64,0.230090,150.000000 
4319,2006,143.19,0.225837,150.000000 
4320,2011,144.48,0.200250,150.000000 
4321,2002,142.16,0.178969,150.000000 
4322,2002,142.16,0.217345,150.000000 
4323,2005,142.93,0.217364,150.000000 
4324,2005,142.93,0.204581,150.000000 
4325,2003,142.41,0.204598,150.000000 
4326,2000,141.64,0.213147,150.000000 
4327,2003,142.41,0.225976,150.000000 
4328,2001,141.90,0.213185,150.000000 
4329,2000,141.64,0.221742,150.000000 
4330,2000,141.64,0.226033,150.000000 
4331,2005,142.93,0.226053,150.000000 
4332,2001,141.90,0.204730,150.000000 
4333,2004,142.67,0.221818,150.000000 
4334,2013,144.99,0.209031,150.000000 
4335,2003,142.41,0.170714,150.000000 
4336,2000,141.64,0.213328,150.000000 
4337,2007,143.45,0.226156,150.000000 
4338,2005,142.93,0.196307,150.000000 
4339,2006,143.19,0.204849,150.000000 
4340,2004,142.67,0.200602,150.000000 
4341,2007,143.45,0.209147,150.000000 
4342,2000,141.64,0.196373,150.000000 
4343,1983,137.24,0.226258,150.000000 
4344,2006,143.19,0.299127,150.000000 
4345,2003,142.41,0.200701,150.000000 
4346,1998,141.12,0.213514,150.000000 
4347,2002,142.16,0.234890,150.000000 
4348,2003,142.41,0.217822,150.000000 
4349,2005,142.93,0.213572,150.000000 
4350,2007,143.45,0.205057,150.000000 
4351,2006,143.19,0.196547,150.000000 
4352,2005,142.93,0.200825,150.000000 
4353,2002,142.16,0.205106,150.000000 
4354,2006,143.19,0.217924,150.000000 
4355,2006,143.19,0.200877,150.000000 
4356,1991,139.31,0.200893,150.000000 
4357,2002,142.16,0.265029,150.000000 
4358,2005,142.93,0.218000,150.000000 
4359,2009,143.96,0.205218,150.000000 
4360,2005,142.93,0.188187,150.000000 
4361,2000,141.64,0.205249,150.000000 
4362,2014,145.25,0.226608,150.000000 
4363,2003,142.41,0.166964,150.000000 
4364,2005,142.93,0.213829,150.000000 
4365,2011,144.48,0.205315,150.000000 
4366,2003,142.41,0.179770,150.000000 
4367,2003,142.41,0.213877,150.000000 
4368,2036,150.88,0.213895,150.000000 
4369,2006,143.19,0.073901,150.000000 
4370,2003,142.41,0.201115,150.000000 
4371,2009,143.96,0.213928,150.000000 
4372,2001,141.90,0.188366,150.000000 
4373,2000,141.64,0.222499,150.000000 
4374,2005,142.93,0.226789,150.000000 
4375,2007,143.45,0.205467,150.000000 
4376,2006,143.19,0.196957,150.000000 
4377,2005,142.93,0.201235,150.000000 
4378,2011,144.48,0.205515,150.000000 
4379,2007,143.45,0.179971,150.000000 
4380,2006,143.19,0.197019,150.000000 
4381,2002,142.16,0.201297,150.000000 
4382,2007,143.45,0.218378,150.000000 
4383,2003,142.41,0.197069,150.000000 
4384,2012,144.73,0.214144,150.000000 
4385,2006,143.19,0.175813,150.000000 
4386,2006,143.19,0.201378,150.000000 
4387,2004,142.67,0.201394,150.000000 
4388,2006,143.19,0.209940,150.000000 
4389,2005,142.93,0.201428,150.000000 
4390,2002,142.16,0.205708,150.000000 
4391,2005,142.93,0.218526,150.000000 
4392,1998,141.12,0.205743,150.000000 
4393,2009,143.96,0.235651,150.000000 
4394,2005,142.93,0.188734,150.000000 
4395,2009,143.96,0.205796,150.000000 
4396,2007,143.45,0.188765,150.000000 
4397,2007,143.45,0.197300,150.000000 
4398,2005,142.93,0.197316,150.000000 
4399,2010,144.22,0.205858,150.000000 
4400,2007,143.45,0.184570,150.000000 
4401,2009,143.96,0.197362,150.000000 
4402,2011,144.48,0.188857,150.000000 
4403,2006,143.19,0.180357,150.000000 
4404,2003,142.41,0.201668,150.000000 
4405,2011,144.48,0.214480,150.000000 
4406,2018,146.27,0.180404,150.000000 
4407,2010,144.22,0.150665,150.000000 
4408,2011,144.48,0.184683,150.000000 
4409,2014,145.25,0.180440,150.000000 
4410,2011,144.48,0.167693,150.000000 
4411,2010,144.22,0.180465,150.000000 
4412,2020,146.79,0.184734,150.000000 
4413,2011,144.48,0.142252,150.000000 
4414,2011,144.48,0.180499,150.000000 
4415,2018,146.27,0.180512,150.000000 
4416,2011,144.48,0.150773,150.000000 
4417,2015,145.50,0.180534,150.000000 
4418,2010,144.22,0.163537,150.000000 
4419,2007,143.45,0.184815,150.000000 
4420,2010,144.22,0.197607,150.000000 
4421,2012,144.73,0.184844,150.000000 
4422,2013,144.99,0.176346,150.000000 
4423,2010,144.22,0.172105,150.000000 
4424,2007,143.45,0.184882,150.000000 
4425,2006,143.19,0.197674,150.000000 
4426,2011,144.48,0.201952,150.000000 
4427,2009,143.96,0.180671,150.000000 
4428,2006,143.19,0.189199,150.000000 
4429,2010,144.22,0.201996,150.000000 
4430,2005,142.93,0.184971,150.000000 
4431,2007,143.45,0.206290,150.000000 
4432,2008,143.70,0.197780,150.000000 
4433,2003,142.41,0.193535,150.000000 
4434,2013,144.99,0.214870,150.000000 
4435,2007,143.45,0.172286,150.000000 
4436,2013,144.99,0.197841,150.000000 
4437,2007,143.45,0.172313,150.000000 
4438,2007,143.45,0.197868,150.000000 
4439,2018,146.27,0.197884,150.000000 
4440,2006,143.19,0.151112,150.000000 
4441,2011,144.48,0.202171,150.000000 
4442,2009,143.96,0.180890,150.000000 
4443,1995,140.35,0.189417,150.000000 
4444,2006,143.19,0.249202,150.000000 
4445,2014,145.25,0.202238,150.000000 
4446,2006,143.19,0.168196,150.000000 
4447,2013,144.99,0.202265,150.000000 
4448,2014,145.25,0.172476,150.000000 
4449,2012,144.73,0.168236,150.000000 
4450,2014,145.25,0.176752,150.000000 
4451,2013,144.99,0.168259,150.000000 
4452,2015,145.50,0.172523,150.000000 
4453,2011,144.48,0.164032,150.000000 
4454,2015,145.50,0.181054,150.000000 
4455,2022,147.30,0.164056,150.000000 
4456,2011,144.48,0.134356,150.000000 
4457,2015,145.50,0.181084,150.000000 
4458,2015,145.50,0.164086,150.000000 
4459,2015,145.50,0.164097,150.000000 
4460,2017,146.02,0.164108,150.000000 
4461,2016,145.76,0.155622,150.000000 
4462,2013,144.99,0.159879,150.000000 
4463,2014,145.25,0.172640,150.000000 
4464,2015,145.50,0.168400,150.000000 
4465,2015,145.50,0.164161,150.000000 
4466,2013,144.99,0.164172,150.000000 
4467,2016,145.76,0.172685,150.000000 
4468,2013,144.99,0.159946,150.000000 
4469,2013,144.99,0.172707,150.000000 
4470,2016,145.76,0.172719,150.000000 
4471,2015,145.50,0.159979,150.000000 
4472,2016,145.76,0.164238,150.000000 
4473,2016,145.76,0.160000,150.000000 
4474,2015,145.50,0.160010,150.000000 
4475,2017,146.02,0.164269,150.000000 
4476,2010,144.22,0.155784,150.000000 
4477,2021,147.04,0.185557,150.000000 
4478,2010,144.22,0.138833,150.000000 
4479,2015,145.50,0.185577,150.000000 
4480,2000,141.64,0.164324,150.000000 
4481,2010,144.22,0.228250,150.000000 
4482,2016,145.76,0.185622,150.000000 
4483,2017,146.02,0.160119,150.000000 
4484,2016,145.76,0.155882,150.000000 
4485,2012,144.73,0.160139,150.000000 
4486,2015,145.50,0.177154,150.000000 
4487,2014,145.25,0.164410,150.000000 
4488,2010,144.22,0.168672,150.000000 
4489,2046,153.42,0.185700,150.000000 
4490,2007,143.45,0.033436,150.000000 
4491,2016,145.76,0.198484,150.000000 
4492,2014,145.25,0.160205,150.000000 
4493,2007,143.45,0.168714,150.000000 
4494,2011,144.48,0.198521,150.000000 
4495,2010,144.22,0.181501,150.000000 
4496,2016,145.76,0.185771,150.000000 
4497,2011,144.48,0.160269,150.000000 
4498,2010,144.22,0.181538,150.000000 
4499,2009,143.96,0.185808,150.000000 
4500,2009,143.96,0.190080,150.000000 
4501,2007,143.45,0.190094,150.000000 
4502,2012,144.73,0.198629,150.000000 
4503,2010,144.22,0.177355,150.000000 
4504,2007,143.45,0.185878,150.000000 
4505,2012,144.73,0.198671,150.000000 
4506,2006,143.19,0.177396,150.000000 
4507,2009,143.96,0.202961,150.000000 
4508,2006,143.19,0.190194,150.000000 
4509,2006,143.19,0.202992,150.000000 
4510,2010,144.22,0.203008,150.000000 
4511,2006,143.19,0.185983,150.000000 
4512,2012,144.73,0.203038,150.000000 
4513,2010,144.22,0.177502,150.000000 
4514,2010,144.22,0.186026,150.000000 
4515,2003,142.41,0.186040,150.000000 
4516,2011,144.48,0.215891,150.000000 
4517,2018,146.27,0.181815,150.000000 
4518,2223,196.96,0.152075,150.000000 
4519,2015,145.50,-0.686311,150.000000 
4520,2015,145.50,0.164715,150.000000 
4521,2013,144.99,0.164725,150.000000 
4522,2011,144.48,0.173238,150.000000 
4523,2011,144.48,0.181758,150.000000 
4524,2015,145.50,0.181772,150.000000 
4525,2014,145.25,0.164774,150.000000 
4526,2016,145.76,0.169035,150.000000 
4527,2011,144.48,0.160547,150.000000 
4528,2013,144.99,0.181817,150.000000 
4529,2018,146.27,0.173322,150.000000 
4530,2010,144.22,0.152089,150.000000 
4531,2014,145.25,0.186107,150.000000 
4532,1998,141.12,0.169104,150.000000 
4533,2017,146.02,0.237328,150.000000 
4534,2012,144.73,0.156390,150.000000 
4535,2017,146.02,0.177651,150.000000 
4536,2010,144.22,0.156412,150.000000 
4537,2012,144.73,0.186185,150.000000 
4538,2019,146.53,0.177687,150.000000 
4539,2012,144.73,0.147958,150.000000 
4540,2014,145.25,0.177708,150.000000 
4541,2015,145.50,0.169215,150.000000 
4542,2025,148.07,0.164976,150.000000 
4543,2013,144.99,0.122566,150.000000 
4544,2013,144.99,0.173494,150.000000 
4545,2006,143.19,0.173506,150.000000 
4546,2006,143.19,0.203323,150.000000 
4547,2014,145.25,0.203339,150.000000 
4548,2015,145.50,0.169298,150.000000 
4549,2017,146.02,0.165059,150.000000 
4550,2010,144.22,0.156573,150.000000 
4551,2017,146.02,0.186346,150.000000 
4552,2012,144.73,0.156597,150.000000 
4553,2012,144.73,0.177858,150.000000 
4554,2000,141.64,0.177871,150.000000 
4555,2010,144.22,0.229042,150.000000 
4556,2012,144.73,0.186414,150.000000 
4557,2011,144.48,0.177917,150.000000 
4558,2010,144.22,0.182184,150.000000 
4559,2011,144.48,0.186454,150.000000 
4560,2026,148.32,0.182211,150.000000 
4561,2003,142.41,0.118559,150.000000 
4562,2013,144.99,0.216322,150.000000 
4563,2015,145.50,0.173738,150.000000 
4564,2007,143.45,0.165247,150.000000 
4565,2033,150.11,0.199304,150.000000 
4566,1999,141.38,0.089026,150.000000 
4567,2011,144.48,0.233461,150.000000 
4568,2007,143.45,0.182305,150.000000 
4569,2007,143.45,0.199353,150.000000 
4570,2010,144.22,0.199368,150.000000 
4571,2009,143.96,0.186605,150.000000 
4572,2007,143.45,0.190877,150.000000 
4573,2007,143.45,0.199412,150.000000 
4574,2008,143.70,0.199428,150.000000 
4575,2003,142.41,0.195182,150.000000 
4576,2009,143.96,0.216517,150.000000 
4577,2010,144.22,0.190956,150.000000 
4578,2007,143.45,0.186712,150.000000 
4579,1990,139.05,0.199504,150.000000 
4580,2005,142.93,0.272189,150.000000 
4581,2006,143.19,0.208072,150.000000 
4582,2000,141.64,0.203825,150.000000 
4583,2011,144.48,0.229448,150.000000 
4584,2004,142.67,0.182564,150.000000 
4585,2010,144.22,0.212404,150.000000 
4586,2010,144.22,0.186851,150.000000 
4587,2010,144.22,0.186865,150.000000 
4588,2038,151.39,0.186878,150.000000 
4589,2007,143.45,0.068284,150.000000 
4590,2010,144.22,0.199667,150.000000 
4591,2007,143.45,0.186904,150.000000 
4592,2013,144.99,0.199697,150.000000 
4593,2007,143.45,0.174169,150.000000 
4594,2009,143.96,0.199724,150.000000 
4595,2006,143.19,0.191219,150.000000 
4596,2013,144.99,0.204017,150.000000 
4597,2011,144.48,0.174227,150.000000 
4598,2010,144.22,0.182747,150.000000 
4599,2015,145.50,0.187017,150.000000 
4600,2011,144.48,0.165764,150.000000 
4601,2014,145.25,0.182785,150.000000 
4602,2010,144.22,0.170038,150.000000 
4603,1990,139.05,0.187066,150.000000 
4604,2016,145.76,0.272527,150.000000 
4605,2007,143.45,0.161590,150.000000 
4606,2007,143.45,0.199894,150.000000 
4607,2009,143.96,0.199910,150.000000 
4608,2009,143.96,0.191405,150.000000 
4609,2007,143.45,0.191419,150.000000 
4610,2010,144.22,0.199954,150.000000 
4611,2011,144.48,0.187191,150.000000 
4612,2019,146.53,0.182949,150.000000 
4613,2012,144.73,0.148965,150.000000 
4614,2010,144.22,0.178715,150.000000 
4615,1999,141.38,0.187239,150.000000 
4616,2015,145.50,0.234174,150.000000 
4617,2007,143.45,0.166006,150.000000 
4618,2023,147.56,0.200062,150.000000 
4619,2006,143.19,0.132084,150.000000 
4620,2007,143.45,0.204346,150.000000 
4621,2009,143.96,0.200100,150.000000 
4622,2006,143.19,0.191595,150.000000 
4623,2011,144.48,0.204392,150.000000 
4624,2009,143.96,0.183111,150.000000 
4625,2013,144.99,0.191639,150.000000 
4626,2010,144.22,0.174630,150.000000 
4627,2007,143.45,0.187407,150.000000 
4628,2010,144.22,0.200199,150.000000 
4629,2010,144.22,0.187436,150.000000 
4630,2009,143.96,0.187450,150.000000 
4631,1996,140.61,0.191722,150.000000 
4632,2010,144.22,0.247227,150.000000 
4633,2007,143.45,0.187501,150.000000 
4634,2010,144.22,0.200293,150.000000 
4635,2010,144.22,0.187530,150.000000 
4636,2009,143.96,0.187544,150.000000 
4637,2014,145.25,0.191815,150.000000 
4638,2011,144.48,0.170555,150.000000 
4639,2015,145.50,0.183327,150.000000 
4640,2017,146.02,0.166329,150.000000 
4641,2015,145.50,0.157844,150.000000 
4642,2010,144.22,0.166349,150.000000 
4643,2016,145.76,0.187627,150.000000 
4644,1989,138.79,0.162125,150.000000 
4645,2018,146.27,0.277386,150.000000 
4646,2014,145.25,0.153668,150.000000 
4647,2016,145.76,0.170670,150.000000 
4648,2011,144.48,0.162182,150.000000 
4649,2016,145.76,0.183451,150.000000 
4650,2019,146.53,0.162205,150.000000 
4651,2017,146.02,0.149477,150.000000 
4652,2015,145.50,0.157976,150.000000 
4653,2011,144.48,0.166482,150.000000 
4654,2015,145.50,0.183503,150.000000 
4655,2018,146.27,0.166505,150.000000 
4656,2021,147.04,0.153774,150.000000 
4657,2013,144.99,0.141054,150.000000 
4658,2014,145.25,0.175034,150.000000 
4659,2015,145.50,0.170794,150.000000 
4660,2013,144.99,0.166555,150.000000 
4661,2019,146.53,0.175068,150.000000 
4662,2017,146.02,0.149591,150.000000 
4663,2014,145.25,0.158090,150.000000 
4664,2012,144.73,0.170846,150.000000 
4665,2011,144.48,0.179363,150.000000 
4666,2017,146.02,0.183630,150.000000 
4667,2014,145.25,0.158136,150.000000 
4668,2011,144.48,0.170892,150.000000 
4669,2010,144.22,0.183664,150.000000 
4670,2014,145.25,0.187934,150.000000 
4671,2016,145.76,0.170931,150.000000 
4672,2014,145.25,0.162443,150.000000 
4673,2015,145.50,0.170952,150.000000 
4674,1983,137.24,0.166713,150.000000 
4675,2015,145.50,0.303488,150.000000 
4676,2017,146.02,0.166754,150.000000 
4677,2016,145.76,0.158268,150.000000 
4678,2014,145.25,0.162525,150.000000 
4679,2018,146.27,0.171035,150.000000 
4680,2012,144.73,0.154053,150.000000 
4681,2006,143.19,0.179560,150.000000 
4682,2015,145.50,0.205125,150.000000 
4683,2016,145.76,0.166833,150.000000 
4684,2013,144.99,0.162595,150.000000 
4685,2016,145.76,0.175356,150.000000 
4686,2013,144.99,0.162617,150.000000 
4687,2007,143.45,0.175378,150.000000 
4688,2016,145.76,0.200933,150.000000 
4689,2016,145.76,0.162655,150.000000 
4690,2036,150.88,0.162665,150.000000 
4691,2000,141.64,0.078016,150.000000 
4692,2002,142.16,0.230836,150.000000 
4693,2014,145.25,0.222315,150.000000 
4694,2018,146.27,0.171210,150.000000 
4695,2014,145.25,0.154229,150.000000 
4696,2011,144.48,0.171231,150.000000 
4697,2015,145.50,0.184002,150.000000 
4698,2016,145.76,0.167005,150.000000 
4699,2012,144.73,0.162766,150.000000 
4700,2023,147.56,0.179781,150.000000 
4701,2013,144.99,0.133089,150.000000 
4702,2013,144.99,0.175546,150.000000 
4703,2013,144.99,0.175558,150.000000 
4704,2011,144.48,0.175570,150.000000 
4705,2010,144.22,0.184090,150.000000 
4706,2015,145.50,0.188360,150.000000 
4707,2010,144.22,0.167106,150.000000 
4708,2015,145.50,0.188384,150.000000 
4709,2009,143.96,0.167131,150.000000 
4710,2012,144.73,0.192667,150.000000 
4711,2022,147.30,0.179912,150.000000 
4712,2011,144.48,0.137458,150.000000 
4713,2009,143.96,0.184185,150.000000 
4714,2010,144.22,0.192713,150.000000 
4715,2013,144.99,0.188469,150.000000 
4716,2014,145.25,0.175718,150.000000 
4717,2010,144.22,0.171478,150.000000 
4718,2012,144.73,0.188506,150.000000 
4719,2010,144.22,0.180009,150.000000 
4720,2007,143.45,0.188533,150.000000 
4721,2010,144.22,0.201325,150.000000 
4722,2011,144.48,0.188562,150.000000 
4723,2010,144.22,0.184319,150.000000 
4724,2019,146.53,0.188589,150.000000 
4725,2011,144.48,0.150349,150.000000 
4726,2015,145.50,0.184354,150.000000 
4727,2015,145.50,0.167357,150.000000 
4728,2012,144.73,0.167368,150.000000 
4729,2002,142.16,0.180134,150.000000 
4730,2014,145.25,0.222764,150.000000 
4731,2011,144.48,0.171660,150.000000 
4732,2012,144.73,0.184431,150.000000 
4733,2015,145.50,0.180190,150.000000 
4734,2010,144.22,0.167447,150.000000 
4735,2011,144.48,0.188724,150.000000 
4736,2018,146.27,0.184482,150.000000 
4737,2016,145.76,0.154742,150.000000 
4738,2014,145.25,0.163244,150.000000 
4739,2015,145.50,0.171753,150.000000 
4740,2012,144.73,0.167514,150.000000 
4741,2013,144.99,0.180281,150.000000 
4742,2013,144.99,0.176040,150.000000 
4743,2017,146.02,0.176052,150.000000 
4744,2014,145.25,0.159065,150.000000 
4745,2014,145.25,0.171821,150.000000 
4746,2016,145.76,0.171833,150.000000 
4747,2016,145.76,0.163345,150.000000 
4748,2013,144.99,0.163355,150.000000 
4749,2012,144.73,0.176116,150.000000 
4750,2012,144.73,0.180381,150.000000 
4751,2012,144.73,0.180394,150.000000 
4752,2014,145.25,0.180406,150.000000 
4753,2012,144.73,0.171914,150.000000 
4754,2012,144.73,0.180430,150.000000 
4755,2015,145.50,0.180443,150.000000 
4756,2013,144.99,0.167700,150.000000 
4757,2010,144.22,0.176212,150.000000 
4758,2015,145.50,0.188989,150.000000 
4759,2014,145.25,0.167736,150.000000 
4760,2014,145.25,0.171997,150.000000 
4761,2018,146.27,0.172008,150.000000 
4762,2012,144.73,0.155027,150.000000 
4763,2011,144.48,0.180534,150.000000 
4764,2009,143.96,0.184801,150.000000 
4765,2011,144.48,0.193329,150.000000 
4766,2010,144.22,0.184829,150.000000 
4767,2011,144.48,0.189098,150.000000 
4768,2007,143.45,0.184856,150.000000 
4769,2007,143.45,0.201904,150.000000 
4770,2011,144.48,0.201919,150.000000 
4771,2006,143.19,0.184900,150.000000 
4772,2006,143.19,0.206210,150.000000 
4773,2010,144.22,0.206227,150.000000 
4774,2006,143.19,0.189202,150.000000 
4775,2008,143.70,0.206257,150.000000 
4776,2007,143.45,0.197749,150.000000 
4777,2010,144.22,0.202025,150.000000 
4778,2005,142.93,0.189262,150.000000 
4779,2007,143.45,0.210581,150.000000 
4780,2002,142.16,0.202071,150.000000 
4781,2001,141.90,0.223415,150.000000 
4782,2005,142.93,0.227703,150.000000 
4783,2005,142.93,0.210651,150.000000 
4784,2008,143.70,0.210668,150.000000 
4785,2005,142.93,0.197898,150.000000 
4786,2006,143.19,0.210700,150.000000 
4787,2006,143.19,0.206453,150.000000 
4788,2011,144.48,0.206469,150.000000 
4789,2005,142.93,0.185188,150.000000 
4790,1941,126.24,0.210762,150.000000 
4791,2010,144.22,0.486829,150.000000 
4792,2007,143.45,0.189531,150.000000 
4793,2014,145.25,0.202323,150.000000 
4794,2003,142.41,0.172543,150.000000 
4795,2010,144.22,0.219409,150.000000 
4796,2005,142.93,0.189589,150.000000 
4797,2010,144.22,0.210908,150.000000 
4798,2010,144.22,0.189620,150.000000 
4799,2012,144.73,0.189634,150.000000 
4800,2007,143.45,0.181136,150.000000 
4801,2018,146.27,0.202439,150.000000 
4802,2009,143.96,0.155666,150.000000 
4803,2007,143.45,0.193942,150.000000 
4804,2006,143.19,0.202477,150.000000 
4805,2003,142.41,0.206755,150.000000 
4806,2009,143.96,0.219568,150.000000 
4807,2007,143.45,0.194007,150.000000 
4808,2007,143.45,0.202542,150.000000 
4809,2006,143.19,0.202557,150.000000 
4810,2007,143.45,0.206835,150.000000 
4811,2013,144.99,0.202589,150.000000 
4812,2007,143.45,0.177061,150.000000 
4813,2011,144.48,0.202616,150.000000 
4814,2007,143.45,0.185597,150.000000 
4815,2017,146.02,0.202645,150.000000 
4816,2010,144.22,0.160119,150.000000 
4817,2015,145.50,0.189892,150.000000 
4818,2012,144.73,0.168638,150.000000 
4819,2011,144.48,0.181405,150.000000 
4820,2014,145.25,0.185672,150.000000 
4821,2011,144.48,0.172925,150.000000 
4822,2011,144.48,0.185697,150.000000 
4823,2012,144.73,0.185710,150.000000 
4824,2015,145.50,0.181468,150.000000 
4825,2014,145.25,0.168725,150.000000 
4826,2004,142.67,0.172986,150.000000 
4827,2009,143.96,0.215584,150.000000 
4828,2015,145.50,0.194289,150.000000 
4829,2018,146.27,0.168779,150.000000 
4830,2011,144.48,0.156047,150.000000 
4831,2016,145.76,0.185809,150.000000 
4832,2014,145.25,0.164562,150.000000 
4833,2027,148.58,0.173072,150.000000 
4834,2010,144.22,0.117946,150.000000 
4835,2014,145.25,0.190103,150.000000 
4836,2016,145.76,0.173100,150.000000 
4837,2013,144.99,0.164612,150.000000 
4838,2007,143.45,0.177374,150.000000 
4839,2016,145.76,0.202929,150.000000 
4840,2014,145.25,0.164650,150.000000 
4841,2014,145.25,0.173159,150.000000 
4842,2015,145.50,0.173171,150.000000 
4843,2026,148.32,0.168931,150.000000 
4844,2014,145.25,0.122288,150.000000 
4845,2013,144.99,0.173197,150.000000 
4846,2006,143.19,0.177460,150.000000 
4847,2000,141.64,0.207277,150.000000 
4848,2018,146.27,0.232900,150.000000 
4849,2014,145.25,0.156263,150.000000 
4850,2016,145.76,0.173265,150.000000 
4851,2009,143.96,0.164777,150.000000 
4852,2013,144.99,0.194561,150.000000 
4853,2015,145.50,0.177552,150.000000 
4854,2012,144.73,0.169062,150.000000 
4855,2016,145.76,0.181828,150.000000 
4856,2017,146.02,0.164836,150.000000 
4857,2014,145.25,0.160599,150.000000 
4858,2011,144.48,0.173355,150.000000 
4859,2017,146.02,0.186127,150.000000 
4860,2015,145.50,0.160633,150.000000 
4861,2000,141.64,0.169139,150.000000 
4862,2011,144.48,0.233064,150.000000 
4863,2015,145.50,0.186180,150.000000 
4864,2030,149.35,0.169182,150.000000 
4865,2017,146.02,0.105619,150.000000 
4866,2016,145.76,0.160698,150.000000 
4867,2020,146.79,0.164955,150.000000 
4868,2014,145.25,0.147985,150.000000 
4869,2018,146.27,0.173472,150.000000 
4870,2017,146.02,0.156491,150.000000 
4871,2012,144.73,0.160746,150.000000 
4872,2017,146.02,0.182007,150.000000 
4873,2018,146.27,0.160768,150.000000 
4874,2015,145.50,0.156531,150.000000 
4875,2013,144.99,0.169282,150.000000 
4876,2018,146.27,0.177795,150.000000 
4877,2011,144.48,0.156563,150.000000 
4878,2015,145.50,0.186324,150.000000 
4879,2017,146.02,0.169327,150.000000 
4880,2016,145.76,0.160841,150.000000 
4881,2014,145.25,0.165098,150.000000 
4882,2005,142.93,0.173608,150.000000 
4883,2001,141.90,0.211941,150.000000 
4884,2013,144.99,0.229029,150.000000 
4885,2016,145.76,0.177907,150.000000 
4886,2007,143.45,0.165168,150.000000 
4887,2015,145.50,0.203472,150.000000 
4888,2011,144.48,0.169442,150.000000 
4889,2015,145.50,0.186464,150.000000 
4890,2015,145.50,0.169466,150.000000 
4891,2014,145.25,0.169477,150.000000 
4892,2011,144.48,0.173738,150.000000 
4893,2016,145.76,0.186509,150.000000 
4894,2011,144.48,0.165263,150.000000 
4895,2012,144.73,0.186533,150.000000 
4896,2012,144.73,0.182291,150.000000 
4897,2021,147.04,0.182303,150.000000 
4898,2013,144.99,0.144090,150.000000 
4899,2015,145.50,0.178069,150.000000 
4900,2080,162.01,0.169579,150.000000 
4901,2015,145.50,-0.103434,150.000000 
4902,2016,145.76,0.169561,150.000000 
4903,2019,146.53,0.165323,150.000000 
4904,2015,145.50,0.152596,150.000000 
4905,2014,145.25,0.169590,150.000000 
4906,2014,145.25,0.173851,150.000000 
4907,2014,145.25,0.173863,150.000000 
4908,2013,144.99,0.173874,150.000000 
4909,2015,145.50,0.178137,150.000000 
4910,2010,144.22,0.169647,150.000000 
4911,1990,139.05,0.190925,150.000000 
4912,2011,144.48,0.276386,150.000000 
4913,2014,145.25,0.186708,150.000000 
4914,2011,144.48,0.173961,150.000000 
4915,2014,145.25,0.186732,150.000000 
4916,2006,143.19,0.173985,150.000000 
4917,2010,144.22,0.208054,150.000000 
4918,2023,147.56,0.191029,150.000000 
4919,2009,143.96,0.135827,150.000000 
4920,2010,144.22,0.195307,150.000000 
4921,2006,143.19,0.191063,150.000000 
4922,2039,151.64,0.208118,150.000000 
4923,2005,142.93,0.068272,150.000000 
4924,2002,142.16,0.212394,150.000000 
4925,2006,143.19,0.225212,150.000000 
4926,2013,144.99,0.208166,150.000000 
4927,2009,143.96,0.178376,150.000000 
4928,2009,143.96,0.195411,150.000000 
4929,2006,143.19,0.195425,150.000000 
4930,2006,143.19,0.208223,150.000000 
4931,2009,143.96,0.208239,150.000000 
4932,2014,145.25,0.195472,150.000000 
4933,1984,137.50,0.174212,150.000000 
4934,2015,145.50,0.302439,150.000000 
4935,2013,144.99,0.170002,150.000000 
4936,2014,145.25,0.178515,150.000000 
4937,2006,143.19,0.174275,150.000000 
4938,2015,145.50,0.208344,150.000000 
4939,2015,145.50,0.170053,150.000000 
4940,2019,146.53,0.170063,150.000000 
4941,2032,149.86,0.153087,150.000000 
4942,2013,144.99,0.098057,150.000000 
4943,2015,145.50,0.178585,150.000000 
4944,2033,150.11,0.170094,150.000000 
4945,2000,141.64,0.093857,150.000000 
4946,2014,145.25,0.234020,150.000000 
4947,2015,145.50,0.174375,150.000000 
4948,2009,143.96,0.170136,150.000000 
4949,2012,144.73,0.195672,150.000000 
4950,2011,144.48,0.182917,150.000000 
4951,2011,144.48,0.187184,150.000000 
4952,2010,144.22,0.187197,150.000000 
4953,2020,146.79,0.191467,150.000000 
4954,2012,144.73,0.148984,150.000000 
4955,2012,144.73,0.182977,150.000000 
4956,2013,144.99,0.182990,150.000000 
4957,2010,144.22,0.178749,150.000000 
4958,2013,144.99,0.191525,150.000000 
4959,2016,145.76,0.178774,150.000000 
4960,1994,140.09,0.166035,150.000000 
4961,2013,144.99,0.259870,150.000000 
4962,2015,145.50,0.178820,150.000000 
4963,2010,144.22,0.170329,150.000000 
4964,2011,144.48,0.191607,150.000000 
4965,1990,139.05,0.187365,150.000000 
4966,2007,143.45,0.277081,150.000000 
4967,2013,144.99,0.204439,150.000000 
4968,2011,144.48,0.178911,150.000000 
4969,2017,146.02,0.187431,150.000000 
4970,2009,143.96,0.161938,150.000000 
4971,2010,144.22,0.195968,150.000000 
4972,2007,143.45,0.191725,150.000000 
4973,2007,143.45,0.204517,150.000000 
4974,2010,144.22,0.204532,150.000000 
4975,2009,143.96,0.191770,150.000000 
4976,2009,143.96,0.196041,150.000000 
4977,2011,144.48,0.196056,150.000000 
4978,2009,143.96,0.187556,150.000000 
4979,2005,142.93,0.196083,150.000000 
4980,2004,142.67,0.213145,150.000000 
4981,1999,141.38,0.217427,150.000000 
4982,2013,144.99,0.238795,150.000000 
4983,2005,142.93,0.179130,150.000000 
4984,2011,144.48,0.213211,150.000000 
4985,2007,143.45,0.187667,150.000000 
4986,2006,143.19,0.204715,150.000000 
4987,2007,143.45,0.208993,150.000000 
4988,2015,145.50,0.204746,150.000000 
4989,2007,143.45,0.170716,150.000000 
4990,2006,143.19,0.204773,150.000000 
4991,2005,142.93,0.209051,150.000000 
4992,2007,143.45,0.213331,150.000000 
4993,2009,143.96,0.204821,150.000000 
4994,2009,143.96,0.196316,150.000000 
4995,1993,139.83,0.196331,150.000000 
4996,2005,142.93,0.264679,150.000000 
4997,2010,144.22,0.213416,150.000000 
4998,2005,142.93,0.192128,150.000000 
4999,2007,143.45,0.213447,150.000000 
5000,2012,144.73,0.204937,150.000000 
5001,2009,143.96,0.183663,150.000000 
5002,2005,142.93,0.196445,150.000000 
5003,2021,147.04,0.213506,150.000000 
5004,2010,144.22,0.145480,150.000000 
5005,2017,146.02,0.192225,150.000000 
5006,2015,145.50,0.162476,150.000000 
5007,2013,144.99,0.170981,150.000000 
5008,2012,144.73,0.179494,150.000000 
5009,2011,144.48,0.183760,150.000000 
5010,2014,145.25,0.188027,150.000000 
5011,2014,145.25,0.175280,150.000000 
5012,2014,145.25,0.175291,150.000000 
5013,2015,145.50,0.175303,150.000000 
5014,2018,146.27,0.171063,150.000000 
5015,2014,145.25,0.158332,150.000000 
5016,2018,146.27,0.175333,150.000000 
5017,2017,146.02,0.158352,150.000000 
5018,2027,148.58,0.162607,150.000000 
5019,2019,146.53,0.120226,150.000000 
5020,2020,146.79,0.154130,150.000000 
5021,2013,144.99,0.149895,150.000000 
5022,2012,144.73,0.179634,150.000000 
5023,2016,145.76,0.183900,150.000000 
5024,2014,145.25,0.166907,150.000000 
5025,2002,142.16,0.175417,150.000000 
5026,2032,149.86,0.226551,150.000000 
5027,2013,144.99,0.099172,150.000000 
5028,2025,148.07,0.179699,150.000000 
5029,2015,145.50,0.128788,150.000000 
5030,2018,146.27,0.171213,150.000000 
5031,2014,145.25,0.158482,150.000000 
5032,2015,145.50,0.175483,150.000000 
5033,2007,143.45,0.171244,150.000000 
5034,2012,144.73,0.205300,150.000000 
5035,2015,145.50,0.184026,150.000000 
5036,2011,144.48,0.171283,150.000000 
5037,2011,144.48,0.188304,150.000000 
5038,2012,144.73,0.188317,150.000000 
5039,2010,144.22,0.184076,150.000000 
5040,1981,136.72,0.192599,150.000000 
5041,2009,143.96,0.316709,150.000000 
5042,2007,143.45,0.196903,150.000000 
5043,2011,144.48,0.205438,150.000000 
5044,2003,142.41,0.188418,150.000000 
5045,2007,143.45,0.222525,150.000000 
5046,2007,143.45,0.205484,150.000000 
5047,2011,144.48,0.205500,150.000000 
5048,2010,144.22,0.188481,150.000000 
5049,2010,144.22,0.192750,150.000000 
5050,2010,144.22,0.192764,150.000000 
5051,2012,144.73,0.192778,150.000000 
5052,2010,144.22,0.184280,150.000000 
5053,2012,144.73,0.192804,150.000000 
5054,2012,144.73,0.184306,150.000000 
5055,2009,143.96,0.184319,150.000000 
5056,2012,144.73,0.197101,150.000000 
5057,2009,143.96,0.184346,150.000000 
5058,2011,144.48,0.197128,150.000000 
5059,2011,144.48,0.188628,150.000000 
5060,2037,151.13,0.188641,150.000000 
5061,2010,144.22,0.078518,150.000000 
5062,1977,135.68,0.192908,150.000000 
5063,2011,144.48,0.334234,150.000000 
5064,2015,145.50,0.188699,150.000000 
5065,2011,144.48,0.171702,150.000000 
5066,2010,144.22,0.188723,150.000000 
5067,2018,146.27,0.192992,150.000000 
5068,2000,141.64,0.158997,150.000000 
5069,2011,144.48,0.235663,150.000000 
5070,2009,143.96,0.188779,150.000000 
5071,2012,144.73,0.197306,150.000000 
5072,2012,144.73,0.184551,150.000000 
5073,2007,143.45,0.184564,150.000000 
5074,2011,144.48,0.205866,150.000000 
5075,2011,144.48,0.188847,150.000000 
5076,2013,144.99,0.188860,150.000000 
5077,2007,143.45,0.180365,150.000000 
5078,2013,144.99,0.205920,150.000000 
5079,1996,140.61,0.180392,150.000000 
5080,2006,143.19,0.252918,150.000000 
5081,2014,145.25,0.210232,150.000000 
5082,2010,144.22,0.176191,150.000000 
5083,2011,144.48,0.193219,150.000000 
5084,2015,145.50,0.188976,150.000000 
5085,2018,146.27,0.171978,150.000000 
5086,2011,144.48,0.159247,150.000000 
5087,2014,145.25,0.189009,150.000000 
5088,2002,142.16,0.176262,150.000000 
5089,2011,144.48,0.227396,150.000000 
5090,2011,144.48,0.189052,150.000000 
5091,2014,145.25,0.189065,150.000000 
5092,2012,144.73,0.176318,150.000000 
5093,2011,144.48,0.184834,150.000000 
5094,2011,144.48,0.189102,150.000000 
5095,2010,144.22,0.189115,150.000000 
5096,2015,145.50,0.193385,150.000000 
5097,2015,145.50,0.172131,150.000000 
5098,2013,144.99,0.172142,150.000000 
5099,2011,144.48,0.180655,150.000000 
5100,2022,147.30,0.189175,150.000000 
5101,2032,149.86,0.142467,150.000000 
5102,2014,145.25,0.100159,150.000000 
5103,2017,146.02,0.176435,150.000000 
5104,2045,153.17,0.163700,150.000000 
5105,2016,145.76,0.045398,150.000000 
5106,2011,144.48,0.167949,150.000000 
5107,2015,145.50,0.189218,150.000000 
5108,2047,153.68,0.172221,150.000000 
5109,2013,144.99,0.037019,150.000000 
5110,2013,144.99,0.180725,150.000000 
5111,2013,144.99,0.180737,150.000000 
5112,2014,145.25,0.180749,150.000000 
5113,2014,145.25,0.176509,150.000000 
5114,2013,144.99,0.176520,150.000000 
5115,2012,144.73,0.180784,150.000000 
5116,2010,144.22,0.185049,150.000000 
5117,2014,145.25,0.193573,150.000000 
5118,2011,144.48,0.176570,150.000000 
5119,2012,144.73,0.189341,150.000000 
5120,2014,145.25,0.185100,150.000000 
5121,2015,145.50,0.176607,150.000000 
5122,2014,145.25,0.172368,150.000000 
5123,2018,146.27,0.176629,150.000000 
5124,2017,146.02,0.159648,150.000000 
5125,2015,145.50,0.163902,150.000000 
5126,2015,145.50,0.172408,150.000000 
5127,2014,145.25,0.172419,150.000000 
5128,2016,145.76,0.176680,150.000000 
5129,2010,144.22,0.168192,150.000000 
5130,2006,143.19,0.193718,150.000000 
5131,2017,146.02,0.210773,150.000000 
5132,2015,145.50,0.163985,150.000000 
5133,2014,145.25,0.172490,150.000000 
5134,2014,145.25,0.176751,150.000000 
5135,2015,145.50,0.176763,150.000000 
5136,2014,145.25,0.172524,150.000000 
5137,1989,138.79,0.176785,150.000000 
5138,2021,147.04,0.283548,150.000000 
5139,2015,145.50,0.147102,150.000000 
5140,2016,145.76,0.172579,150.000000 
5141,2016,145.76,0.168341,150.000000 
5142,2017,146.02,0.168351,150.000000 
5143,2015,145.50,0.164114,150.000000 
5144,2014,145.25,0.172620,150.000000 
5145,2019,146.53,0.176881,150.000000 
5146,2015,145.50,0.155655,150.000000 
5147,2014,145.25,0.172650,150.000000 
5148,2014,145.25,0.176911,150.000000 
5149,2026,148.32,0.176922,150.000000 
5150,2010,144.22,0.126029,150.000000 
5151,2011,144.48,0.193954,150.000000 
5152,2011,144.48,0.189711,150.000000 
5153,2014,145.25,0.189725,150.000000 
5154,2010,144.22,0.176978,150.000000 
5155,2010,144.22,0.194006,150.000000 
5156,2003,142.41,0.194019,150.000000 
5157,2011,144.48,0.223871,150.000000 
5158,2010,144.22,0.189795,150.000000 
5159,2010,144.22,0.194064,150.000000 
5160,2002,142.16,0.194078,150.000000 
5161,2005,142.93,0.228198,150.000000 
5162,1986,138.02,0.215415,150.000000 
5163,2010,144.22,0.296737,150.000000 
5164,2007,143.45,0.194156,150.000000 
5165,2011,144.48,0.206948,150.000000 
5166,2013,144.99,0.189929,150.000000 
5167,2011,144.48,0.181433,150.000000 
5168,2011,144.48,0.189954,150.000000 
5169,2011,144.48,0.189967,150.000000 
5170,2012,144.73,0.189980,150.000000 
5171,2015,145.50,0.185738,150.000000 
5172,2010,144.22,0.172995,150.000000 
5173,2015,145.50,0.194273,150.000000 
5174,2012,144.73,0.173019,150.000000 
5175,2010,144.22,0.185786,150.000000 
5176,2013,144.99,0.194310,150.000000 
5177,2016,145.76,0.181559,150.000000 
5178,2013,144.99,0.168819,150.000000 
5179,2012,144.73,0.181581,150.000000 
5180,2012,144.73,0.185846,150.000000 
5181,2011,144.48,0.185859,150.000000 
5182,2015,145.50,0.190126,150.000000 
5183,2014,145.25,0.173128,150.000000 
5184,2011,144.48,0.177390,150.000000 
5185,2004,142.67,0.190161,150.000000 
5186,2013,144.99,0.220001,150.000000 
5187,2015,145.50,0.181683,150.000000 
5188,2012,144.73,0.173193,150.000000 
5189,2010,144.22,0.185959,150.000000 
5190,2014,145.25,0.194483,150.000000 
5191,2013,144.99,0.177480,150.000000 
5192,2014,145.25,0.181744,150.000000 
5193,2014,145.25,0.177504,150.000000 
5194,2018,146.27,0.177515,150.000000 
5195,2014,145.25,0.160534,150.000000 
5196,2014,145.25,0.177535,150.000000 
5197,2014,145.25,0.177546,150.000000 
5198,2015,145.50,0.177558,150.000000 
5199,2013,144.99,0.173319,150.000000 
5200,2013,144.99,0.181832,150.000000 
5201,2015,145.50,0.181843,150.000000 
5202,2013,144.99,0.173353,150.000000 
5203,2011,144.48,0.181866,150.000000 
5204,2009,143.96,0.190386,150.000000 
5205,2014,145.25,0.198914,150.000000 
5206,2012,144.73,0.177654,150.000000 
5207,2014,145.25,0.186170,150.000000 
5208,2016,145.76,0.177677,150.000000 
5209,2013,144.99,0.169189,150.000000 
5210,2014,145.25,0.181951,150.000000 
5211,2012,144.73,0.177711,150.000000 
5212,2007,143.45,0.186227,150.000000 
5213,2014,145.25,0.207530,150.000000 
5214,2009,143.96,0.177750,150.000000 
5215,1951,128.87,0.199036,150.000000 
5216,2011,144.48,0.448605,150.000000 
5217,2010,144.22,0.190586,150.000000 
5218,2013,144.99,0.194856,150.000000 
5219,2016,145.76,0.182105,150.000000 
5220,2017,146.02,0.169366,150.000000 
5221,2015,145.50,0.165128,150.000000 
5222,2015,145.50,0.173634,150.000000 
5223,2015,145.50,0.173645,150.000000 
5224,2016,145.76,0.173655,150.000000 
5225,2012,144.73,0.169417,150.000000 
5226,2016,145.76,0.186432,150.000000 
5227,2014,145.25,0.169440,150.000000 
5228,2010,144.22,0.177949,150.000000 
5229,2016,145.76,0.194977,150.000000 
5230,2017,146.02,0.169475,150.000000 
5231,2017,146.02,0.165238,150.000000 
5232,2013,144.99,0.165247,150.000000 
5233,2013,144.99,0.182255,150.000000 
5234,1999,141.38,0.182267,150.000000 
5235,2005,142.93,0.241965,150.000000 
5236,2013,144.99,0.216369,150.000000 
5237,2018,146.27,0.182316,150.000000 
5238,2015,145.50,0.161084,150.000000 
5239,2015,145.50,0.173835,150.000000 
5240,2016,145.76,0.173845,150.000000 
5241,2018,146.27,0.169607,150.000000 
5242,2019,146.53,0.161124,150.000000 
5243,2021,147.04,0.156889,150.000000 
5244,2016,145.76,0.148413,150.000000 
5245,2019,146.53,0.169641,150.000000 
5246,2020,146.79,0.156914,150.000000 
5247,2020,146.79,0.152679,150.000000 
5248,2019,146.53,0.152687,150.000000 
5249,2016,145.76,0.156938,150.000000 
5250,2005,142.93,0.169683,150.000000 
5251,2020,146.79,0.216514,150.000000 
5252,2017,146.02,0.152730,150.000000 
5253,2020,146.79,0.165471,150.000000 
5254,2010,144.22,0.152747,150.000000 
5255,2021,147.04,0.195251,150.000000 
5256,2017,146.02,0.148527,150.000000 
5257,2014,145.25,0.165508,150.000000 
5258,2015,145.50,0.178265,150.000000 
5259,2014,145.25,0.174025,150.000000 
5260,2019,146.53,0.178287,150.000000 
5261,2017,146.02,0.157061,150.000000 
5262,2047,153.68,0.165559,150.000000 
5263,2016,145.76,0.038853,150.000000 
5264,2013,144.99,0.169808,150.000000 
5265,2009,143.96,0.182569,150.000000 
5266,2009,143.96,0.199603,150.000000 
5267,2012,144.73,0.199618,150.000000 
5268,2014,145.25,0.186863,150.000000 
5269,2011,144.48,0.178370,150.000000 
5270,2014,145.25,0.191142,150.000000 
5271,2007,143.45,0.178395,150.000000 
5272,2010,144.22,0.208201,150.000000 
5273,2009,143.96,0.195438,150.000000 
5274,2013,144.99,0.199710,150.000000 
5275,2017,146.02,0.182701,150.000000 
5276,2013,144.99,0.165715,150.000000 
5277,2000,141.64,0.182723,150.000000 
5278,2011,144.48,0.238147,150.000000 
5279,2013,144.99,0.191263,150.000000 
5280,2011,144.48,0.182768,150.000000 
5281,2020,146.79,0.191288,150.000000 
5282,2015,145.50,0.153061,150.000000 
5283,2011,144.48,0.174298,150.000000 
5284,2011,144.48,0.191319,150.000000 
5285,2013,144.99,0.191333,150.000000 
5286,2011,144.48,0.182837,150.000000 
5287,2013,144.99,0.191358,150.000000 
5288,2016,145.76,0.182862,150.000000 
5289,2013,144.99,0.170123,150.000000 
5290,2011,144.48,0.182884,150.000000 
5291,2011,144.48,0.191405,150.000000 
5292,2013,144.99,0.191418,150.000000 
5293,2010,144.22,0.182923,150.000000 
5294,2013,144.99,0.195699,150.000000 
5295,2013,144.99,0.182948,150.000000 
5296,2013,144.99,0.182960,150.000000 
5297,2009,143.96,0.182972,150.000000 
5298,2012,144.73,0.200007,150.000000 
5299,1872,107.83,0.187252,150.000000 
5300,2003,142.41,0.797702,150.000000 
5301,2014,145.25,0.225714,150.000000 
5302,2010,144.22,0.178877,150.000000 
5303,2011,144.48,0.195905,150.000000 
5304,1999,141.38,0.191663,150.000000 
5305,2019,146.53,0.242853,150.000000 
5306,2012,144.73,0.157699,150.000000 
5307,2013,144.99,0.187450,150.000000 
5308,2016,145.76,0.183209,150.000000 
5309,2010,144.22,0.170470,150.000000 
5310,2013,144.99,0.195996,150.000000 
5311,2014,145.25,0.183245,150.000000 
5312,2012,144.73,0.179005,150.000000 
5313,2016,145.76,0.187521,150.000000 
5314,2012,144.73,0.170529,150.000000 
5315,2009,143.96,0.187544,150.000000 
5316,2015,145.50,0.200326,150.000000 
5317,2013,144.99,0.174815,150.000000 
5318,2016,145.76,0.183328,150.000000 
5319,2000,141.64,0.170589,150.000000 
5320,2009,143.96,0.238763,150.000000 
5321,2018,146.27,0.200393,150.000000 
5322,2011,144.48,0.162140,150.000000 
5323,2017,146.02,0.191901,150.000000 
5324,2014,145.25,0.166408,150.000000 
5325,2017,146.02,0.179164,150.000000 
5326,2014,145.25,0.166428,150.000000 
5327,2011,144.48,0.179185,150.000000 
5328,2013,144.99,0.191956,150.000000 
5329,2007,143.45,0.183461,150.000000 
5330,2014,145.25,0.209016,150.000000 
5331,2000,141.64,0.179237,150.000000 
5332,2018,146.27,0.238912,150.000000 
5333,2016,145.76,0.162275,150.000000 
5334,2016,145.76,0.170777,150.000000 
5335,2003,142.41,0.170787,150.000000 
5336,2015,145.50,0.226151,150.000000 
5337,2021,147.04,0.175064,150.000000 
5338,2017,146.02,0.149605,150.000000 
5339,2016,145.76,0.166586,150.000000 
5340,2014,145.25,0.170843,150.000000 
5341,2019,146.53,0.179352,150.000000 
5342,2019,146.53,0.158127,150.000000 
5343,2018,146.27,0.158135,150.000000 
5344,2019,146.53,0.162387,150.000000 
5345,2017,146.02,0.158152,150.000000 
5346,2011,144.48,0.166650,150.000000 
5347,2023,147.56,0.192167,150.000000 
5348,2014,145.25,0.141221,150.000000 
5349,2012,144.73,0.179425,150.000000 
5350,2019,146.53,0.187942,150.000000 
5351,2018,146.27,0.158212,150.000000 
5352,2019,146.53,0.162465,150.000000 
5353,2020,146.79,0.158230,150.000000 
5354,2011,144.48,0.153995,150.000000 
5355,2014,145.25,0.192242,150.000000 
5356,2016,145.76,0.179495,150.000000 
5357,2016,145.76,0.171007,150.000000 
5358,2018,146.27,0.171017,150.000000 
5359,2018,146.27,0.162534,150.000000 
5360,2043,152.66,0.162543,150.000000 
5361,2018,146.27,0.056899,150.000000 
5362,2015,145.50,0.162546,150.000000 
5363,2016,145.76,0.175297,150.000000 
5364,2018,146.27,0.171059,150.000000 
5365,2022,147.30,0.162575,150.000000 
5366,2015,145.50,0.145616,150.000000 
5367,2021,147.04,0.175333,150.000000 
5368,2016,145.76,0.149873,150.000000 
5369,2018,146.27,0.171102,150.000000 
5370,2018,146.27,0.162618,150.000000 
5371,2017,146.02,0.162627,150.000000 
5372,2029,149.09,0.166882,150.000000 
5373,2017,146.02,0.116042,150.000000 
5374,2017,146.02,0.166894,150.000000 
5375,2017,146.02,0.166903,150.000000 
5376,2018,146.27,0.166913,150.000000 
5377,2016,145.76,0.162676,150.000000 
5378,2017,146.02,0.171178,150.000000 
5379,2016,145.76,0.166941,150.000000 
5380,2032,149.86,0.171198,150.000000 
5381,2017,146.02,0.103432,150.000000 
5382,2021,147.04,0.166961,150.000000 
5383,2021,147.04,0.149996,150.000000 
5384,2015,145.50,0.150003,150.000000 
5385,2015,145.50,0.175481,150.000000 
5386,2014,145.25,0.175491,150.000000 
5387,2010,144.22,0.179752,150.000000 
5388,2017,146.02,0.196780,150.000000 
5389,2017,146.02,0.167031,150.000000 
5390,2015,145.50,0.167040,150.000000 
5391,2014,145.25,0.175546,150.000000 
5392,2015,145.50,0.179807,150.000000 
5393,2014,145.25,0.175568,150.000000 
5394,2014,145.25,0.179829,150.000000 
5395,2009,143.96,0.179840,150.000000 
5396,2014,145.25,0.201126,150.000000 
5397,2014,145.25,0.179866,150.000000 
5398,2014,145.25,0.179877,150.000000 
5399,2014,145.25,0.179889,150.000000 
5400,2018,146.27,0.179900,150.000000 
5401,2021,147.04,0.162919,150.000000 
5402,2014,145.25,0.150199,150.000000 
5403,2015,145.50,0.179927,150.000000 
5404,2015,145.50,0.175688,150.000000 
5405,2013,144.99,0.175699,150.000000 
5406,2015,145.50,0.184212,150.000000 
5407,2002,142.16,0.175721,150.000000 
5408,2012,144.73,0.231105,150.000000 
5409,2014,145.25,0.188507,150.000000 
5410,2015,145.50,0.180014,150.000000 
5411,2014,145.25,0.175775,150.000000 
5412,2021,147.04,0.180036,150.000000 
5413,2016,145.76,0.150326,150.000000 
5414,2015,145.50,0.171555,150.000000 
5415,2018,146.27,0.175814,150.000000 
5416,2013,144.99,0.163082,150.000000 
5417,1974,134.89,0.184336,150.000000 
5418,2017,146.02,0.351354,150.000000 
5419,2026,148.32,0.167385,150.000000 
5420,2017,146.02,0.129237,150.000000 
5421,2018,146.27,0.167398,150.000000 
5422,2017,146.02,0.163162,150.000000 
5423,2017,146.02,0.167417,150.000000 
5424,2018,146.27,0.167426,150.000000 
5425,2017,146.02,0.163190,150.000000 
5426,2015,145.50,0.167445,150.000000 
5427,2005,142.93,0.175950,150.000000 
5428,2016,145.76,0.218533,150.000000 
5429,2015,145.50,0.171729,150.000000 
5430,2019,146.53,0.175988,150.000000 
5431,2013,144.99,0.159012,150.000000 
5432,2037,151.13,0.184509,150.000000 
5433,2015,145.50,0.082894,150.000000 
5434,2014,145.25,0.176016,150.000000 
5435,2018,146.27,0.180277,150.000000 
5436,2022,147.30,0.163296,150.000000 
5437,2000,141.64,0.146336,150.000000 
5438,2018,146.27,0.239968,150.000000 
5439,2016,145.76,0.163331,150.000000 
5440,2018,146.27,0.171833,150.000000 
5441,2015,145.50,0.163350,150.000000 
5442,2014,145.25,0.176101,150.000000 
5443,2013,144.99,0.180362,150.000000 
5444,2012,144.73,0.184625,150.000000 
5445,2017,146.02,0.188891,150.000000 
5446,1995,140.35,0.167651,150.000000 
5447,2016,145.76,0.261452,150.000000 
5448,2017,146.02,0.171931,150.000000 
5449,2018,146.27,0.167694,150.000000 
5450,2018,146.27,0.163457,150.000000 
5451,2021,147.04,0.163466,150.000000 
5452,2018,146.27,0.150747,150.000000 
5453,2016,145.76,0.163482,150.000000 
5454,2031,149.60,0.171984,150.000000 
5455,2022,147.30,0.108443,150.000000 
5456,2017,146.02,0.146534,150.000000 
5457,2016,145.76,0.167754,150.000000 
5458,2002,142.16,0.172011,150.000000 
5459,2023,147.56,0.231643,150.000000 
5460,2016,145.76,0.142340,150.000000 
5461,2018,146.27,0.172046,150.000000 
5462,2018,146.27,0.163562,150.000000 
5463,2016,145.76,0.163571,150.000000 
5464,2017,146.02,0.172073,150.000000 
5465,2021,147.04,0.167836,150.000000 
5466,2017,146.02,0.150871,150.000000 
5467,2032,149.86,0.167853,150.000000 
5468,2018,146.27,0.104334,150.000000 
5469,2016,145.76,0.163617,150.000000 
5470,2016,145.76,0.172119,150.000000 
5471,2011,144.48,0.172129,150.000000 
5472,2032,149.86,0.193398,150.000000 
5473,2016,145.76,0.104376,150.000000 
5474,2017,146.02,0.172152,150.000000 
5475,2018,146.27,0.167915,150.000000 
5476,2013,144.99,0.163679,150.000000 
5477,2017,146.02,0.184932,150.000000 
5478,2019,146.53,0.167945,150.000000 
5479,2016,145.76,0.159465,150.000000 
5480,2041,152.15,0.172210,150.000000 
5481,2015,145.50,0.066491,150.000000 
5482,2017,146.02,0.176464,150.000000 
5483,2016,145.76,0.167979,150.000000 
5484,2010,144.22,0.172235,150.000000 
5485,2011,144.48,0.197762,150.000000 
5486,2013,144.99,0.193519,150.000000 
5487,2016,145.76,0.185024,150.000000 
5488,2012,144.73,0.172284,150.000000 
5489,1986,138.02,0.189299,150.000000 
5490,2013,144.99,0.300432,150.000000 
5491,2018,146.27,0.185087,150.000000 
5492,2009,143.96,0.163854,150.000000 
5493,2019,146.53,0.202130,150.000000 
5494,2039,151.64,0.159633,150.000000 
5495,2015,145.50,0.075073,150.000000 
5496,2017,146.02,0.176624,150.000000 
5497,2014,145.25,0.168138,150.000000 
5498,2012,144.73,0.180894,150.000000 
5499,2016,145.76,0.189411,150.000000 
5500,2016,145.76,0.172419,150.000000 
5501,2014,145.25,0.172429,150.000000 
5502,2018,146.27,0.180938,150.000000 
5503,2015,145.50,0.163957,150.000000 
5504,2023,147.56,0.176708,150.000000 
5505,1996,140.61,0.142770,150.000000 
5506,2015,145.50,0.257741,150.000000 
5507,2015,145.50,0.176747,150.000000 
5508,2018,146.27,0.176758,150.000000 
5509,2017,146.02,0.164026,150.000000 
5510,2010,144.22,0.168281,150.000000 
5511,2016,145.76,0.198054,150.000000 
5512,2016,145.76,0.172552,150.000000 
5513,2033,150.11,0.172562,150.000000 
5514,2014,145.25,0.100573,150.000000 
5515,2014,145.25,0.181071,150.000000 
5516,2015,145.50,0.181082,150.000000 
5517,2032,149.86,0.176843,150.000000 
5518,2011,144.48,0.104829,150.000000 
5519,2013,144.99,0.193865,150.000000 
5520,2025,148.07,0.185369,150.000000 
5521,2003,142.41,0.134458,150.000000 
5522,2015,145.50,0.227988,150.000000 
5523,2016,145.76,0.176902,150.000000 
5524,2019,146.53,0.172664,150.000000 
5525,2011,144.48,0.159936,150.000000 
5526,2017,146.02,0.193941,150.000000 
5527,2012,144.73,0.168448,150.000000 
5528,2014,145.25,0.189709,150.000000 
5529,2015,145.50,0.181216,150.000000 
5530,2090,164.51,0.176977,150.000000 
5531,2011,144.48,-0.137472,150.000000 
5532,2006,143.19,0.193964,150.000000 
5533,2010,144.22,0.215275,150.000000 
5534,2011,144.48,0.198250,150.000000 
5535,2009,143.96,0.194007,150.000000 
5536,2013,144.99,0.202535,150.000000 
5537,2002,142.16,0.185526,150.000000 
5538,2010,144.22,0.232409,150.000000 
5539,2009,143.96,0.198322,150.000000 
5540,2009,143.96,0.202593,150.000000 
5541,2008,143.70,0.202608,150.000000 
5542,2015,145.50,0.206882,150.000000 
5543,2010,144.22,0.177112,150.000000 
5544,2032,149.86,0.198390,150.000000 
5545,2006,143.19,0.105112,150.000000 
5546,2004,142.67,0.215445,150.000000 
5547,2006,143.19,0.223991,150.000000 
5548,2017,146.02,0.215478,150.000000 
5549,2019,146.53,0.168690,150.000000 
5550,2003,142.41,0.160210,150.000000 
5551,2011,144.48,0.228309,150.000000 
5552,2010,144.22,0.194233,150.000000 
5553,2012,144.73,0.198503,150.000000 
5554,2015,145.50,0.190005,150.000000 
5555,2014,145.25,0.177262,150.000000 
5556,2011,144.48,0.181523,150.000000 
5557,2014,145.25,0.194294,150.000000 
5558,2015,145.50,0.181547,150.000000 
5559,2014,145.25,0.177308,150.000000 
5560,2023,147.56,0.181569,150.000000 
5561,2015,145.50,0.143382,150.000000 
5562,2019,146.53,0.177336,150.000000 
5563,1986,138.02,0.160360,150.000000 
5564,2016,145.76,0.301231,150.000000 
5565,2014,145.25,0.173135,150.000000 
5566,2014,145.25,0.181644,150.000000 
5567,2014,145.25,0.181655,150.000000 
5568,2018,146.27,0.181667,150.000000 
5569,2017,146.02,0.164685,150.000000 
5570,2016,145.76,0.168940,150.000000 
5571,2014,145.25,0.173197,150.000000 
5572,2018,146.27,0.181706,150.000000 
5573,2011,144.48,0.164725,150.000000 
5574,2015,145.50,0.194487,150.000000 
5575,2014,145.25,0.177489,150.000000 
5576,2011,144.48,0.181750,150.000000 
5577,2011,144.48,0.194522,150.000000 
5578,2015,145.50,0.194535,150.000000 
5579,2013,144.99,0.177537,150.000000 
5580,2003,142.41,0.186050,150.000000 
5581,2014,145.25,0.228665,150.000000 
5582,2012,144.73,0.181828,150.000000 
5583,2009,143.96,0.190345,150.000000 
5584,2015,145.50,0.203127,150.000000 
5585,2011,144.48,0.177616,150.000000 
5586,2010,144.22,0.194638,150.000000 
5587,2013,144.99,0.198907,150.000000 
5588,2013,144.99,0.186156,150.000000 
5589,2006,143.19,0.186168,150.000000 
5590,2010,144.22,0.215986,150.000000 
5591,2012,144.73,0.198961,150.000000 
5592,2007,143.45,0.190463,150.000000 
5593,2012,144.73,0.211766,150.000000 
5594,2013,144.99,0.190491,150.000000 
5595,2013,144.99,0.186251,150.000000 
5596,2006,143.19,0.186263,150.000000 
5597,2012,144.73,0.216080,150.000000 
5598,2015,145.50,0.190544,150.000000 
5599,2011,144.48,0.177801,150.000000 
5600,2007,143.45,0.194822,150.000000 
5601,2011,144.48,0.211870,150.000000 
5602,2005,142.93,0.194851,150.000000 
5603,2012,144.73,0.220425,150.000000 
5604,2011,144.48,0.190626,150.000000 
5605,2013,144.99,0.194893,150.000000 
5606,2017,146.02,0.186398,150.000000 
5607,2014,145.25,0.169412,150.000000 
5608,2011,144.48,0.182168,150.000000 
5609,2015,145.50,0.194939,150.000000 
5610,2022,147.30,0.177942,150.000000 
5611,2015,145.50,0.148242,150.000000 
5612,2010,144.22,0.177959,150.000000 
5613,2013,144.99,0.199237,150.000000 
5614,2015,145.50,0.186486,150.000000 
5615,2017,146.02,0.177995,150.000000 
5616,2013,144.99,0.169510,150.000000 
5617,2014,145.25,0.186518,150.000000 
5618,2017,146.02,0.182278,150.000000 
5619,2016,145.76,0.169542,150.000000 
5620,2009,143.96,0.173799,150.000000 
5621,2018,146.27,0.203583,150.000000 
5622,2022,147.30,0.165330,150.000000 
5623,2017,146.02,0.148371,150.000000 
5624,2017,146.02,0.169592,150.000000 
5625,2015,145.50,0.169601,150.000000 
5626,2035,150.62,0.178107,150.000000 
5627,2015,145.50,0.093428,150.000000 
5628,2001,141.90,0.178116,150.000000 
5629,2019,146.53,0.237770,150.000000 
5630,2020,146.79,0.161160,150.000000 
5631,2018,146.27,0.156925,150.000000 
5632,2013,144.99,0.165420,150.000000 
5633,2019,146.53,0.186673,150.000000 
5634,2000,141.64,0.161196,150.000000 
5635,2018,146.27,0.242106,150.000000 
5636,2012,144.73,0.165469,150.000000 
5637,2017,146.02,0.190975,150.000000 
5638,2015,145.50,0.169736,150.000000 
5639,2018,146.27,0.178242,150.000000 
5640,2015,145.50,0.165510,150.000000 
5641,2014,145.25,0.178261,150.000000 
5642,2018,146.27,0.182522,150.000000 
5643,2016,145.76,0.165541,150.000000 
5644,2011,144.48,0.174043,150.000000 
5645,2011,144.48,0.195313,150.000000 
5646,2009,143.96,0.195326,150.000000 
5647,2012,144.73,0.203853,150.000000 
5648,2017,146.02,0.191098,150.000000 
5649,2012,144.73,0.169859,150.000000 
5650,2017,146.02,0.191120,150.000000 
5651,2012,144.73,0.169881,150.000000 
5652,2014,145.25,0.191142,150.000000 
5653,2015,145.50,0.182650,150.000000 
5654,2013,144.99,0.178411,150.000000 
5655,2017,146.02,0.186924,150.000000 
5656,2023,147.56,0.169937,150.000000 
5657,2016,145.76,0.144494,150.000000 
5658,2017,146.02,0.174200,150.000000 
5659,2018,146.27,0.169962,150.000000 
5660,2016,145.76,0.165726,150.000000 
5661,2015,145.50,0.174228,150.000000 
5662,2015,145.50,0.178487,150.000000 
5663,2019,146.53,0.178498,150.000000 
5664,2014,145.25,0.161522,150.000000 
5665,2014,145.25,0.182767,150.000000 
5666,2015,145.50,0.182778,150.000000 
5667,2015,145.50,0.178539,150.000000 
5668,2019,146.53,0.178550,150.000000 
5669,2012,144.73,0.161574,150.000000 
5670,2014,145.25,0.191325,150.000000 
5671,2014,145.25,0.182832,150.000000 
5672,2017,146.02,0.182843,150.000000 
5673,2014,145.25,0.170108,150.000000 
5674,2067,158.74,0.182864,150.000000 
5675,2028,148.84,-0.040307,150.000000 
5676,2018,146.27,0.123487,150.000000 
5677,2015,145.50,0.165865,150.000000 
5678,2015,145.50,0.178616,150.000000 
5679,2015,145.50,0.178626,150.000000 
5680,1981,136.72,0.178637,150.000000 
5681,2013,144.99,0.324011,150.000000 
5682,2028,148.84,0.187182,150.000000 
5683,2014,145.25,0.123574,150.000000 
5684,2019,146.53,0.182944,150.000000 
5685,2016,145.76,0.161719,150.000000 
5686,2009,143.96,0.174465,150.000000 
5687,2017,146.02,0.204249,150.000000 
5688,2021,147.04,0.170242,150.000000 
5689,2017,146.02,0.153277,150.000000 
5690,2022,147.30,0.170258,150.000000 
5691,2023,147.56,0.149054,150.000000 
5692,2020,146.79,0.144822,150.000000 
5693,2026,148.32,0.157547,150.000000 
5694,2021,147.04,0.132130,150.000000 
5695,2025,148.07,0.153317,150.000000 
5696,2018,146.27,0.136374,150.000000 
5697,2023,147.56,0.166057,150.000000 
5698,2030,149.35,0.144860,150.000000 
5699,2018,146.27,0.115240,150.000000 
5700,2018,146.27,0.166074,150.000000 
5701,2026,148.32,0.166082,150.000000 
5702,2006,143.19,0.132179,150.000000 
5703,2018,146.27,0.217145,150.000000 
5704,2015,145.50,0.166111,150.000000 
5705,2016,145.76,0.178862,150.000000 
5706,2019,146.53,0.174624,150.000000 
5707,2018,146.27,0.161897,150.000000 
5708,2018,146.27,0.166149,150.000000 
5709,2021,147.04,0.166158,150.000000 
5710,2017,146.02,0.153439,150.000000 
5711,2018,146.27,0.170420,150.000000 
5712,2029,149.09,0.166184,150.000000 
5713,2010,144.22,0.119588,150.000000 
5714,2014,145.25,0.200204,150.000000 
5715,2015,145.50,0.183201,150.000000 
5716,1989,138.79,0.178962,150.000000 
5717,2032,149.86,0.289975,150.000000 
5718,2018,146.27,0.106974,150.000000 
5719,2021,147.04,0.166257,150.000000 
5720,2037,151.13,0.153538,150.000000 
5721,2020,146.79,0.085890,150.000000 
5722,2015,145.50,0.157783,150.000000 
5723,2018,146.27,0.179020,150.000000 
5724,2020,146.79,0.166289,150.000000 
5725,2017,146.02,0.157811,150.000000 
5726,2021,147.04,0.170551,150.000000 
5727,2019,146.53,0.153586,150.000000 
5728,2018,146.27,0.162078,150.000000 
5729,2019,146.53,0.166330,150.000000 
5730,2019,146.53,0.162095,150.000000 
5731,2016,145.76,0.162103,150.000000 
5732,2010,144.22,0.174849,150.000000 
5733,2024,147.81,0.200375,150.000000 
5734,2021,147.04,0.140936,150.000000 
5735,2020,146.79,0.153656,150.000000 
5736,2006,143.19,0.157904,150.000000 
5737,2014,145.25,0.217449,150.000000 
5738,2025,148.07,0.183408,150.000000 
5739,2022,147.30,0.136748,150.000000 
5740,2016,145.76,0.149463,150.000000 
5741,2019,146.53,0.174931,150.000000 
5742,2016,145.76,0.162203,150.000000 
5743,2019,146.53,0.174949,150.000000 
5744,2016,145.76,0.162222,150.000000 
5745,2019,146.53,0.174968,150.000000 
5746,2020,146.79,0.162240,150.000000 
5747,2016,145.76,0.158006,150.000000 
5748,2017,146.02,0.174994,150.000000 
5749,2013,144.99,0.170756,150.000000 
5750,2019,146.53,0.187764,150.000000 
5751,2016,145.76,0.162288,150.000000 
5752,2020,146.79,0.175033,150.000000 
5753,2015,145.50,0.158063,150.000000 
5754,2012,144.73,0.179300,150.000000 
5755,2015,145.50,0.192066,150.000000 
5756,2019,146.53,0.179323,150.000000 
5757,2014,145.25,0.162347,150.000000 
5758,2011,144.48,0.183592,150.000000 
5759,2012,144.73,0.196364,150.000000 
5760,2010,144.22,0.192122,150.000000 
5761,2015,145.50,0.200646,150.000000 
5762,2007,143.45,0.179393,150.000000 
5763,2011,144.48,0.213449,150.000000 
5764,2012,144.73,0.196430,150.000000 
5765,2014,145.25,0.192188,150.000000 
5766,2014,145.25,0.183695,150.000000 
5767,2015,145.50,0.183706,150.000000 
5768,2014,145.25,0.179467,150.000000 
5769,2008,143.70,0.183728,150.000000 
5770,2017,146.02,0.209274,150.000000 
5771,2017,146.02,0.171008,150.000000 
5772,2015,145.50,0.171018,150.000000 
5773,2000,141.64,0.179523,150.000000 
5774,2017,146.02,0.243449,150.000000 
5775,2019,146.53,0.171058,150.000000 
5776,2017,146.02,0.162577,150.000000 
5777,2029,149.09,0.171075,150.000000 
5778,2017,146.02,0.120235,150.000000 
5779,2015,145.50,0.171087,150.000000 
5780,2020,146.79,0.179593,150.000000 
5781,2013,144.99,0.158374,150.000000 
5782,2017,146.02,0.188113,150.000000 
5783,2017,146.02,0.171127,150.000000 
5784,2021,147.04,0.171136,150.000000 
5785,2014,145.25,0.154171,150.000000 
5786,2019,146.53,0.183899,150.000000 
5787,2014,145.25,0.162674,150.000000 
5788,2019,146.53,0.183919,150.000000 
5789,2021,147.04,0.162693,150.000000 
5790,2015,145.50,0.154217,150.000000 
5791,2012,144.73,0.179695,150.000000 
5792,2018,146.27,0.192461,150.000000 
5793,2023,147.56,0.166976,150.000000 
5794,2015,145.50,0.145778,150.000000 
5795,2021,147.04,0.179733,150.000000 
5796,2016,145.76,0.154273,150.000000 
5797,1977,135.68,0.175502,150.000000 
5798,2054,155.45,0.342341,150.000000 
5799,2014,145.25,0.015212,150.000000 
5800,2014,145.25,0.184032,150.000000 
5801,2022,147.30,0.184044,150.000000 
5802,2017,146.02,0.150094,150.000000 
5803,2013,144.99,0.171315,150.000000 
5804,2017,146.02,0.188323,150.000000 
5805,2018,146.27,0.171336,150.000000 
5806,2007,143.45,0.167100,150.000000 
5807,2013,144.99,0.213896,150.000000 
5808,2010,144.22,0.188368,150.000000 
5809,2015,145.50,0.201145,150.000000 
5810,2014,145.25,0.179892,150.000000 
5811,2015,145.50,0.184153,150.000000 
5812,2014,145.25,0.179914,150.000000 
5813,2015,145.50,0.184175,150.000000 
5814,2010,144.22,0.179936,150.000000 
5815,2011,144.48,0.201214,150.000000 
5816,2014,145.25,0.196971,150.000000 
5817,2014,145.25,0.184224,150.000000 
5818,2018,146.27,0.184235,150.000000 
5819,2017,146.02,0.167254,150.000000 
5820,2016,145.76,0.171509,150.000000 
5821,2014,145.25,0.175765,150.000000 
5822,2010,144.22,0.184275,150.000000 
5823,2011,144.48,0.201303,150.000000 
5824,2002,142.16,0.197060,150.000000 
5825,2015,145.50,0.235436,150.000000 
5826,2009,143.96,0.180081,150.000000 
5827,2011,144.48,0.205617,150.000000 
5828,2013,144.99,0.197117,150.000000 
5829,2012,144.73,0.188622,150.000000 
5830,2006,143.19,0.192887,150.000000 
5831,2013,144.99,0.218452,150.000000 
5832,2014,145.25,0.188662,150.000000 
5833,2012,144.73,0.184422,150.000000 
5834,2014,145.25,0.192939,150.000000 
5835,2015,145.50,0.184446,150.000000 
5836,2011,144.48,0.180207,150.000000 
5837,2015,145.50,0.197229,150.000000 
5838,2014,145.25,0.180231,150.000000 
5839,2013,144.99,0.184492,150.000000 
5840,2010,144.22,0.188755,150.000000 
5841,2014,145.25,0.201532,150.000000 
5842,2013,144.99,0.184529,150.000000 
5843,2013,144.99,0.188792,150.000000 
5844,2014,145.25,0.188804,150.000000 
5845,2011,144.48,0.184564,150.000000 
5846,2015,145.50,0.197336,150.000000 
5847,2013,144.99,0.180338,150.000000 
5848,2012,144.73,0.188851,150.000000 
5849,2015,145.50,0.193117,150.000000 
5850,2011,144.48,0.180373,150.000000 
5851,2015,145.50,0.197395,150.000000 
5852,2002,142.16,0.180397,150.000000 
5853,2014,145.25,0.235781,150.000000 
5854,2014,145.25,0.184677,150.000000 
5855,2016,145.76,0.184688,150.000000 
5856,2015,145.50,0.176200,150.000000 
5857,2019,146.53,0.180459,150.000000 
5858,2018,146.27,0.163484,150.000000 
5859,2019,146.53,0.167736,150.000000 
5860,2017,146.02,0.163501,150.000000 
5861,2021,147.04,0.171999,150.000000 
5862,2018,146.27,0.155034,150.000000 
5863,2016,145.76,0.167770,150.000000 
5864,2021,147.04,0.176272,150.000000 
5865,2026,148.32,0.155060,150.000000 
5866,2021,147.04,0.133884,150.000000 
5867,2019,146.53,0.155071,150.000000 
5868,2022,147.30,0.163562,150.000000 
5869,2021,147.04,0.150847,150.000000 
5870,2019,146.53,0.155093,150.000000 
5871,2019,146.53,0.163584,150.000000 
5872,2022,147.30,0.163592,150.000000 
5873,2017,146.02,0.150877,150.000000 
5874,2019,146.53,0.172097,150.000000 
5875,2017,146.02,0.163617,150.000000 
5876,2022,147.30,0.172115,150.000000 
5877,2018,146.27,0.150910,150.000000 
5878,2019,146.53,0.167885,150.000000 
5879,2019,146.53,0.163650,150.000000 
5880,2023,147.56,0.163658,150.000000 
5881,2022,147.30,0.146704,150.000000 
5882,2015,145.50,0.150948,150.000000 
5883,2015,145.50,0.180665,150.000000 
5884,2019,146.53,0.180675,150.000000 
5885,2015,145.50,0.163700,150.000000 
5886,2024,147.81,0.180694,150.000000 
5887,2012,144.73,0.142520,150.000000 
5888,2017,146.02,0.193466,150.000000 
5889,2066,158.49,0.172226,150.000000 
5890,2013,144.99,-0.034028,150.000000 
5891,2017,146.02,0.189214,150.000000 
5892,2007,143.45,0.172228,150.000000 
5893,2013,144.99,0.214779,150.000000 
5894,2021,147.04,0.189251,150.000000 
5895,2016,145.76,0.155290,150.000000 
5896,2013,144.99,0.176519,150.000000 
5897,2010,144.22,0.189280,150.000000 
5898,2016,145.76,0.202057,150.000000 
5899,2016,145.76,0.176555,150.000000 
5900,2018,146.27,0.176565,150.000000 
5901,2022,147.30,0.168082,150.000000 
5902,2017,146.02,0.151122,150.000000 
5903,2016,145.76,0.172343,150.000000 
5904,2082,162.51,0.176600,150.000000 
5905,2016,145.76,-0.100464,150.000000 
5906,2015,145.50,0.176580,150.000000 
5907,2018,146.27,0.180839,150.000000 
5908,2032,149.86,0.168108,150.000000 
5909,2016,145.76,0.108834,150.000000 
5910,2018,146.27,0.176610,150.000000 
5911,2014,145.25,0.168127,150.000000 
5912,2018,146.27,0.185128,150.000000 
5913,2015,145.50,0.168147,150.000000 
5914,2016,145.76,0.180898,150.000000 
5915,2018,146.27,0.176660,150.000000 
5916,2017,146.02,0.168177,150.000000 
5917,2018,146.27,0.172431,150.000000 
5918,2020,146.79,0.168195,150.000000 
5919,2017,146.02,0.159717,150.000000 
5920,2027,148.58,0.172457,150.000000 
5921,2017,146.02,0.130077,150.000000 
5922,2019,146.53,0.172470,150.000000 
5923,2018,146.27,0.163990,150.000000 
5924,2021,147.04,0.168242,150.000000 
5925,2018,146.27,0.155523,150.000000 
5926,2019,146.53,0.168258,150.000000 
5927,2022,147.30,0.164023,150.000000 
5928,2017,146.02,0.151307,150.000000 
5929,2022,147.30,0.172527,150.000000 
5930,2017,146.02,0.151323,150.000000 
5931,2017,146.02,0.172543,150.000000 
5932,2019,146.53,0.172553,150.000000 
5933,2032,149.86,0.164072,150.000000 
5934,2022,147.30,0.109042,150.000000 
5935,2019,146.53,0.151357,150.000000 
5936,2018,146.27,0.164087,150.000000 
5937,2009,143.96,0.168340,150.000000 
5938,2021,147.04,0.206616,150.000000 
5939,2018,146.27,0.155634,150.000000 
5940,2025,148.07,0.168370,150.000000 
5941,2019,146.53,0.138700,150.000000 
5942,2019,146.53,0.164139,150.000000 
5943,2018,146.27,0.164147,150.000000 
5944,2017,146.02,0.168400,150.000000 
5945,2015,145.50,0.172655,150.000000 
5946,2017,146.02,0.181160,150.000000 
5947,2011,144.48,0.172675,150.000000 
5948,2018,146.27,0.198191,150.000000 
5949,2018,146.27,0.168451,150.000000 
5950,2019,146.53,0.168460,150.000000 
5951,2019,146.53,0.164225,150.000000 
5952,2018,146.27,0.164233,150.000000 
5953,2022,147.30,0.168486,150.000000 
5954,2018,146.27,0.151526,150.000000 
5955,2011,144.48,0.168501,150.000000 
5956,2034,150.37,0.198263,150.000000 
5957,2024,147.81,0.100796,150.000000 
5958,2022,147.30,0.143079,150.000000 
5959,1983,137.24,0.151559,150.000000 
5960,2018,146.27,0.318040,150.000000 
5961,2018,146.27,0.168564,150.000000 
5962,2018,146.27,0.168573,150.000000 
5963,2023,147.56,0.168582,150.000000 
5964,2013,144.99,0.147384,150.000000 
5965,2014,145.25,0.189841,150.000000 
5966,2018,146.27,0.185601,150.000000 
5967,2018,146.27,0.168620,150.000000 
5968,2017,146.02,0.168629,150.000000 
5969,2011,144.48,0.172883,150.000000 
5970,2010,144.22,0.198400,150.000000 
5971,2013,144.99,0.202669,150.000000 
5972,2012,144.73,0.189918,150.000000 
5973,2016,145.76,0.194184,150.000000 
5974,2015,145.50,0.177191,150.000000 
5975,2017,146.02,0.181450,150.000000 
5976,2017,146.02,0.172965,150.000000 
5977,2016,145.76,0.172974,150.000000 
5978,2017,146.02,0.177231,150.000000 
5979,2015,145.50,0.172994,150.000000 
5980,2007,143.45,0.181500,150.000000 
5981,2014,145.25,0.215556,150.000000 
5982,2019,146.53,0.185776,150.000000 
5983,2017,146.02,0.164551,150.000000 
5984,2018,146.27,0.173049,150.000000 
5985,2015,145.50,0.168813,150.000000 
5986,2021,147.04,0.181564,150.000000 
5987,2029,149.09,0.156104,150.000000 
5988,2019,146.53,0.122235,150.000000 
5989,2018,146.27,0.164597,150.000000 
5990,2019,146.53,0.168850,150.000000 
5991,2019,146.53,0.164614,150.000000 
5992,2018,146.27,0.164623,150.000000 
5993,2019,146.53,0.168875,150.000000 
5994,2018,146.27,0.164640,150.000000 
5995,2023,147.56,0.168892,150.000000 
5996,2029,149.09,0.147695,150.000000 
5997,2019,146.53,0.122303,150.000000 
5998,2021,147.04,0.164665,150.000000 
5999,2019,146.53,0.156189,150.000000 
6000,2017,146.02,0.164680,150.000000 
6001,2021,147.04,0.173179,150.000000 
6002,2023,147.56,0.156214,150.000000 
6003,2021,147.04,0.147743,150.000000 
6004,2006,143.19,0.156227,150.000000 
6005,2025,148.07,0.220012,150.000000 
6006,2019,146.53,0.139300,150.000000 
6007,2022,147.30,0.164738,150.000000 
6008,2214,194.82,0.152023,150.000000 
6009,2020,146.79,-0.633926,150.000000 
6010,2015,145.50,0.160404,150.000000 
6011,2018,146.27,0.181641,150.000000 
6012,2026,148.32,0.168909,150.000000 
6013,2018,146.27,0.135006,150.000000 
6014,2018,146.27,0.168922,150.000000 
6015,2020,146.79,0.168931,150.000000 
6016,2032,149.86,0.160453,150.000000 
6017,2022,147.30,0.109665,150.000000 
6018,2018,146.27,0.151980,150.000000 
6019,2019,146.53,0.168954,150.000000 
6020,2019,146.53,0.164719,150.000000 
6021,2020,146.79,0.164727,150.000000 
6022,2019,146.53,0.160492,150.000000 
6023,2017,146.02,0.164743,150.000000 
6024,2031,149.60,0.173241,150.000000 
6025,2017,146.02,0.113947,150.000000 
6026,2020,146.79,0.173252,150.000000 
6027,2016,145.76,0.160528,150.000000 
6028,2017,146.02,0.177516,150.000000 
6029,2016,145.76,0.173279,150.000000 
6030,2022,147.30,0.177536,150.000000 
6031,2019,146.53,0.152084,150.000000 
6032,2022,147.30,0.164815,150.000000 
6033,2016,145.76,0.152099,150.000000 
6034,2012,144.73,0.177567,150.000000 
6035,2017,146.02,0.194582,150.000000 
6036,2010,144.22,0.173342,150.000000 
6037,2010,144.22,0.203115,150.000000 
6038,2016,145.76,0.203129,150.000000 
6039,2014,145.25,0.177627,150.000000 
6040,2000,141.64,0.186136,150.000000 
6041,2011,144.48,0.245812,150.000000 
6042,2015,145.50,0.198927,150.000000 
6043,2016,145.76,0.181930,150.000000 
6044,2032,149.86,0.177692,150.000000 
6045,2018,146.27,0.109926,150.000000 
6046,2014,145.25,0.169209,150.000000 
6047,2016,145.76,0.186210,150.000000 
6048,2015,145.50,0.177722,150.000000 
6049,2022,147.30,0.181981,150.000000 
6050,2020,146.79,0.152282,150.000000 
6051,2020,146.79,0.160769,150.000000 
6052,2017,146.02,0.160777,150.000000 
6053,2017,146.02,0.173517,150.000000 
6054,2021,147.04,0.173527,150.000000 
6055,2006,143.19,0.156562,150.000000 
6056,2019,146.53,0.220348,150.000000 
6057,2017,146.02,0.165069,150.000000 
6058,2019,146.53,0.173568,150.000000 
6059,2016,145.76,0.165087,150.000000 
6060,2019,146.53,0.177833,150.000000 
6061,2016,145.76,0.165105,150.000000 
6062,2021,147.04,0.177851,150.000000 
6063,2021,147.04,0.156640,150.000000 
6064,2019,146.53,0.156647,150.000000 
6065,2000,141.64,0.165138,150.000000 
6066,2014,145.25,0.246047,150.000000 
6067,2021,147.04,0.186403,150.000000 
6068,2017,146.02,0.156693,150.000000 
6069,2015,145.50,0.173674,150.000000 
6070,2018,146.27,0.182180,150.000000 
6071,2017,146.02,0.169449,150.000000 
6072,2032,149.86,0.173703,150.000000 
6073,2018,146.27,0.110184,150.000000 
6074,2015,145.50,0.169467,150.000000 
6075,2004,142.67,0.182218,150.000000 
6076,2012,144.73,0.229067,150.000000 
6077,2018,146.27,0.195002,150.000000 
6078,2022,147.30,0.169517,150.000000 
6079,2022,147.30,0.152558,150.000000 
6080,2015,145.50,0.152564,150.000000 
6081,2015,145.50,0.182281,150.000000 
6082,2014,145.25,0.182291,150.000000 
6083,2022,147.30,0.186552,150.000000 
6084,2020,146.79,0.152603,150.000000 
6085,2022,147.30,0.161091,150.000000 
6086,2019,146.53,0.152617,150.000000 
6087,2023,147.56,0.165347,150.000000 
6088,2018,146.27,0.148394,150.000000 
6089,2018,146.27,0.169606,150.000000 
6090,2022,147.30,0.169615,150.000000 
6091,2011,144.48,0.152655,150.000000 
6092,2022,147.30,0.199383,150.000000 
6093,2022,147.30,0.152675,150.000000 
6094,2017,146.02,0.152681,150.000000 
6095,2018,146.27,0.173902,150.000000 
6096,2023,147.56,0.169665,150.000000 
6097,2014,145.25,0.148468,150.000000 
6098,2016,145.76,0.186673,150.000000 
6099,2016,145.76,0.178185,150.000000 
6100,2019,146.53,0.178195,150.000000 
6101,2015,145.50,0.165467,150.000000 
6102,2020,146.79,0.182462,150.000000 
6103,2018,146.27,0.161243,150.000000 
6104,2027,148.58,0.169738,150.000000 
6105,2015,145.50,0.131603,150.000000 
6106,2018,146.27,0.182492,150.000000 
6107,2016,145.76,0.169761,150.000000 
6108,2032,149.86,0.178263,150.000000 
6109,2016,145.76,0.110497,150.000000 
6110,2022,147.30,0.178274,150.000000 
6111,2017,146.02,0.152822,150.000000 
6112,2019,146.53,0.174043,150.000000 
6113,2016,145.76,0.165562,150.000000 
6114,2015,145.50,0.178308,150.000000 
6115,2011,144.48,0.182567,150.000000 
6116,2013,144.99,0.199588,150.000000 
6117,2014,145.25,0.191093,150.000000 
6118,2021,147.04,0.186853,150.000000 
6119,2017,146.02,0.157143,150.000000 
6120,2017,146.02,0.174125,150.000000 
6121,2016,145.76,0.174134,150.000000 
6122,2018,146.27,0.178391,150.000000 
6123,2020,146.79,0.169908,150.000000 
6124,2017,146.02,0.161430,150.000000 
6125,2037,151.13,0.174170,150.000000 
6126,2018,146.27,0.089551,150.000000 
6127,2015,145.50,0.169931,150.000000 
6128,2019,146.53,0.182682,150.000000 
6129,2018,146.27,0.165706,150.000000 
6130,2016,145.76,0.169959,150.000000 
6131,2014,145.25,0.178461,150.000000 
6132,2016,145.76,0.186970,150.000000 
6133,2021,147.04,0.178482,150.000000 
6134,2016,145.76,0.157271,150.000000 
6135,2009,143.96,0.178499,150.000000 
6136,2018,146.27,0.208283,150.000000 
6137,2019,146.53,0.170031,150.000000 
6138,2018,146.27,0.165795,150.000000 
6139,2016,145.76,0.170048,150.000000 
6140,2016,145.76,0.178550,150.000000 
6141,2014,145.25,0.178560,150.000000 
6142,2014,145.25,0.187069,150.000000 
6143,2014,145.25,0.187081,150.000000 
6144,2016,145.76,0.187092,150.000000 
6145,2019,146.53,0.178604,150.000000 
6146,2016,145.76,0.165876,150.000000 
6147,2017,146.02,0.178622,150.000000 
6148,2017,146.02,0.174385,150.000000 
6149,2014,145.25,0.174394,150.000000 
6150,2020,146.79,0.187151,150.000000 
6151,2019,146.53,0.161682,150.000000 
6152,2019,146.53,0.165933,150.000000 
6153,2015,145.50,0.165941,150.000000 
6154,2015,145.50,0.182936,150.000000 
6155,2015,145.50,0.182946,150.000000 
6156,2016,145.76,0.182957,150.000000 
6157,2015,145.50,0.178719,150.000000 
6158,2017,146.02,0.182978,150.000000 
6159,2018,146.27,0.174492,150.000000 
6160,2019,146.53,0.170256,150.000000 
6161,2015,145.50,0.166020,150.000000 
6162,2021,147.04,0.183015,150.000000 
6163,2019,146.53,0.157555,150.000000 
6164,2020,146.79,0.166046,150.000000 
6165,2034,150.37,0.161812,150.000000 
6166,2025,148.07,0.102579,150.000000 
6167,2021,147.04,0.140627,150.000000 
6168,2021,147.04,0.157582,150.000000 
6169,2029,149.09,0.157589,150.000000 
6170,2022,147.30,0.123720,150.000000 
6171,2026,148.32,0.153358,150.000000 
6172,2022,147.30,0.136421,150.000000 
6173,2033,150.11,0.153369,150.000000 
6174,2018,146.27,0.106838,150.000000 
6175,2019,146.53,0.170343,150.000000 
6176,2023,147.56,0.166108,150.000000 
6177,2030,149.35,0.149154,150.000000 
6178,2022,147.30,0.119534,150.000000 
6179,2021,147.04,0.153399,150.000000 
6180,2022,147.30,0.157646,150.000000 
6181,2010,144.22,0.153413,150.000000 
6182,2021,147.04,0.204397,150.000000 
6183,2021,147.04,0.157673,150.000000 
6184,2019,146.53,0.157680,150.000000 
6185,2026,148.32,0.166171,150.000000 
6186,2019,146.53,0.136512,150.000000 
6187,2022,147.30,0.166183,150.000000 
6188,2023,147.56,0.153468,150.000000 
6189,2019,146.53,0.149236,150.000000 
6190,2021,147.04,0.166204,150.000000 
6191,2025,148.07,0.157728,150.000000 
6192,2026,148.32,0.140785,150.000000 
6193,2022,147.30,0.136556,150.000000 
6194,2019,146.53,0.153504,150.000000 
6195,2023,147.56,0.166234,150.000000 
6196,2028,148.84,0.149280,150.000000 
6197,2025,148.07,0.128117,150.000000 
6198,2023,147.56,0.140817,150.000000 
6199,2023,147.56,0.149293,150.000000 
6200,2029,149.09,0.149299,150.000000 
6201,2027,148.58,0.123907,150.000000 
6202,2023,147.56,0.132369,150.000000 
6203,2025,148.07,0.149310,150.000000 
6204,2027,148.58,0.140844,150.000000 
6205,2023,147.56,0.132383,150.000000 
6206,2025,148.07,0.149324,150.000000 
6207,2027,148.58,0.140858,150.000000 
6208,2026,148.32,0.132397,150.000000 
6209,2027,148.58,0.136632,150.000000 
6210,2026,148.32,0.132404,150.000000 
6211,2024,147.81,0.136640,150.000000 
6212,2023,147.56,0.145112,150.000000 
6213,2023,147.56,0.149354,150.000000 
6214,2028,148.84,0.149360,150.000000 
6215,2023,147.56,0.128197,150.000000 
6216,2015,145.50,0.149369,150.000000 
6217,2022,147.30,0.183323,150.000000 
6218,2022,147.30,0.153624,150.000000 
6219,2021,147.04,0.153630,150.000000 
6220,2021,147.04,0.157876,150.000000 
6221,2046,153.42,0.157883,150.000000 
6222,2019,146.53,0.052351,150.000000 
6223,2018,146.27,0.166366,150.000000 
6224,2017,146.02,0.170619,150.000000 
6225,2019,146.53,0.174874,150.000000 
6226,2013,144.99,0.166393,150.000000 
6227,2017,146.02,0.191890,150.000000 
6228,2018,146.27,0.174903,150.000000 
6229,2019,146.53,0.170667,150.000000 
6230,2023,147.56,0.166431,150.000000 
6231,2017,146.02,0.149477,150.000000 
6232,2018,146.27,0.174936,150.000000 
6233,2017,146.02,0.170699,150.000000 
6234,2021,147.04,0.174954,150.000000 
6235,2013,144.99,0.157989,150.000000 
6236,2021,147.04,0.191969,150.000000 
6237,2018,146.27,0.158008,150.000000 
6238,2018,146.27,0.170744,150.000000 
6239,2023,147.56,0.170752,150.000000 
6240,2021,147.04,0.149555,150.000000 
6241,2017,146.02,0.158039,150.000000 
6242,2019,146.53,0.175020,150.000000 
6243,2018,146.27,0.166539,150.000000 
6244,2021,147.04,0.170792,150.000000 
6245,2026,148.32,0.158072,150.000000 
6246,2022,147.30,0.136896,150.000000 
6247,2019,146.53,0.153843,150.000000 
6248,2025,148.07,0.166574,150.000000 
6249,2005,142.93,0.141148,150.000000 
6250,2018,146.27,0.226145,150.000000 
6251,2020,146.79,0.170848,150.000000 
6252,2017,146.02,0.162370,150.000000 
6253,2016,145.76,0.175110,150.000000 
6254,2022,147.30,0.179367,150.000000 
6255,2017,146.02,0.153916,150.000000 
6256,2018,146.27,0.175136,150.000000 
6257,2016,145.76,0.170900,150.000000 
6258,2020,146.79,0.179402,150.000000 
6259,2019,146.53,0.162432,150.000000 
6260,2017,146.02,0.166682,150.000000 
6261,2007,143.45,0.175180,150.000000 
6262,2014,145.25,0.217732,150.000000 
6263,2015,145.50,0.187952,150.000000 
6264,2013,144.99,0.183713,150.000000 
6265,2026,148.32,0.192226,150.000000 
6266,2018,146.27,0.137082,150.000000 
6267,2016,145.76,0.170998,150.000000 
6268,2018,146.27,0.179500,150.000000 
6269,2018,146.27,0.171016,150.000000 
6270,2011,144.48,0.171025,150.000000 
6271,2026,148.32,0.200787,150.000000 
6272,2020,146.79,0.137135,150.000000 
6273,2026,148.32,0.162564,150.000000 
6274,2017,146.02,0.137147,150.000000 
6275,2022,147.30,0.175309,150.000000 
6276,2018,146.27,0.154104,150.000000 
6277,2019,146.53,0.171079,150.000000 
6278,2021,147.04,0.166843,150.000000 
6279,2019,146.53,0.158368,150.000000 
6280,2021,147.04,0.166859,150.000000 
6281,2029,149.09,0.158383,150.000000 
6282,2022,147.30,0.124514,150.000000 
6283,2019,146.53,0.154152,150.000000 
6284,2021,147.04,0.166883,150.000000 
6285,2021,147.04,0.158407,150.000000 
6286,2022,147.30,0.158414,150.000000 
6287,2028,148.84,0.154181,150.000000 
6288,2021,147.04,0.128780,150.000000 
6289,2021,147.04,0.158430,150.000000 
6290,2032,149.86,0.158437,150.000000 
6291,2006,143.19,0.111890,150.000000 
6292,2021,147.04,0.222223,150.000000 
6293,2021,147.04,0.158461,150.000000 
6294,2027,148.58,0.158468,150.000000 
6295,2016,145.76,0.133059,150.000000 
6296,2022,147.30,0.179700,150.000000 
6297,2020,146.79,0.154248,150.000000 
6298,2017,146.02,0.162736,150.000000 
6299,2022,147.30,0.175476,150.000000 
6300,2015,145.50,0.154272,150.000000 
6301,2018,146.27,0.183989,150.000000 
6302,2023,147.56,0.171257,150.000000 
6303,2018,146.27,0.150059,150.000000 
6304,2019,146.53,0.171272,150.000000 
6305,2018,146.27,0.167036,150.000000 
6306,2003,142.41,0.171289,150.000000 
6307,2016,145.76,0.235145,150.000000 
6308,2018,146.27,0.179809,150.000000 
6309,2019,146.53,0.171326,150.000000 
6310,2017,146.02,0.167090,150.000000 
6311,2023,147.56,0.175589,150.000000 
6312,2021,147.04,0.150146,150.000000 
6313,2020,146.79,0.158630,150.000000 
6314,2022,147.30,0.162878,150.000000 
6315,2020,146.79,0.154405,150.000000 
6316,2022,147.30,0.162892,150.000000 
6317,2019,146.53,0.154419,150.000000 
6318,2023,147.56,0.167149,150.000000 
6319,2023,147.56,0.150195,150.000000 
6320,2019,146.53,0.150201,150.000000 
6321,2029,149.09,0.167169,150.000000 
6322,2021,147.04,0.124817,150.000000 
6323,2019,146.53,0.158695,150.000000 
6324,2022,147.30,0.167186,150.000000 
6325,2017,146.02,0.154471,150.000000 
6326,2026,148.32,0.175691,150.000000 
6327,2020,146.79,0.137543,150.000000 
6328,2020,146.79,0.162972,150.000000 
6329,2015,145.50,0.162979,150.000000 
6330,2021,147.04,0.184216,150.000000 
6331,2020,146.79,0.158756,150.000000 
6332,2015,145.50,0.163005,150.000000 
6333,2026,148.32,0.184242,150.000000 
6334,2015,145.50,0.137598,150.000000 
6335,2018,146.27,0.184256,150.000000 
6336,2014,145.25,0.171525,150.000000 
6337,2016,145.76,0.188526,150.000000 
6338,1995,140.35,0.180038,150.000000 
6339,2011,144.48,0.269593,150.000000 
6340,2018,146.27,0.201331,150.000000 
6341,2011,144.48,0.171591,150.000000 
6342,2013,144.99,0.201353,150.000000 
6343,2016,145.76,0.192858,150.000000 
6344,2020,146.79,0.180118,150.000000 
6345,2022,147.30,0.163148,150.000000 
6346,2022,147.30,0.154675,150.000000 
6347,2026,148.32,0.154681,150.000000 
6348,2018,146.27,0.137744,150.000000 
6349,2022,147.30,0.171660,150.000000 
6350,2019,146.53,0.154700,150.000000 
6351,2025,148.07,0.167431,150.000000 
6352,2017,146.02,0.142005,150.000000 
6353,2019,146.53,0.175934,150.000000 
6354,2020,146.79,0.167453,150.000000 
6355,2019,146.53,0.163218,150.000000 
6356,2017,146.02,0.167469,150.000000 
6357,2019,146.53,0.175967,150.000000 
6358,2015,145.50,0.167487,150.000000 
6359,2014,145.25,0.184481,150.000000 
6360,2017,146.02,0.188742,150.000000 
6361,2021,147.04,0.176007,150.000000 
6362,2014,145.25,0.159042,150.000000 
6363,2015,145.50,0.188770,150.000000 
6364,2025,148.07,0.184531,150.000000 
6365,2022,147.30,0.142121,150.000000 
6366,2026,148.32,0.154836,150.000000 
6367,2018,146.27,0.137899,150.000000 
6368,2018,146.27,0.171815,150.000000 
6369,2020,146.79,0.171824,150.000000 
6370,2023,147.56,0.163345,150.000000 
6371,2018,146.27,0.150634,150.000000 
6372,2123,172.72,0.171846,150.000000 
6373,2026,148.32,-0.265524,150.000000 
6374,2020,146.79,0.137889,150.000000 
6375,2017,146.02,0.163318,150.000000 
6376,2019,146.53,0.176058,150.000000 
6377,2005,142.93,0.167577,150.000000 
6378,2015,145.50,0.227144,150.000000 
6379,2019,146.53,0.184589,150.000000 
6380,2018,146.27,0.167613,150.000000 
6381,2019,146.53,0.171866,150.000000 
6382,2023,147.56,0.167630,150.000000 
6383,2022,147.30,0.150676,150.000000 
6384,2022,147.30,0.154921,150.000000 
6385,2021,147.04,0.154927,150.000000 
6386,2018,146.27,0.159173,150.000000 
6387,2022,147.30,0.171909,150.000000 
6388,2022,147.30,0.154949,150.000000 
6389,2019,146.53,0.154956,150.000000 
6390,2018,146.27,0.167686,150.000000 
6391,2018,146.27,0.171939,150.000000 
6392,2019,146.53,0.171947,150.000000 
6393,2014,145.25,0.167712,150.000000 
6394,2017,146.02,0.188957,150.000000 
6395,2090,164.51,0.176222,150.000000 
6396,2017,146.02,-0.129732,150.000000 
6397,2015,145.50,0.176197,150.000000 
6398,2017,146.02,0.184702,150.000000 
6399,2014,145.25,0.176217,150.000000 
6400,2014,145.25,0.188973,150.000000 
6401,2021,147.04,0.188984,150.000000 
6402,2017,146.02,0.159275,150.000000 
6403,2018,146.27,0.176256,150.000000 
6404,2018,146.27,0.172020,150.000000 
6405,2023,147.56,0.172028,150.000000 
6406,2021,147.04,0.150831,150.000000 
6407,2021,147.04,0.159315,150.000000 
6408,2017,146.02,0.159322,150.000000 
6409,2023,147.56,0.176303,150.000000 
6410,2005,142.93,0.150860,150.000000 
6411,2019,146.53,0.227387,150.000000 
6412,2023,147.56,0.167845,150.000000 
6413,2019,146.53,0.150891,150.000000 
6414,2021,147.04,0.167859,150.000000 
6415,2022,147.30,0.159383,150.000000 
6416,2026,148.32,0.155150,150.000000 
6417,2022,147.30,0.138213,150.000000 
6418,2021,147.04,0.155161,150.000000 
6419,2023,147.56,0.159407,150.000000 
6420,2021,147.04,0.150936,150.000000 
6421,2020,146.79,0.159420,150.000000 
6422,2021,147.04,0.163668,150.000000 
6423,2032,149.86,0.159434,150.000000 
6424,2021,147.04,0.112887,150.000000 
6425,2022,147.30,0.159442,150.000000 
6426,2020,146.79,0.155209,150.000000 
6427,1998,141.12,0.163697,150.000000 
6428,2020,146.79,0.257396,150.000000 
6429,2019,146.53,0.163725,150.000000 
6430,2023,147.56,0.167976,150.000000 
6431,2019,146.53,0.151022,150.000000 
6432,2019,146.53,0.167990,150.000000 
6433,2020,146.79,0.167998,150.000000 
6434,2029,149.09,0.163764,150.000000 
6435,2020,146.79,0.125654,150.000000 
6436,2020,146.79,0.163773,150.000000 
6437,2020,146.79,0.163781,150.000000 
6438,2013,144.99,0.163789,150.000000 
6439,2030,149.35,0.193528,150.000000 
6440,2019,146.53,0.121464,150.000000 
6441,2023,147.56,0.168053,150.000000 
6442,2020,146.79,0.151099,150.000000 
6443,2022,147.30,0.163824,150.000000 
6444,2022,147.30,0.155350,150.000000 
6445,2023,147.56,0.155357,150.000000 
6446,2011,144.48,0.151125,150.000000 
6447,2019,146.53,0.202090,150.000000 
6448,2021,147.04,0.168106,150.000000 
6449,2021,147.04,0.159630,150.000000 
6450,2015,145.50,0.159637,150.000000 
6451,2018,146.27,0.185115,150.000000 
6452,2016,145.76,0.172383,150.000000 
6453,2016,145.76,0.180885,150.000000 
6454,2019,146.53,0.180896,150.000000 
6455,2016,145.76,0.168168,150.000000 
6456,2018,146.27,0.180914,150.000000 
6457,2017,146.02,0.172431,150.000000 
6458,2022,147.30,0.176685,150.000000 
6459,2018,146.27,0.155481,150.000000 
6460,2019,146.53,0.172456,150.000000 
6461,2017,146.02,0.168220,150.000000 
6462,2017,146.02,0.176718,150.000000 
6463,2021,147.04,0.176728,150.000000 
6464,2019,146.53,0.159763,150.000000 
6465,2070,159.50,0.168254,150.000000 
6466,2021,147.04,-0.046188,150.000000 
6467,2028,148.84,0.159756,150.000000 
6468,2018,146.27,0.130116,150.000000 
6469,2018,146.27,0.172494,150.000000 
6470,2016,145.76,0.172503,150.000000 
6471,2029,149.09,0.181005,150.000000 
6472,2016,145.76,0.125918,150.000000 
6473,2017,146.02,0.181017,150.000000 
6474,2018,146.27,0.176780,150.000000 
6475,2006,143.19,0.172544,150.000000 
6476,2013,144.99,0.223603,150.000000 
6477,2022,147.30,0.193813,150.000000 
6478,2017,146.02,0.155612,150.000000 
6479,2021,147.04,0.176833,150.000000 
6480,2016,145.76,0.159868,150.000000 
6481,2019,146.53,0.181097,150.000000 
6482,2017,146.02,0.168369,150.000000 
6483,2021,147.04,0.176868,150.000000 
6484,2016,145.76,0.159903,150.000000 
6485,2015,145.50,0.181132,150.000000 
6486,2019,146.53,0.185391,150.000000 
6487,2009,143.96,0.168415,150.000000 
6488,2019,146.53,0.210935,150.000000 
6489,2018,146.27,0.168437,150.000000 
6490,2017,146.02,0.172690,150.000000 
6491,2017,146.02,0.176945,150.000000 
6492,2019,146.53,0.176954,150.000000 
6493,2017,146.02,0.168473,150.000000 
6494,2018,146.27,0.176972,150.000000 
6495,2019,146.53,0.172736,150.000000 
6496,2016,145.76,0.168500,150.000000 
6497,2017,146.02,0.181246,150.000000 
6498,2018,146.27,0.177009,150.000000 
6499,2004,142.67,0.172772,150.000000 
6500,2016,145.76,0.232361,150.000000 
6501,2018,146.27,0.181292,150.000000 
6502,2020,146.79,0.172809,150.000000 
6503,2053,155.20,0.164330,150.000000 
6504,2027,148.58,0.025175,150.000000 
6505,2015,145.50,0.134668,150.000000 
6506,2019,146.53,0.185558,150.000000 
6507,2014,145.25,0.168582,150.000000 
6508,2021,147.04,0.189827,150.000000 
6509,2020,146.79,0.160118,150.000000 
6510,2017,146.02,0.164366,150.000000 
6511,2013,144.99,0.177107,150.000000 
6512,2017,146.02,0.194115,150.000000 
6513,2017,146.02,0.177128,150.000000 
6514,2019,146.53,0.177138,150.000000 
6515,2017,146.02,0.168657,150.000000 
6516,2029,149.09,0.177155,150.000000 
6517,2019,146.53,0.126315,150.000000 
6518,1989,138.79,0.168677,150.000000 
6519,2019,146.53,0.296674,150.000000 
6520,2016,145.76,0.168712,150.000000 
6521,2018,146.27,0.181458,150.000000 
6522,2018,146.27,0.172974,150.000000 
6523,2018,146.27,0.172983,150.000000 
6524,2019,146.53,0.172992,150.000000 
6525,2025,148.07,0.168757,150.000000 
6526,2023,147.56,0.143331,150.000000 
6527,2018,146.27,0.151807,150.000000 
6528,2011,144.48,0.173020,150.000000 
6529,2018,146.27,0.202781,150.000000 
6530,2020,146.79,0.173042,150.000000 
6531,2020,146.79,0.164563,150.000000 
6532,2016,145.76,0.164571,150.000000 
6533,2031,149.60,0.181559,150.000000 
6534,2018,146.27,0.118018,150.000000 
6535,2022,147.30,0.173077,150.000000 
6536,2020,146.79,0.156117,150.000000 
6537,2007,143.45,0.164605,150.000000 
6538,2022,147.30,0.219887,150.000000 
6539,2023,147.56,0.156147,150.000000 
6540,2015,145.50,0.151915,150.000000 
6541,2023,147.56,0.185870,150.000000 
6542,2022,147.30,0.151932,150.000000 
6543,2019,146.53,0.156176,150.000000 
6544,2023,147.56,0.168906,150.000000 
6545,2026,148.32,0.151952,150.000000 
6546,2027,148.58,0.139253,150.000000 
6547,2031,149.60,0.135024,150.000000 
6548,2029,149.09,0.118114,150.000000 
6549,2025,148.07,0.126569,150.000000 
6550,2026,148.32,0.143497,150.000000 
6551,1998,141.12,0.139268,150.000000 
6552,2027,148.58,0.258388,150.000000 
6553,2023,147.56,0.135060,150.000000 
6554,2022,147.30,0.152002,150.000000 
6555,2025,148.07,0.156246,150.000000 
6556,2026,148.32,0.143542,150.000000 
6557,2026,148.32,0.139313,150.000000 
6558,2026,148.32,0.139317,150.000000 
6559,2035,150.62,0.139321,150.000000 
6560,2023,147.56,0.101289,150.000000 
6561,2026,148.32,0.152029,150.000000 
6562,2026,148.32,0.139329,150.000000 
6563,2032,149.86,0.139333,150.000000 
6564,2025,148.07,0.113967,150.000000 
6565,2027,148.58,0.143571,150.000000 
6566,2023,147.56,0.135110,150.000000 
6567,2029,149.09,0.152051,150.000000 
6568,2013,144.99,0.126659,150.000000 
6569,2022,147.30,0.194510,150.000000 
6570,2021,147.04,0.156309,150.000000 
6571,2021,147.04,0.160555,150.000000 
6572,2043,152.66,0.160562,150.000000 
6573,2023,147.56,0.067645,150.000000 
6574,2032,149.86,0.152085,150.000000 
6575,2030,149.35,0.114015,150.000000 
6576,2022,147.30,0.122466,150.000000 
6577,2016,145.76,0.156331,150.000000 
6578,2018,146.27,0.181799,150.000000 
6579,2026,148.32,0.173316,150.000000 
6580,2024,147.81,0.139413,150.000000 
6581,2034,150.37,0.147885,150.000000 
6582,2018,146.27,0.105606,150.000000 
6583,1979,136.20,0.173333,150.000000 
6584,2019,146.53,0.340053,150.000000 
6585,2019,146.53,0.169130,150.000000 
6586,2018,146.27,0.169139,150.000000 
6587,2019,146.53,0.173391,150.000000 
6588,2021,147.04,0.169156,150.000000 
6589,2020,146.79,0.160680,150.000000 
6590,2023,147.56,0.164928,150.000000 
6591,2020,146.79,0.152216,150.000000 
6592,2021,147.04,0.164942,150.000000 
6593,2025,148.07,0.160708,150.000000 
6594,2022,147.30,0.143765,150.000000 
6595,2024,147.81,0.156480,150.000000 
6596,2023,147.56,0.148011,150.000000 
6597,2025,148.07,0.152253,150.000000 
6598,2021,147.04,0.143787,150.000000 
6599,2022,147.30,0.160742,150.000000 
6600,2025,148.07,0.156509,150.000000 
6601,2022,147.30,0.143805,150.000000 
6602,2018,146.27,0.156520,150.000000 
6603,2022,147.30,0.173494,150.000000 
6604,2032,149.86,0.156535,150.000000 
6605,2022,147.30,0.114227,150.000000 
6606,2023,147.56,0.156542,150.000000 
6607,2021,147.04,0.152310,150.000000 
6608,2015,145.50,0.160794,150.000000 
6609,2022,147.30,0.186271,150.000000 
6610,2022,147.30,0.156572,150.000000 
6611,2021,147.04,0.156578,150.000000 
6612,2026,148.32,0.160824,150.000000 
6613,2026,148.32,0.139648,150.000000 
6614,2025,148.07,0.139652,150.000000 
6615,2025,148.07,0.143889,150.000000 
6616,2032,149.86,0.143894,150.000000 
6617,2025,148.07,0.114294,150.000000 
6618,2022,147.30,0.143899,150.000000 
6619,2021,147.04,0.156614,150.000000 
6620,2027,148.58,0.160860,150.000000 
6621,2020,146.79,0.135451,150.000000 
6622,2021,147.04,0.165112,150.000000 
6623,2017,146.02,0.160878,150.000000 
6624,2019,146.53,0.177859,150.000000 
6625,2022,147.30,0.169379,150.000000 
6626,2027,148.58,0.156663,150.000000 
6627,2022,147.30,0.135493,150.000000 
6628,2022,147.30,0.156673,150.000000 
6629,2022,147.30,0.156679,150.000000 
6630,2022,147.30,0.156686,150.000000 
6631,2028,148.84,0.156692,150.000000 
6632,2023,147.56,0.131292,150.000000 
6633,2026,148.32,0.152463,150.000000 
6634,2020,146.79,0.139763,150.000000 
6635,2022,147.30,0.165192,150.000000 
6636,2022,147.30,0.156719,150.000000 
6637,2026,148.32,0.156725,150.000000 
6638,2027,148.58,0.139788,150.000000 
6639,2026,148.32,0.135559,150.000000 
6640,2023,147.56,0.139795,150.000000 
6641,2026,148.32,0.152505,150.000000 
6642,2020,146.79,0.139805,150.000000 
6643,2015,145.50,0.165234,150.000000 
6644,2018,146.27,0.186471,150.000000 
6645,2022,147.30,0.173739,150.000000 
6646,2019,146.53,0.156780,150.000000 
6647,2028,148.84,0.169510,150.000000 
6648,2020,146.79,0.131388,150.000000 
6649,2022,147.30,0.165278,150.000000 
6650,2019,146.53,0.156805,150.000000 
6651,2014,145.25,0.169535,150.000000 
6652,2017,146.02,0.190780,150.000000 
6653,2026,148.32,0.178045,150.000000 
6654,2018,146.27,0.139897,150.000000 
6655,2019,146.53,0.173813,150.000000 
6656,2027,148.58,0.169577,150.000000 
6657,2019,146.53,0.135685,150.000000 
6658,2018,146.27,0.169589,150.000000 
6659,2018,146.27,0.173841,150.000000 
6660,2016,145.76,0.173850,150.000000 
6661,2017,146.02,0.182352,150.000000 
6662,2019,146.53,0.178115,150.000000 
6663,2020,146.79,0.169634,150.000000 
6664,2029,149.09,0.165400,150.000000 
6665,2014,145.25,0.127290,150.000000 
6666,2018,146.27,0.190889,150.000000 
6667,2016,145.76,0.173908,150.000000 
6668,2010,144.22,0.182410,150.000000 
6669,2016,145.76,0.207936,150.000000 
6670,2021,147.04,0.182434,150.000000 
6671,2021,147.04,0.161222,150.000000 
6672,2016,145.76,0.161229,150.000000 
6673,2019,146.53,0.182458,150.000000 
6674,2018,146.27,0.169731,150.000000 
6675,2020,146.79,0.173983,150.000000 
6676,2026,148.32,0.165505,150.000000 
6677,2023,147.56,0.140088,150.000000 
6678,2021,147.04,0.152797,150.000000 
6679,2025,148.07,0.161281,150.000000 
6680,2032,149.86,0.144338,150.000000 
6681,2024,147.81,0.114738,150.000000 
6682,1994,140.09,0.148578,150.000000 
6683,2025,148.07,0.276345,150.000000 
6684,2022,147.30,0.144372,150.000000 
6685,2012,144.73,0.157087,150.000000 
6686,2018,146.27,0.199559,150.000000 
6687,2017,146.02,0.174074,150.000000 
6688,2009,143.96,0.178328,150.000000 
6689,2016,145.76,0.212359,150.000000 
6690,2018,146.27,0.182600,150.000000 
6691,2013,144.99,0.174117,150.000000 
6692,1999,141.38,0.195370,150.000000 
6693,2014,145.25,0.255067,150.000000 
6694,2015,145.50,0.191150,150.000000 
6695,2019,146.53,0.186911,150.000000 
6696,2012,144.73,0.169935,150.000000 
6697,2031,149.60,0.199686,150.000000 
6698,2023,147.56,0.119143,150.000000 
6699,2021,147.04,0.152995,150.000000 
6700,2026,148.32,0.161479,150.000000 
6701,2022,147.30,0.140302,150.000000 
6702,2019,146.53,0.157250,150.000000 
6703,2026,148.32,0.169980,150.000000 
6704,2026,148.32,0.140321,150.000000 
6705,2027,148.58,0.140325,150.000000 
6706,2018,146.27,0.136097,150.000000 
6707,2019,146.53,0.174244,150.000000 
6708,2025,148.07,0.170009,150.000000 
6709,2019,146.53,0.144583,150.000000 
6710,2021,147.04,0.170022,150.000000 
6711,2022,147.30,0.161546,150.000000 
6712,2021,147.04,0.157313,150.000000 
6713,2022,147.30,0.161559,150.000000 
6714,2022,147.30,0.157327,150.000000 
6715,2020,146.79,0.157333,150.000000 
6716,2023,147.56,0.165821,150.000000 
6717,2021,147.04,0.153109,150.000000 
6718,2020,146.79,0.161593,150.000000 
6719,2014,145.25,0.165841,150.000000 
6720,2019,146.53,0.191328,150.000000 
6721,2002,142.16,0.170103,150.000000 
6722,2023,147.56,0.242471,150.000000 
6723,2022,147.30,0.153167,150.000000 
6724,2026,148.32,0.157412,150.000000 
6725,2011,144.48,0.140474,150.000000 
6726,2027,148.58,0.204143,150.000000 
6727,2028,148.84,0.136259,150.000000 
6728,2028,148.84,0.132032,150.000000 
6729,2029,149.09,0.132034,150.000000 
6730,2031,149.60,0.127808,150.000000 
6731,2027,148.58,0.119356,150.000000 
6732,2026,148.32,0.136271,150.000000 
6733,2025,148.07,0.140507,150.000000 
6734,2026,148.32,0.144744,150.000000 
6735,2032,149.86,0.140515,150.000000 
6736,2027,148.58,0.115149,150.000000 
6737,2019,146.53,0.136287,150.000000 
6738,2017,146.02,0.170191,150.000000 
6739,2021,147.04,0.178689,150.000000 
6740,2018,146.27,0.161724,150.000000 
6741,2018,146.27,0.174460,150.000000 
6742,2020,146.79,0.174469,150.000000 
6743,2020,146.79,0.165990,150.000000 
6744,2017,146.02,0.165998,150.000000 
6745,2017,146.02,0.178739,150.000000 
6746,2017,146.02,0.178748,150.000000 
6747,2020,146.79,0.178758,150.000000 
6748,2021,147.04,0.166034,150.000000 
6749,2023,147.56,0.161800,150.000000 
6750,2026,148.32,0.153329,150.000000 
6751,2023,147.56,0.140630,150.000000 
6752,2027,148.58,0.153339,150.000000 
6753,2026,148.32,0.136407,150.000000 
6754,2022,147.30,0.140643,150.000000 
6755,2030,149.35,0.157591,150.000000 
6756,2020,146.79,0.123733,150.000000 
6757,2026,148.32,0.166080,150.000000 
6758,2025,148.07,0.140662,150.000000 
6759,2026,148.32,0.144900,150.000000 
6760,2018,146.27,0.140671,150.000000 
6761,2019,146.53,0.174587,150.000000 
6762,2025,148.07,0.170352,150.000000 
6763,2021,147.04,0.144926,150.000000 
6764,2007,143.45,0.161880,150.000000 
6765,2021,147.04,0.221403,150.000000 
6766,2027,148.58,0.161903,150.000000 
6767,2020,146.79,0.136494,150.000000 
6768,2026,148.32,0.166155,150.000000 
6769,2023,147.56,0.140737,150.000000 
6770,2022,147.30,0.153447,150.000000 
6771,2023,147.56,0.157691,150.000000 
6772,2011,144.48,0.153459,150.000000 
6773,2025,148.07,0.204424,150.000000 
6774,2023,147.56,0.145006,150.000000 
6775,2038,151.39,0.153483,150.000000 
6776,2031,149.60,0.090096,150.000000 
6777,2029,149.09,0.119634,150.000000 
6778,2029,149.09,0.128088,150.000000 
6779,2026,148.32,0.128091,150.000000 
6780,2018,146.27,0.140785,150.000000 
6781,2033,150.11,0.174701,150.000000 
6782,2021,147.04,0.111204,150.000000 
6783,2020,146.79,0.161981,150.000000 
6784,2022,147.30,0.166229,150.000000 
6785,2001,141.90,0.157756,150.000000 
6786,2018,146.27,0.247116,150.000000 
6787,2020,146.79,0.174750,150.000000 
6788,2021,147.04,0.166272,150.000000 
6789,2004,142.67,0.162038,150.000000 
6790,2021,147.04,0.234353,150.000000 
6791,2020,146.79,0.162062,150.000000 
6792,2014,145.25,0.166311,150.000000 
6793,1996,140.61,0.191798,150.000000 
6794,2025,148.07,0.268575,150.000000 
6795,2025,148.07,0.145161,150.000000 
6796,2032,149.86,0.145165,150.000000 
6797,2022,147.30,0.115566,150.000000 
6798,2026,148.32,0.157880,150.000000 
6799,2022,147.30,0.140943,150.000000 
6800,2032,149.86,0.157891,150.000000 
6801,2023,147.56,0.115583,150.000000 
6802,2028,148.84,0.153659,150.000000 
6803,2027,148.58,0.132496,150.000000 
6804,2015,145.50,0.136730,150.000000 
6805,2027,148.58,0.187620,150.000000 
6806,2023,147.56,0.136744,150.000000 
6807,2022,147.30,0.153685,150.000000 
6808,2021,147.04,0.157929,150.000000 
6809,2021,147.04,0.162176,150.000000 
6810,2021,147.04,0.162183,150.000000 
6811,2021,147.04,0.162190,150.000000 
6812,2020,146.79,0.162197,150.000000 
6813,2020,146.79,0.166445,150.000000 
6814,2022,147.30,0.166453,150.000000 
6815,2022,147.30,0.157979,150.000000 
6816,2022,147.30,0.157986,150.000000 
6817,2021,147.04,0.157992,150.000000 
6818,2027,148.58,0.162238,150.000000 
6819,2026,148.32,0.136829,150.000000 
6820,2029,149.09,0.141065,150.000000 
6821,2018,146.27,0.128377,150.000000 
6822,2025,148.07,0.174983,150.000000 
6823,2022,147.30,0.145314,150.000000 
6824,2020,146.79,0.158029,150.000000 
6825,2018,146.27,0.166516,150.000000 
6826,2021,147.04,0.175011,150.000000 
6827,2021,147.04,0.162291,150.000000 
6828,2019,146.53,0.162298,150.000000 
6829,2028,148.84,0.170789,150.000000 
6830,2025,148.07,0.132667,150.000000 
6831,2021,147.04,0.145366,150.000000 
6832,2019,146.53,0.162321,150.000000 
6833,2018,146.27,0.170812,150.000000 
6834,2022,147.30,0.175065,150.000000 
6835,2021,147.04,0.158105,150.000000 
6836,2027,148.58,0.162351,150.000000 
6837,2020,146.79,0.136942,150.000000 
6838,2026,148.32,0.166603,150.000000 
6839,2023,147.56,0.141186,150.000000 
6840,2027,148.58,0.153895,150.000000 
6841,2029,149.09,0.136963,150.000000 
6842,2006,143.19,0.128507,150.000000 
6843,2023,147.56,0.226163,150.000000 
6844,2006,143.19,0.153923,150.000000 
6845,2032,149.86,0.226185,150.000000 
6846,2026,148.32,0.115869,150.000000 
6847,2029,149.09,0.141240,150.000000 
6848,2025,148.07,0.128552,150.000000 
6849,2020,146.79,0.145479,150.000000 
6850,2027,148.58,0.166675,150.000000 
6851,2025,148.07,0.137026,150.000000 
6852,2026,148.32,0.145495,150.000000 
6853,2027,148.58,0.141266,150.000000 
6854,2025,148.07,0.137038,150.000000 
6855,2021,147.04,0.145507,150.000000 
6856,2033,150.11,0.162462,150.000000 
6857,2026,148.32,0.111691,150.000000 
6858,2021,147.04,0.141285,150.000000 
6859,2019,146.53,0.162472,150.000000 
6860,2215,195.05,0.170964,150.000000 
6861,2021,147.04,-0.631655,150.000000 
6862,2022,147.30,0.162381,150.000000 
6863,2021,147.04,0.158148,150.000000 
6864,2021,147.04,0.162394,150.000000 
6865,2018,146.27,0.162401,150.000000 
6866,2011,144.48,0.175137,150.000000 
6867,2021,147.04,0.204898,150.000000 
6868,2021,147.04,0.162430,150.000000 
6869,2018,146.27,0.162437,150.000000 
6870,2015,145.50,0.175173,150.000000 
6871,2020,146.79,0.187924,150.000000 
6872,2018,146.27,0.166705,150.000000 
6873,2018,146.27,0.175200,150.000000 
6874,2021,147.04,0.175209,150.000000 
6875,2019,146.53,0.162489,150.000000 
6876,2030,149.35,0.170980,150.000000 
6877,2016,145.76,0.124401,150.000000 
6878,2013,144.99,0.183728,150.000000 
6879,2026,148.32,0.196489,150.000000 
6880,2011,144.48,0.141344,150.000000 
6881,2016,145.76,0.205013,150.000000 
6882,2021,147.04,0.183767,150.000000 
6883,2018,146.27,0.162555,150.000000 
6884,2014,145.25,0.175291,150.000000 
6885,2009,143.96,0.192292,150.000000 
6886,2017,146.02,0.213578,150.000000 
6887,2021,147.04,0.179571,150.000000 
6888,2019,146.53,0.162606,150.000000 
6889,2020,146.79,0.171097,150.000000 
6890,2022,147.30,0.166863,150.000000 
6891,2021,147.04,0.158389,150.000000 
6892,2017,146.02,0.162636,150.000000 
6893,2025,148.07,0.179617,150.000000 
6894,2021,147.04,0.145702,150.000000 
6895,2029,149.09,0.162657,150.000000 
6896,2021,147.04,0.128788,150.000000 
6897,2021,147.04,0.162666,150.000000 
6898,2023,147.56,0.162673,150.000000 
6899,2030,149.35,0.154202,150.000000 
6900,2019,146.53,0.124582,150.000000 
6901,2021,147.04,0.171171,150.000000 
6902,2022,147.30,0.162695,150.000000 
6903,2023,147.56,0.158463,150.000000 
6904,2030,149.35,0.154231,150.000000 
6905,2020,146.79,0.124611,150.000000 
6906,2029,149.09,0.166958,150.000000 
6907,2028,148.84,0.128848,150.000000 
6908,2021,147.04,0.133079,150.000000 
6909,2032,149.86,0.162729,150.000000 
6910,2029,149.09,0.116182,150.000000 
6911,2026,148.32,0.128861,150.000000 
6912,2022,147.30,0.141555,150.000000 
6913,2010,144.22,0.158503,150.000000 
6914,2025,148.07,0.209486,150.000000 
6915,2026,148.32,0.145812,150.000000 
6916,2025,148.07,0.141584,150.000000 
6917,2009,143.96,0.145821,150.000000 
6918,2026,148.32,0.213771,150.000000 
6919,2019,146.53,0.141607,150.000000 
6920,2026,148.32,0.171278,150.000000 
6921,2028,148.84,0.141619,150.000000 
6922,2026,148.32,0.133160,150.000000 
6923,2023,147.56,0.141626,150.000000 
6924,2028,148.84,0.154335,150.000000 
6925,2032,149.86,0.133172,150.000000 
6926,2022,147.30,0.116267,150.000000 
6927,2027,148.58,0.158582,150.000000 
6928,2027,148.58,0.137412,150.000000 
6929,2028,148.84,0.137416,150.000000 
6930,2026,148.32,0.133188,150.000000 
6931,2027,148.58,0.141654,150.000000 
6932,2025,148.07,0.137426,150.000000 
6933,2023,147.56,0.145895,150.000000 
6934,2020,146.79,0.154372,150.000000 
6935,2025,148.07,0.167097,150.000000 
6936,2026,148.32,0.145913,150.000000 
6937,2022,147.30,0.141684,150.000000 
6938,2026,148.32,0.158632,150.000000 
6939,2024,147.81,0.141695,150.000000 
6940,2019,146.53,0.150167,150.000000 
6941,2018,146.27,0.171372,150.000000 
6942,2025,148.07,0.175624,150.000000 
6943,2026,148.32,0.145955,150.000000 
6944,2026,148.32,0.141726,150.000000 
6945,2006,143.19,0.141730,150.000000 
6946,2024,147.81,0.226696,150.000000 
6947,2020,146.79,0.150219,150.000000 
6948,2020,146.79,0.167180,150.000000 
6949,2004,142.67,0.167188,150.000000 
6950,2019,146.53,0.235262,150.000000 
6951,2022,147.30,0.171455,150.000000 
6952,2021,147.04,0.158740,150.000000 
6953,2027,148.58,0.162986,150.000000 
6954,2021,147.04,0.137577,150.000000 
6955,2022,147.30,0.162996,150.000000 
6956,2019,146.53,0.158764,150.000000 
6957,2019,146.53,0.171494,150.000000 
6958,2017,146.02,0.171502,150.000000 
6959,2020,146.79,0.180001,150.000000 
6960,2018,146.27,0.167277,150.000000 
6961,2018,146.27,0.175772,150.000000 
6962,2016,145.76,0.175781,150.000000 
6963,2016,145.76,0.184283,150.000000 
6964,2021,147.04,0.184293,150.000000 
6965,2015,145.50,0.163081,150.000000 
6966,2016,145.76,0.188559,150.000000 
6967,2021,147.04,0.184321,150.000000 
6968,2020,146.79,0.163109,150.000000 
6969,2016,145.76,0.167357,150.000000 
6970,2030,149.35,0.184345,150.000000 
6971,2023,147.56,0.125031,150.000000 
6972,2017,146.02,0.154657,150.000000 
6973,2017,146.02,0.180116,150.000000 
6974,2023,147.56,0.180125,150.000000 
6975,2022,147.30,0.154682,150.000000 
6976,1994,140.09,0.158926,150.000000 
6977,2021,147.04,0.278219,150.000000 
6978,2019,146.53,0.163196,150.000000 
6979,2018,146.27,0.171687,150.000000 
6980,2030,149.35,0.175940,150.000000 
6981,2026,148.32,0.125117,150.000000 
6982,2024,147.81,0.142038,150.000000 
6983,2022,147.30,0.150511,150.000000 
6984,2025,148.07,0.158991,150.000000 
6985,2023,147.56,0.146287,150.000000 
6986,2022,147.30,0.154764,150.000000 
6987,2022,147.30,0.159008,150.000000 
6988,2020,146.79,0.159014,150.000000 
6989,2020,146.79,0.167502,150.000000 
6990,2019,146.53,0.167510,150.000000 
6991,2021,147.04,0.171760,150.000000 
6992,2019,146.53,0.163284,150.000000 
6993,2019,146.53,0.171775,150.000000 
6994,2016,145.76,0.171784,150.000000 
6995,2020,146.79,0.184529,150.000000 
6996,2018,146.27,0.167559,150.000000 
6997,2017,146.02,0.176054,150.000000 
6998,2022,147.30,0.180309,150.000000 
6999,2019,146.53,0.159104,150.000000 
7000,2025,148.07,0.171834,150.000000 
7001,2020,146.79,0.146408,150.000000 
7002,2025,148.07,0.167604,150.000000 
7003,2028,148.84,0.146421,150.000000 
7004,2022,147.30,0.133728,150.000000 
7005,2027,148.58,0.159138,150.000000 
7006,1997,140.86,0.137968,150.000000 
7007,2026,148.32,0.265597,150.000000 
7008,2025,148.07,0.142226,150.000000 
7009,2024,147.81,0.146463,150.000000 
7010,2028,148.84,0.150703,150.000000 
7011,2016,145.76,0.133777,150.000000 
7012,2022,147.30,0.184648,150.000000 
7013,2012,144.73,0.159196,150.000000 
7014,2019,146.53,0.201669,150.000000 
7015,2021,147.04,0.171939,150.000000 
7016,2027,148.58,0.163463,150.000000 
7017,2014,145.25,0.138054,150.000000 
7018,2015,145.50,0.193195,150.000000 
7019,2017,146.02,0.188956,150.000000 
7020,2020,146.79,0.180470,150.000000 
7021,2021,147.04,0.167746,150.000000 
7022,1993,139.83,0.163513,150.000000 
7023,2017,146.02,0.282849,150.000000 
7024,2016,145.76,0.180518,150.000000 
7025,2019,146.53,0.184775,150.000000 
7026,2018,146.27,0.172048,150.000000 
7027,2027,148.58,0.176300,150.000000 
7028,2021,147.04,0.138165,150.000000 
7029,2031,149.60,0.163584,150.000000 
7030,2021,147.04,0.121262,150.000000 
7031,2021,147.04,0.163592,150.000000 
7032,2018,146.27,0.163599,150.000000 
7033,2007,143.45,0.176335,150.000000 
7034,2027,148.58,0.223131,150.000000 
7035,2023,147.56,0.138215,150.000000 
7036,2028,148.84,0.155156,150.000000 
7037,2021,147.04,0.133993,150.000000 
7038,2027,148.58,0.163643,150.000000 
7039,2026,148.32,0.138234,150.000000 
7040,2025,148.07,0.142469,150.000000 
7041,2030,149.35,0.146707,150.000000 
7042,2026,148.32,0.125558,150.000000 
7043,2023,147.56,0.142480,150.000000 
7044,2014,145.25,0.155189,150.000000 
7045,2031,149.60,0.193394,150.000000 
7046,2021,147.04,0.121355,150.000000 
7047,2020,146.79,0.163685,150.000000 
7048,2021,147.04,0.167933,150.000000 
7049,2001,141.90,0.163700,150.000000 
7050,2017,146.02,0.248821,150.000000 
7051,2023,147.56,0.180700,150.000000 
7052,2022,147.30,0.155258,150.000000 
7053,2000,141.64,0.159502,150.000000 
7054,2019,146.53,0.253133,150.000000 
7055,2024,147.81,0.172252,150.000000 
7056,2019,146.53,0.151061,150.000000 
7057,2029,149.09,0.172265,150.000000 
7058,2043,152.66,0.129914,150.000000 
7059,2021,147.04,0.070867,150.000000 
7060,2023,147.56,0.163785,150.000000 
7061,2030,149.35,0.155314,150.000000 
7062,2026,148.32,0.125695,150.000000 
7063,2028,148.84,0.142616,150.000000 
7064,2026,148.32,0.134157,150.000000 
7065,2029,149.09,0.142623,150.000000 
7066,2030,149.35,0.129935,150.000000 
7067,2029,149.09,0.125709,150.000000 
7068,2025,148.07,0.129938,150.000000 
7069,2021,147.04,0.146866,150.000000 
7070,2026,148.32,0.163821,150.000000 
7071,2030,149.35,0.142644,150.000000 
7072,2027,148.58,0.125728,150.000000 
7073,2055,155.71,0.138417,150.000000 
7074,2027,148.58,0.020535,150.000000 
7075,2023,147.56,0.138407,150.000000 
7076,2027,148.58,0.155348,150.000000 
7077,2026,148.32,0.138416,150.000000 
7078,2026,148.32,0.142652,150.000000 
7079,2032,149.86,0.142656,150.000000 
7080,2026,148.32,0.117290,150.000000 
7081,2023,147.56,0.142661,150.000000 
7082,2023,147.56,0.155370,150.000000 
7083,2028,148.84,0.155376,150.000000 
7084,2027,148.58,0.134213,150.000000 
7085,2026,148.32,0.138446,150.000000 
7086,2023,147.56,0.142682,150.000000 
7087,2023,147.56,0.155392,150.000000 
7088,2026,148.32,0.155398,150.000000 
7089,2022,147.30,0.142698,150.000000 
7090,2025,148.07,0.159646,150.000000 
7091,2026,148.32,0.146942,150.000000 
7092,2025,148.07,0.142713,150.000000 
7093,2025,148.07,0.146950,150.000000 
7094,2032,149.86,0.146955,150.000000 
7095,2029,149.09,0.117355,150.000000 
7096,2022,147.30,0.130034,150.000000 
7097,2022,147.30,0.159672,150.000000 
7098,2026,148.32,0.159679,150.000000 
7099,2023,147.56,0.142741,150.000000 
7100,2032,149.86,0.155451,150.000000 
7101,2022,147.30,0.117381,150.000000 
7102,2022,147.30,0.159695,150.000000 
7103,2026,148.32,0.159702,150.000000 
7104,2026,148.32,0.142764,150.000000 
7105,2027,148.58,0.142768,150.000000 
7106,2023,147.56,0.138540,150.000000 
7107,2023,147.56,0.155481,150.000000 
7108,2025,148.07,0.155487,150.000000 
7109,2028,148.84,0.147021,150.000000 
7110,2022,147.30,0.134329,150.000000 
7111,2026,148.32,0.159738,150.000000 
7112,2026,148.32,0.142801,150.000000 
7113,2016,145.76,0.142805,150.000000 
7114,2021,147.04,0.185214,150.000000 
7115,2027,148.58,0.164003,150.000000 
7116,2026,148.32,0.138594,150.000000 
7117,2027,148.58,0.142830,150.000000 
7118,2030,149.35,0.138601,150.000000 
7119,2026,148.32,0.125917,150.000000 
7120,2028,148.84,0.142838,150.000000 
7121,2029,149.09,0.134379,150.000000 
7122,2031,149.60,0.130153,150.000000 
7123,2026,148.32,0.121701,150.000000 
7124,2022,147.30,0.142848,150.000000 
7125,2030,149.35,0.159796,150.000000 
7126,2029,149.09,0.125939,150.000000 
7127,2025,148.07,0.130168,150.000000 
7128,2029,149.09,0.147096,150.000000 
7129,2017,146.02,0.130175,150.000000 
7130,2019,146.53,0.181027,150.000000 
7131,2025,148.07,0.172546,150.000000 
7132,2021,147.04,0.147120,150.000000 
7133,2029,149.09,0.164075,150.000000 
7134,2025,148.07,0.130206,150.000000 
7135,2020,146.79,0.147134,150.000000 
7136,2025,148.07,0.168330,150.000000 
7137,2021,147.04,0.147146,150.000000 
7138,2029,149.09,0.164101,150.000000 
7139,2023,147.56,0.130232,150.000000 
7140,2014,145.25,0.155632,150.000000 
7141,2015,145.50,0.193837,150.000000 
7142,2018,146.27,0.189598,150.000000 
7143,2018,146.27,0.176867,150.000000 
7144,2017,146.02,0.176875,150.000000 
7145,2019,146.53,0.181130,150.000000 
7146,2024,147.81,0.172649,150.000000 
7147,2021,147.04,0.151459,150.000000 
7148,2017,146.02,0.164179,150.000000 
7149,2091,164.76,0.181160,150.000000 
7150,2023,147.56,-0.128929,150.000000 
7151,2025,148.07,0.155682,150.000000 
7152,2020,146.79,0.147216,150.000000 
7153,2021,147.04,0.168412,150.000000 
7154,2023,147.56,0.164178,150.000000 
7155,2020,146.79,0.155707,150.000000 
7156,2025,148.07,0.168432,150.000000 
7157,2035,150.62,0.147249,150.000000 
7158,2027,148.58,0.104984,150.000000 
7159,2029,149.09,0.138786,150.000000 
7160,2029,149.09,0.130329,150.000000 
7161,2009,143.96,0.130332,150.000000 
7162,2022,147.30,0.215205,150.000000 
7163,2028,148.84,0.159984,150.000000 
7164,2022,147.30,0.134584,150.000000 
7165,2021,147.04,0.159993,150.000000 
7166,2022,147.30,0.164239,150.000000 
7167,2026,148.32,0.160007,150.000000 
7168,2021,147.04,0.143069,150.000000 
7169,2022,147.30,0.164257,150.000000 
7170,2022,147.30,0.160024,150.000000 
7171,1990,139.05,0.160031,150.000000 
7172,2021,147.04,0.296462,150.000000 
7173,2019,146.53,0.164303,150.000000 
7174,2022,147.30,0.172794,150.000000 
7175,2022,147.30,0.160078,150.000000 
7176,2022,147.30,0.160085,150.000000 
7177,2025,148.07,0.160091,150.000000 
7178,2021,147.04,0.147387,150.000000 
7179,2026,148.32,0.164342,150.000000 
7180,2020,146.79,0.143165,150.000000 
7181,1959,130.97,0.168594,150.000000 
7182,2026,148.32,0.430187,150.000000 
7183,2025,148.07,0.143222,150.000000 
7184,2023,147.56,0.147460,150.000000 
7185,2021,147.04,0.155936,150.000000 
7186,2018,146.27,0.164420,150.000000 
7187,2021,147.04,0.177156,150.000000 
7188,2019,146.53,0.164436,150.000000 
7189,2014,145.25,0.172927,150.000000 
7190,2016,145.76,0.194172,150.000000 
7191,2018,146.27,0.185684,150.000000 
7192,2025,148.07,0.177201,150.000000 
7193,2032,149.86,0.147532,150.000000 
7194,2025,148.07,0.117932,150.000000 
7195,2021,147.04,0.147537,150.000000 
7196,2020,146.79,0.164491,150.000000 
7197,2027,148.58,0.168740,150.000000 
7198,2020,146.79,0.139090,150.000000 
7199,2022,147.30,0.168751,150.000000 
7200,2023,147.56,0.160277,150.000000 
7201,2019,146.53,0.156045,150.000000 
7202,2022,147.30,0.173013,150.000000 
7203,2029,149.09,0.160298,150.000000 
7204,2028,148.84,0.130668,150.000000 
7205,2029,149.09,0.134899,150.000000 
7206,2027,148.58,0.130673,150.000000 
7207,2029,149.09,0.139135,150.000000 
7208,2031,149.60,0.130679,150.000000 
7209,2027,148.58,0.122227,150.000000 
7210,2031,149.60,0.139141,150.000000 
7211,2027,148.58,0.122231,150.000000 
7212,2025,148.07,0.139146,150.000000 
7213,2025,148.07,0.147615,150.000000 
7214,2013,144.99,0.147620,150.000000 
7215,2027,148.58,0.198547,150.000000 
7216,2027,148.58,0.139170,150.000000 
7217,2023,147.56,0.139174,150.000000 
7218,2029,149.09,0.156115,150.000000 
7219,2025,148.07,0.130723,150.000000 
7220,2009,143.96,0.147651,150.000000 
7221,2027,148.58,0.215601,150.000000 
7222,2032,149.86,0.139204,150.000000 
7223,2023,147.56,0.118069,150.000000 
7224,2011,144.48,0.156145,150.000000 
7225,2027,148.58,0.207111,150.000000 
7226,2006,143.19,0.139226,150.000000 
7227,2017,146.02,0.228424,150.000000 
7228,2017,146.02,0.181636,150.000000 
7229,2062,157.48,0.181646,150.000000 
7230,2003,142.41,-0.007907,150.000000 
7231,2013,144.99,0.241238,150.000000 
7232,2019,146.53,0.198654,150.000000 
7233,2018,146.27,0.173177,150.000000 
7234,2023,147.56,0.177430,150.000000 
7235,2022,147.30,0.156232,150.000000 
7236,2028,148.84,0.160476,150.000000 
7237,2019,146.53,0.135076,150.000000 
7238,2010,144.22,0.173209,150.000000 
7239,2027,148.58,0.211471,150.000000 
7240,2021,147.04,0.139331,150.000000 
7241,2021,147.04,0.164751,150.000000 
7242,2022,147.30,0.164758,150.000000 
7243,2019,146.53,0.160525,150.000000 
7244,2024,147.81,0.173255,150.000000 
7245,2021,147.04,0.152065,150.000000 
7246,2017,146.02,0.164785,150.000000 
7247,2025,148.07,0.181766,150.000000 
7248,2027,148.58,0.147851,150.000000 
7249,2019,146.53,0.139390,150.000000 
7250,2021,147.04,0.173293,150.000000 
7251,2025,148.07,0.164817,150.000000 
7252,2025,148.07,0.147874,150.000000 
7253,2028,148.84,0.147879,150.000000 
7254,2018,146.27,0.135187,150.000000 
7255,2029,149.09,0.177565,150.000000 
7256,2025,148.07,0.130970,150.000000 
7257,2027,148.58,0.147897,150.000000 
7258,2021,147.04,0.139436,150.000000 
7259,2029,149.09,0.164855,150.000000 
7260,2030,149.35,0.130987,150.000000 
7261,2027,148.58,0.126761,150.000000 
7262,1998,141.12,0.139450,150.000000 
7263,2025,148.07,0.262803,150.000000 
7264,2027,148.58,0.147940,150.000000 
7265,2027,148.58,0.139479,150.000000 
7266,2032,149.86,0.139483,150.000000 
7267,2027,148.58,0.118348,150.000000 
7268,2027,148.58,0.139486,150.000000 
7269,2028,148.84,0.139490,150.000000 
7270,2027,148.58,0.135262,150.000000 
7271,2027,148.58,0.139496,150.000000 
7272,2027,148.58,0.139499,150.000000 
7273,2029,149.09,0.139502,150.000000 
7274,2027,148.58,0.131046,150.000000 
7275,2027,148.58,0.139508,150.000000 
7276,2027,148.58,0.139511,150.000000 
7277,2015,145.50,0.139515,150.000000 
7278,2028,148.84,0.190405,150.000000 
7279,2026,148.32,0.135298,150.000000 
7280,2030,149.35,0.143764,150.000000 
7281,2022,147.30,0.126848,150.000000 
7282,2022,147.30,0.160713,150.000000 
7283,2021,147.04,0.160720,150.000000 
7284,2023,147.56,0.164966,150.000000 
7285,2026,148.32,0.156495,150.000000 
7286,2023,147.56,0.143795,150.000000 
7287,2026,148.32,0.156505,150.000000 
7288,2026,148.32,0.143805,150.000000 
7289,2017,146.02,0.143809,150.000000 
7290,2022,147.30,0.181971,150.000000 
7291,2028,148.84,0.160766,150.000000 
7292,2029,149.09,0.135366,150.000000 
7293,2029,149.09,0.131140,150.000000 
7294,2031,149.60,0.131142,150.000000 
7295,2031,149.60,0.122690,150.000000 
7296,2027,148.58,0.122691,150.000000 
7297,2027,148.58,0.139605,150.000000 
7298,2044,152.92,0.139609,150.000000 
7299,2030,149.35,0.067897,150.000000 
7300,2030,149.35,0.126918,150.000000 
7301,2030,149.35,0.126920,150.000000 
7302,2093,165.26,0.126921,150.000000 
7303,2031,149.60,-0.136364,150.000000 
7304,2028,148.84,0.122660,150.000000 
7305,2031,149.60,0.135344,150.000000 
7306,2026,148.32,0.122664,150.000000 
7307,2032,149.86,0.143811,150.000000 
7308,2030,149.35,0.118444,150.000000 
7309,2005,142.93,0.126895,150.000000 
7310,2031,149.60,0.233043,150.000000 
7311,2023,147.56,0.122688,150.000000 
7312,2027,148.58,0.156540,150.000000 
7313,2032,149.86,0.139608,150.000000 
7314,2029,149.09,0.118473,150.000000 
7315,2021,147.04,0.131152,150.000000 
7316,2022,147.30,0.165030,150.000000 
7317,2006,143.19,0.160797,150.000000 
7318,2021,147.04,0.228822,150.000000 
7319,2019,146.53,0.165059,150.000000 
7320,2021,147.04,0.173550,150.000000 
7321,2023,147.56,0.165075,150.000000 
7322,2022,147.30,0.156604,150.000000 
7323,2019,146.53,0.160848,150.000000 
7324,2023,147.56,0.173578,150.000000 
7325,2030,149.35,0.156624,150.000000 
7326,2025,148.07,0.127005,150.000000 
7327,2017,146.02,0.148159,150.000000 
7328,2023,147.56,0.182088,150.000000 
7329,2019,146.53,0.156645,150.000000 
7330,2022,147.30,0.173613,150.000000 
7331,2026,148.32,0.160898,150.000000 
7332,2020,146.79,0.143960,150.000000 
7333,2027,148.58,0.169389,150.000000 
7334,2023,147.56,0.139740,150.000000 
7335,2026,148.32,0.156681,150.000000 
7336,2032,149.86,0.143981,150.000000 
7337,2027,148.58,0.118615,150.000000 
7338,2028,148.84,0.139753,150.000000 
7339,2029,149.09,0.135526,150.000000 
7340,2021,147.04,0.131300,150.000000 
7341,2027,148.58,0.165177,150.000000 
7342,2026,148.32,0.139768,150.000000 
7343,2027,148.58,0.144004,150.000000 
7344,2022,147.30,0.139776,150.000000 
7345,2027,148.58,0.160955,150.000000 
7346,2015,145.50,0.139786,150.000000 
7347,2022,147.30,0.190676,150.000000 
7348,2021,147.04,0.160976,150.000000 
7349,2023,147.56,0.165222,150.000000 
7350,2030,149.35,0.156751,150.000000 
7351,2028,148.84,0.127132,150.000000 
7352,2025,148.07,0.135590,150.000000 
7353,2027,148.58,0.148289,150.000000 
7354,2025,148.07,0.139828,150.000000 
7355,2021,147.04,0.148297,150.000000 
7356,2022,147.30,0.165252,150.000000 
7357,2029,149.09,0.161019,150.000000 
7358,2032,149.86,0.131390,150.000000 
7359,2022,147.30,0.118713,150.000000 
7360,2020,146.79,0.161028,150.000000 
7361,2022,147.30,0.169516,150.000000 
7362,2030,149.35,0.161042,150.000000 
7363,2022,147.30,0.127185,150.000000 
7364,2017,146.02,0.161050,150.000000 
7365,2022,147.30,0.182271,150.000000 
7366,2023,147.56,0.161066,150.000000 
7367,2018,146.27,0.156834,150.000000 
7368,2019,146.53,0.178046,150.000000 
7369,2026,148.32,0.173811,150.000000 
7370,2032,149.86,0.144152,150.000000 
7371,2023,147.56,0.118785,150.000000 
7372,2025,148.07,0.156861,150.000000 
7373,2026,148.32,0.148395,150.000000 
7374,2022,147.30,0.144166,150.000000 
7375,2022,147.30,0.161114,150.000000 
7376,2022,147.30,0.161120,150.000000 
7377,2025,148.07,0.161127,150.000000 
7378,2014,145.25,0.148423,150.000000 
7379,2027,148.58,0.195099,150.000000 
7380,2026,148.32,0.139973,150.000000 
7381,2023,147.56,0.144209,150.000000 
7382,2029,149.09,0.156918,150.000000 
7383,2025,148.07,0.131526,150.000000 
7384,2023,147.56,0.148454,150.000000 
7385,2027,148.58,0.156931,150.000000 
7386,2031,149.60,0.139999,150.000000 
7387,2022,147.30,0.123089,150.000000 
7388,2027,148.58,0.161179,150.000000 
7389,2022,147.30,0.140009,150.000000 
7390,2022,147.30,0.161189,150.000000 
7391,2020,146.79,0.161195,150.000000 
7392,2021,147.04,0.169683,150.000000 
7393,2022,147.30,0.165449,150.000000 
7394,2011,144.48,0.161217,150.000000 
7395,2023,147.56,0.207944,150.000000 
7396,2027,148.58,0.156998,150.000000 
7397,1990,139.05,0.140066,150.000000 
7398,2021,147.04,0.297670,150.000000 
7399,2020,146.79,0.165511,150.000000 
7400,2019,146.53,0.169759,150.000000 
7401,2022,147.30,0.174010,150.000000 
7402,2021,147.04,0.161294,150.000000 
7403,2022,147.30,0.165540,150.000000 
7404,2021,147.04,0.161308,150.000000 
7405,2022,147.30,0.165554,150.000000 
7406,2022,147.30,0.161321,150.000000 
7407,2020,146.79,0.161328,150.000000 
7408,2021,147.04,0.169815,150.000000 
7409,2021,147.04,0.165581,150.000000 
7410,2022,147.30,0.165588,150.000000 
7411,2025,148.07,0.161356,150.000000 
7412,2026,148.32,0.148652,150.000000 
7413,2010,144.22,0.144423,150.000000 
7414,2026,148.32,0.212348,150.000000 
7415,2023,147.56,0.144441,150.000000 
7416,2026,148.32,0.157150,150.000000 
7417,2026,148.32,0.144451,150.000000 
7418,2028,148.84,0.144454,150.000000 
7419,2026,148.32,0.135995,150.000000 
7420,2027,148.58,0.144461,150.000000 
7421,2034,150.37,0.140233,150.000000 
7422,2030,149.35,0.110653,150.000000 
7423,2031,149.60,0.127548,150.000000 
7424,2027,148.58,0.123323,150.000000 
7425,2032,149.86,0.140238,150.000000 
7426,2027,148.58,0.119103,150.000000 
7427,2029,149.09,0.140241,150.000000 
7428,2042,152.41,0.131785,150.000000 
7429,2032,149.86,0.076946,150.000000 
7430,2027,148.58,0.119103,150.000000 
7431,2031,149.60,0.140242,150.000000 
7432,2026,148.32,0.123332,150.000000 
7433,2026,148.32,0.144478,150.000000 
7434,2021,147.04,0.144482,150.000000 
7435,2025,148.07,0.165670,150.000000 
7436,2027,148.58,0.148727,150.000000 
7437,2017,146.02,0.140266,150.000000 
7438,2021,147.04,0.182659,150.000000 
7439,2015,145.50,0.165694,150.000000 
7440,2025,148.07,0.191172,150.000000 
7441,2031,149.60,0.148762,150.000000 
7442,2019,146.53,0.123387,150.000000 
7443,2024,147.81,0.174202,150.000000 
7444,2023,147.56,0.153011,150.000000 
7445,1987,138.27,0.157253,150.000000 
7446,2017,146.02,0.310791,150.000000 
7447,2019,146.53,0.182739,150.000000 
7448,2022,147.30,0.174258,150.000000 
7449,2026,148.32,0.161543,150.000000 
7450,2014,145.25,0.144605,150.000000 
7451,2019,146.53,0.195514,150.000000 
7452,2021,147.04,0.174288,150.000000 
7453,2022,147.30,0.165813,150.000000 
7454,2019,146.53,0.161580,150.000000 
7455,2023,147.56,0.174310,150.000000 
7456,2019,146.53,0.157356,150.000000 
7457,2017,146.02,0.174324,150.000000 
7458,2021,147.04,0.182823,150.000000 
7459,2021,147.04,0.165858,150.000000 
7460,2020,146.79,0.165865,150.000000 
7461,2015,145.50,0.170113,150.000000 
7462,2017,146.02,0.191350,150.000000 
7463,2022,147.30,0.182864,150.000000 
7464,2019,146.53,0.161660,150.000000 
7465,2032,149.86,0.174390,150.000000 
7466,2017,146.02,0.119360,150.000000 
7467,2019,146.53,0.182889,150.000000 
7468,2060,156.97,0.174408,150.000000 
7469,2034,150.37,0.001704,150.000000 
7470,2019,146.53,0.110917,150.000000 
7471,2019,146.53,0.174399,150.000000 
7472,2027,148.58,0.174407,150.000000 
7473,2018,146.27,0.140515,150.000000 
7474,2016,145.76,0.178663,150.000000 
7475,2024,147.81,0.187165,150.000000 
7476,2023,147.56,0.153239,150.000000 
7477,2026,148.32,0.157481,150.000000 
7478,2021,147.04,0.144781,150.000000 
7479,2022,147.30,0.165969,150.000000 
7480,2023,147.56,0.161736,150.000000 
7481,2031,149.60,0.157504,150.000000 
7482,2022,147.30,0.123658,150.000000 
7483,2020,146.79,0.161749,150.000000 
7484,2021,147.04,0.170237,150.000000 
7485,2028,148.84,0.166003,150.000000 
7486,2020,146.79,0.136363,150.000000 
7487,2019,146.53,0.170254,150.000000 
7488,2021,147.04,0.174505,150.000000 
7489,2017,146.02,0.166029,150.000000 
7490,2019,146.53,0.183010,150.000000 
7491,2027,148.58,0.174529,150.000000 
7492,2022,147.30,0.140637,150.000000 
7493,2021,147.04,0.161817,150.000000 
7494,2017,146.02,0.166063,150.000000 
7495,2019,146.53,0.183045,150.000000 
7496,2020,146.79,0.174564,150.000000 
7497,2022,147.30,0.170329,150.000000 
7498,2028,148.84,0.161856,150.000000 
7499,2021,147.04,0.136455,150.000000 
7500,2018,146.27,0.166105,150.000000 
7501,2019,146.53,0.178840,150.000000 
7502,2022,147.30,0.174605,150.000000 
7503,2019,146.53,0.161889,150.000000 
7504,2018,146.27,0.174619,150.000000 
7505,2020,146.79,0.178872,150.000000 
7506,2013,144.99,0.170394,150.000000 
7507,2020,146.79,0.200133,150.000000 
7508,2022,147.30,0.170413,150.000000 
7509,2025,148.07,0.161940,150.000000 
7510,2023,147.56,0.149236,150.000000 
7511,2022,147.30,0.157713,150.000000 
7512,2021,147.04,0.161957,150.000000 
7513,2021,147.04,0.166203,150.000000 
7514,2019,146.53,0.166210,150.000000 
7515,2022,147.30,0.174701,150.000000 
7516,2022,147.30,0.161985,150.000000 
7517,1947,127.82,0.161992,150.000000 
7518,2021,147.04,0.484187,150.000000 
7519,2026,148.32,0.166291,150.000000 
7520,2028,148.84,0.145114,150.000000 
7521,2007,143.45,0.136655,150.000000 
7522,2026,148.32,0.225821,150.000000 
7523,2021,147.04,0.145137,150.000000 
7524,2027,148.58,0.166324,150.000000 
7525,2023,147.56,0.140915,150.000000 
7526,2030,149.35,0.157857,150.000000 
7527,2027,148.58,0.128237,150.000000 
7528,2025,148.07,0.140926,150.000000 
7529,2031,149.60,0.149395,150.000000 
7530,2028,148.84,0.124020,150.000000 
7531,2032,149.86,0.136704,150.000000 
7532,2026,148.32,0.119799,150.000000 
7533,2028,148.84,0.145170,150.000000 
7534,2026,148.32,0.136711,150.000000 
7535,2029,149.09,0.145177,150.000000 
7536,2023,147.56,0.132489,150.000000 
7537,2032,149.86,0.157889,150.000000 
7538,2022,147.30,0.119819,150.000000 
7539,2027,148.58,0.162133,150.000000 
7540,2019,146.53,0.140963,150.000000 
7541,2035,150.62,0.174867,150.000000 
7542,2027,148.58,0.107172,150.000000 
7543,2023,147.56,0.140974,150.000000 
7544,2019,146.53,0.157915,150.000000 
7545,2027,148.58,0.174883,150.000000 
7546,2019,146.53,0.140991,150.000000 
7547,2026,148.32,0.174895,150.000000 
7548,2026,148.32,0.145235,150.000000 
7549,2037,151.13,0.145239,150.000000 
7550,2030,149.35,0.098772,150.000000 
7551,2029,149.09,0.128321,150.000000 
7552,2029,149.09,0.132550,150.000000 
7553,2003,142.41,0.132552,150.000000 
7554,2022,147.30,0.243005,150.000000 
7555,2029,149.09,0.162208,150.000000 
7556,2026,148.32,0.132579,150.000000 
7557,2029,149.09,0.145273,150.000000 
7558,2021,147.04,0.132585,150.000000 
7559,2029,149.09,0.166463,150.000000 
7560,2029,149.09,0.132594,150.000000 
7561,2029,149.09,0.132596,150.000000 
7562,2023,147.56,0.132598,150.000000 
7563,2019,146.53,0.157998,150.000000 
7564,2022,147.30,0.174966,150.000000 
7565,2011,144.48,0.162250,150.000000 
7566,2020,146.79,0.208978,150.000000 
7567,2020,146.79,0.170751,150.000000 
7568,2021,147.04,0.170759,150.000000 
7569,2035,150.62,0.166525,150.000000 
7570,2021,147.04,0.107313,150.000000 
7571,2018,146.27,0.166531,150.000000 
7572,2025,148.07,0.179266,150.000000 
7573,2027,148.58,0.149596,150.000000 
7574,2021,147.04,0.141135,150.000000 
7575,2020,146.79,0.166554,150.000000 
7576,2023,147.56,0.170803,150.000000 
7577,2021,147.04,0.158091,150.000000 
7578,2021,147.04,0.166575,150.000000 
7579,2023,147.56,0.166582,150.000000 
7580,2023,147.56,0.158111,150.000000 
7581,2019,146.53,0.158117,150.000000 
7582,2022,147.30,0.175085,150.000000 
7583,2019,146.53,0.162369,150.000000 
7584,2019,146.53,0.175099,150.000000 
7585,2023,147.56,0.175108,150.000000 
7586,2019,146.53,0.158154,150.000000 
7587,2017,146.02,0.175122,150.000000 
7588,2022,147.30,0.183620,150.000000 
7589,2017,146.02,0.162415,150.000000 
7590,2022,147.30,0.183636,150.000000 
7591,2021,147.04,0.162431,150.000000 
7592,2021,147.04,0.166678,150.000000 
7593,2019,146.53,0.166685,150.000000 
7594,2022,147.30,0.175176,150.000000 
7595,2026,148.32,0.162460,150.000000 
7596,2025,148.07,0.145523,150.000000 
7597,2026,148.32,0.149760,150.000000 
7598,2026,148.32,0.145531,150.000000 
7599,2027,148.58,0.145535,150.000000 
7600,2026,148.32,0.141307,150.000000 
7601,2027,148.58,0.145543,150.000000 
7602,2111,169.75,0.141314,150.000000 
7603,2027,148.58,-0.208776,150.000000 
7604,2027,148.58,0.141271,150.000000 
7605,2029,149.09,0.141274,150.000000 
7606,2030,149.35,0.132818,150.000000 
7607,2025,148.07,0.128592,150.000000 
7608,2027,148.58,0.149747,150.000000 
7609,2023,147.56,0.141286,150.000000 
7610,2029,149.09,0.158227,150.000000 
7611,2019,146.53,0.132835,150.000000 
7612,2025,148.07,0.175197,150.000000 
7613,2021,147.04,0.149771,150.000000 
7614,2022,147.30,0.166726,150.000000 
7615,2027,148.58,0.162493,150.000000 
7616,2026,148.32,0.141323,150.000000 
7617,2030,149.35,0.145559,150.000000 
7618,2029,149.09,0.128643,150.000000 
7619,2029,149.09,0.132873,150.000000 
7620,2021,147.04,0.132875,150.000000 
7621,2025,148.07,0.166753,150.000000 
7622,2023,147.56,0.149810,150.000000 
7623,2024,147.81,0.158286,150.000000 
7624,2063,157.73,0.154055,150.000000 
7625,2026,148.32,-0.009990,150.000000 
7626,2024,147.81,0.145573,150.000000 
7627,2026,148.32,0.154046,150.000000 
7628,2031,149.60,0.145582,150.000000 
7629,2027,148.58,0.124441,150.000000 
7630,2029,149.09,0.141355,150.000000 
7631,2027,148.58,0.132899,150.000000 
7632,2026,148.32,0.141360,150.000000 
7633,2029,149.09,0.145596,150.000000 
7634,2031,149.60,0.132908,150.000000 
7635,2025,148.07,0.124457,150.000000 
7636,1985,137.76,0.149837,150.000000 
7637,2029,149.09,0.320433,150.000000 
7638,2022,147.30,0.132945,150.000000 
7639,2023,147.56,0.162583,150.000000 
7640,2027,148.58,0.158351,150.000000 
7641,2019,146.53,0.141419,150.000000 
7642,2023,147.56,0.175323,150.000000 
7643,2022,147.30,0.158369,150.000000 
7644,2016,145.76,0.162613,150.000000 
7645,2023,147.56,0.188081,150.000000 
7646,2025,148.07,0.158391,150.000000 
7647,2022,147.30,0.149925,150.000000 
7648,2013,144.99,0.162640,150.000000 
7649,2016,145.76,0.200859,150.000000 
7650,2020,146.79,0.188119,150.000000 
7651,2021,147.04,0.171149,150.000000 
7652,2022,147.30,0.166915,150.000000 
7653,2021,147.04,0.162683,150.000000 
7654,2023,147.56,0.166929,150.000000 
7655,2020,146.79,0.158458,150.000000 
7656,2027,148.58,0.171183,150.000000 
7657,2003,142.41,0.141533,150.000000 
7658,2028,148.84,0.243528,150.000000 
7659,2022,147.30,0.137324,150.000000 
7660,2021,147.04,0.162734,150.000000 
7661,2022,147.30,0.166980,150.000000 
7662,2021,147.04,0.162747,150.000000 
7663,2022,147.30,0.166993,150.000000 
7664,2019,146.53,0.162761,150.000000 
7665,2023,147.56,0.175491,150.000000 
7666,2021,147.04,0.158537,150.000000 
7667,2020,146.79,0.167021,150.000000 
7668,2021,147.04,0.171269,150.000000 
7669,2022,147.30,0.167036,150.000000 
7670,2025,148.07,0.162803,150.000000 
7671,2027,148.58,0.150099,150.000000 
7672,2032,149.86,0.141638,150.000000 
7673,2026,148.32,0.120503,150.000000 
7674,2020,146.79,0.145874,150.000000 
7675,2028,148.84,0.171303,150.000000 
7676,2033,150.11,0.137422,150.000000 
7677,2021,147.04,0.116295,150.000000 
7678,2025,148.07,0.167072,150.000000 
7679,2025,148.07,0.150129,150.000000 
7680,2027,148.58,0.150133,150.000000 
7681,2026,148.32,0.141672,150.000000 
7682,2023,147.56,0.145908,150.000000 
7683,2021,147.04,0.158617,150.000000 
7684,2025,148.07,0.167101,150.000000 
7685,2023,147.56,0.150158,150.000000 
7686,2027,148.58,0.158634,150.000000 
7687,2027,148.58,0.141702,150.000000 
7688,2022,147.30,0.141706,150.000000 
7689,2026,148.32,0.162885,150.000000 
7690,2029,149.09,0.145948,150.000000 
7691,2026,148.32,0.133260,150.000000 
7692,2027,148.58,0.145954,150.000000 
7693,2026,148.32,0.141726,150.000000 
7694,2024,147.81,0.145962,150.000000 
7695,2026,148.32,0.154434,150.000000 
7696,2026,148.32,0.145971,150.000000 
7697,2031,149.60,0.145975,150.000000 
7698,2025,148.07,0.124833,150.000000 
7699,2027,148.58,0.150213,150.000000 
7700,2023,147.56,0.141752,150.000000 
7701,2026,148.32,0.158693,150.000000 
7702,2021,147.04,0.145993,150.000000 
7703,2031,149.60,0.167181,150.000000 
7704,2026,148.32,0.124858,150.000000 
7705,2014,145.25,0.146005,150.000000 
7706,2043,152.66,0.196914,150.000000 
7707,2029,149.09,0.074279,150.000000 
7708,2027,148.58,0.133322,150.000000 
7709,2023,147.56,0.141784,150.000000 
7710,2023,147.56,0.158725,150.000000 
7711,2025,148.07,0.158731,150.000000 
7712,2026,148.32,0.150265,150.000000 
7713,2042,152.41,0.146036,150.000000 
7714,2027,148.58,0.078507,150.000000 
7715,2026,148.32,0.141802,150.000000 
7716,2028,148.84,0.146038,150.000000 
7717,2033,150.11,0.137579,150.000000 
7718,2030,149.35,0.116451,150.000000 
7719,2028,148.84,0.129124,150.000000 
7720,2025,148.07,0.137583,150.000000 
7721,2040,151.90,0.150282,150.000000 
7722,2027,148.58,0.086940,150.000000 
7723,2022,147.30,0.141816,150.000000 
7724,2025,148.07,0.162996,150.000000 
7725,2019,146.53,0.150292,150.000000 
7726,2019,146.53,0.175731,150.000000 
7727,2021,147.04,0.175739,150.000000 
7728,2018,146.27,0.167263,150.000000 
7729,2027,148.58,0.179999,150.000000 
7730,2020,146.79,0.141863,150.000000 
7731,2022,147.30,0.171524,150.000000 
7732,2019,146.53,0.163050,150.000000 
7733,2015,145.50,0.175780,150.000000 
7734,2021,147.04,0.192775,150.000000 
7735,2021,147.04,0.167315,150.000000 
7736,2019,146.53,0.167322,150.000000 
7737,2005,142.93,0.175813,150.000000 
7738,2022,147.30,0.235380,150.000000 
7739,2022,147.30,0.163115,150.000000 
7740,2023,147.56,0.163121,150.000000 
7741,2023,147.56,0.158889,150.000000 
7742,2016,145.76,0.158895,150.000000 
7743,2022,147.30,0.188601,150.000000 
7744,2022,147.30,0.163149,150.000000 
7745,2019,146.53,0.163156,150.000000 
7746,2011,144.48,0.175886,150.000000 
7747,2034,150.37,0.209891,150.000000 
7748,2023,147.56,0.112424,150.000000 
7749,2026,148.32,0.158944,150.000000 
7750,2022,147.30,0.146245,150.000000 
7751,2021,147.04,0.163192,150.000000 
7752,2022,147.30,0.167439,150.000000 
7753,2022,147.30,0.163206,150.000000 
7754,2025,148.07,0.163212,150.000000 
7755,2021,147.04,0.150508,150.000000 
7756,2023,147.56,0.167463,150.000000 
7757,2027,148.58,0.158992,150.000000 
7758,2027,148.58,0.142060,150.000000 
7759,2023,147.56,0.142063,150.000000 
7760,2032,149.86,0.159005,150.000000 
7761,2026,148.32,0.120934,150.000000 
7762,2026,148.32,0.146305,150.000000 
7763,2028,148.84,0.146309,150.000000 
7764,2026,148.32,0.137850,150.000000 
7765,2023,147.56,0.146316,150.000000 
7766,2031,149.60,0.159025,150.000000 
7767,2026,148.32,0.125180,150.000000 
7768,2023,147.56,0.146327,150.000000 
7769,2023,147.56,0.159036,150.000000 
7770,2023,147.56,0.159042,150.000000 
7771,2023,147.56,0.159048,150.000000 
7772,2029,149.09,0.159054,150.000000 
7773,2023,147.56,0.133662,150.000000 
7774,2018,146.27,0.159062,150.000000 
7775,2021,147.04,0.180274,150.000000 
7776,2027,148.58,0.167554,150.000000 
7777,2029,149.09,0.142145,150.000000 
7778,2023,147.56,0.133689,150.000000 
7779,2024,147.81,0.159089,150.000000 
7780,2030,149.35,0.154858,150.000000 
7781,2025,148.07,0.129475,150.000000 
7782,2014,145.25,0.150629,150.000000 
7783,2025,148.07,0.197305,150.000000 
7784,2019,146.53,0.150645,150.000000 
7785,2026,148.32,0.176084,150.000000 
7786,2025,148.07,0.146425,150.000000 
7787,2022,147.30,0.150662,150.000000 
7788,2022,147.30,0.163377,150.000000 
7789,2043,152.66,0.163383,150.000000 
7790,2022,147.30,0.074705,150.000000 
7791,2021,147.04,0.163383,150.000000 
7792,2015,145.50,0.167630,150.000000 
7793,2019,146.53,0.193107,150.000000 
7794,1968,133.33,0.176132,150.000000 
7795,2020,146.79,0.394533,150.000000 
7796,1990,139.05,0.171937,150.000000 
7797,2021,147.04,0.299888,150.000000 
7798,2023,147.56,0.167729,150.000000 
7799,2022,147.30,0.159258,150.000000 
7800,2025,148.07,0.163502,150.000000 
7801,2019,146.53,0.150798,150.000000 
7802,2019,146.53,0.176237,150.000000 
7803,2018,146.27,0.176245,150.000000 
7804,2027,148.58,0.180498,150.000000 
7805,2020,146.79,0.142362,150.000000 
7806,2014,145.25,0.172023,150.000000 
7807,2027,148.58,0.197510,150.000000 
7808,2019,146.53,0.142385,150.000000 
7809,2022,147.30,0.176288,150.000000 
7810,2018,146.27,0.163572,150.000000 
7811,2018,146.27,0.180547,150.000000 
7812,2021,147.04,0.180556,150.000000 
7813,2018,146.27,0.167836,150.000000 
7814,2033,150.11,0.180572,150.000000 
7815,2025,148.07,0.117075,150.000000 
7816,2022,147.30,0.150902,150.000000 
7817,2023,147.56,0.163617,150.000000 
7818,2021,147.04,0.159385,150.000000 
7819,2020,146.79,0.167869,150.000000 
7820,2022,147.30,0.172117,150.000000 
7821,2018,146.27,0.163644,150.000000 
7822,2021,147.04,0.180618,150.000000 
7823,2021,147.04,0.167899,150.000000 
7824,2022,147.30,0.167906,150.000000 
7825,2025,148.07,0.163673,150.000000 
7826,2023,147.56,0.150969,150.000000 
7827,2023,147.56,0.159446,150.000000 
7828,2027,148.58,0.159452,150.000000 
7829,2021,147.04,0.142519,150.000000 
7830,2023,147.56,0.167939,150.000000 
7831,2027,148.58,0.159468,150.000000 
7832,2023,147.56,0.142536,150.000000 
7833,2018,146.27,0.159477,150.000000 
7834,2027,148.58,0.180689,150.000000 
7835,2026,148.32,0.142554,150.000000 
7836,2027,148.58,0.146790,150.000000 
7837,2029,149.09,0.142561,150.000000 
7838,2023,147.56,0.134105,150.000000 
7839,2025,148.07,0.159505,150.000000 
7840,2027,148.58,0.151038,150.000000 
7841,2034,150.37,0.142577,150.000000 
7842,2018,146.27,0.112997,150.000000 
7843,2028,148.84,0.180724,150.000000 
7844,2029,149.09,0.138358,150.000000 
7845,2022,147.30,0.134131,150.000000 
7846,2025,148.07,0.163770,150.000000 
7847,2026,148.32,0.151066,150.000000 
7848,2025,148.07,0.146837,150.000000 
7849,1998,141.12,0.151074,150.000000 
7850,2029,149.09,0.265962,150.000000 
7851,2026,148.32,0.134174,150.000000 
7852,2023,147.56,0.146869,150.000000 
7853,2019,146.53,0.159578,150.000000 
7854,2019,146.53,0.176546,150.000000 
7855,2021,147.04,0.176554,150.000000 
7856,2022,147.30,0.168078,150.000000 
7857,2027,148.58,0.163846,150.000000 
7858,2019,146.53,0.142676,150.000000 
7859,2021,147.04,0.176579,150.000000 
7860,2019,146.53,0.168104,150.000000 
7861,2011,144.48,0.176595,150.000000 
7862,2021,147.04,0.210600,150.000000 
7863,2020,146.79,0.168132,150.000000 
7864,2022,147.30,0.172380,150.000000 
7865,2004,142.67,0.163907,150.000000 
7866,2019,146.53,0.240461,150.000000 
7867,2019,146.53,0.176655,150.000000 
7868,2014,145.25,0.176663,150.000000 
7869,2021,147.04,0.197908,150.000000 
7870,2026,148.32,0.168198,150.000000 
7871,2018,146.27,0.147022,150.000000 
7872,2026,148.32,0.180938,150.000000 
7873,2018,146.27,0.147035,150.000000 
7874,2025,148.07,0.180951,150.000000 
7875,2022,147.30,0.151281,150.000000 
7876,2031,149.60,0.163996,150.000000 
7877,2017,146.02,0.125913,150.000000 
7878,2017,146.02,0.185217,150.000000 
7879,2032,149.86,0.185227,150.000000 
7880,2026,148.32,0.121708,150.000000 
7881,2023,147.56,0.147079,150.000000 
7882,2026,148.32,0.159788,150.000000 
7883,2028,148.84,0.147088,150.000000 
7884,2030,149.35,0.138629,150.000000 
7885,2025,148.07,0.130175,150.000000 
7886,2025,148.07,0.151330,150.000000 
7887,2029,149.09,0.151335,150.000000 
7888,2026,148.32,0.134414,150.000000 
7889,2026,148.32,0.147108,150.000000 
7890,2021,147.04,0.147112,150.000000 
7891,2027,148.58,0.168300,150.000000 
7892,2025,148.07,0.142891,150.000000 
7893,2027,148.58,0.151360,150.000000 
7894,2025,148.07,0.142899,150.000000 
7895,2022,147.30,0.151368,150.000000 
7896,2025,148.07,0.164083,150.000000 
7897,2026,148.32,0.151379,150.000000 
7898,2029,149.09,0.147150,150.000000 
7899,2030,149.35,0.134462,150.000000 
7900,2029,149.09,0.130236,150.000000 
7901,2026,148.32,0.134466,150.000000 
7902,2023,147.56,0.147160,150.000000 
7903,2026,148.32,0.159869,150.000000 
7904,2015,145.50,0.147170,150.000000 
7905,2025,148.07,0.193828,150.000000 
7906,2030,149.35,0.151418,150.000000 
7907,2029,149.09,0.130269,150.000000 
7908,2022,147.30,0.134498,150.000000 
7909,2021,147.04,0.164137,150.000000 
7910,2027,148.58,0.168383,150.000000 
7911,2027,148.58,0.142974,150.000000 
7912,2007,143.45,0.142977,150.000000 
7913,2025,148.07,0.227913,150.000000 
7914,2024,147.81,0.151462,150.000000 
7915,2027,148.58,0.155702,150.000000 
7916,2006,143.19,0.143006,150.000000 
7917,2027,148.58,0.232204,150.000000 
7918,2016,145.76,0.143025,150.000000 
7919,2027,148.58,0.189667,150.000000 
7920,2032,149.86,0.143039,150.000000 
7921,2024,147.81,0.121904,150.000000 
7922,2031,149.60,0.155744,150.000000 
7923,2029,149.09,0.126134,150.000000 
7924,2031,149.60,0.134589,150.000000 
7925,2030,149.35,0.126137,150.000000 
7926,2026,148.32,0.130365,150.000000 
7927,2022,147.30,0.147286,150.000000 
7928,2006,143.19,0.164234,150.000000 
7929,2027,148.58,0.232258,150.000000 
7930,2023,147.56,0.143080,150.000000 
7931,2025,148.07,0.160021,150.000000 
7932,2027,148.58,0.151555,150.000000 
7933,2020,146.79,0.143094,150.000000 
7934,2020,146.79,0.172755,150.000000 
7935,1958,130.71,0.172762,150.000000 
7936,2026,148.32,0.438690,150.000000 
7937,2026,148.32,0.147391,150.000000 
7938,2023,147.56,0.147395,150.000000 
7939,2022,147.30,0.160104,150.000000 
7940,2028,148.84,0.164348,150.000000 
7941,2023,147.56,0.138948,150.000000 
7942,2022,147.30,0.160119,150.000000 
7943,2025,148.07,0.164363,150.000000 
7944,2027,148.58,0.151660,150.000000 
7945,2023,147.56,0.143198,150.000000 
7946,2022,147.30,0.160139,150.000000 
7947,2027,148.58,0.164384,150.000000 
7948,2023,147.56,0.143214,150.000000 
7949,2025,148.07,0.160155,150.000000 
7950,2026,148.32,0.151689,150.000000 
7951,2026,148.32,0.147460,150.000000 
7952,2021,147.04,0.147464,150.000000 
7953,2026,148.32,0.168652,150.000000 
7954,2032,149.86,0.147475,150.000000 
7955,2030,149.35,0.122108,150.000000 
7956,2032,149.86,0.130560,150.000000 
7957,2029,149.09,0.122110,150.000000 
7958,2030,149.35,0.134789,150.000000 
7959,2028,148.84,0.130564,150.000000 
7960,2031,149.60,0.139022,150.000000 
7961,2005,142.93,0.126342,150.000000 
7962,2026,148.32,0.236715,150.000000 
7963,2027,148.58,0.147505,150.000000 
7964,2027,148.58,0.143277,150.000000 
7965,2028,148.84,0.143280,150.000000 
7966,2024,147.81,0.139053,150.000000 
7967,2018,146.27,0.155988,150.000000 
7968,2032,149.86,0.181436,150.000000 
7969,2019,146.53,0.122162,150.000000 
7970,2025,148.07,0.177201,150.000000 
7971,2023,147.56,0.151775,150.000000 
7972,2024,147.81,0.160252,150.000000 
7973,2020,146.79,0.156021,150.000000 
7974,2025,148.07,0.172982,150.000000 
7975,2026,148.32,0.151798,150.000000 
7976,2020,146.79,0.147569,150.000000 
7977,2021,147.04,0.172998,150.000000 
7978,2025,148.07,0.168765,150.000000 
7979,2028,148.84,0.151822,150.000000 
7980,2043,152.66,0.139130,150.000000 
7981,2024,147.81,0.075854,150.000000 
7982,2027,148.58,0.156058,150.000000 
7983,2023,147.56,0.143362,150.000000 
7984,2003,142.41,0.160303,150.000000 
7985,2020,146.79,0.245362,150.000000 
7986,2023,147.56,0.173046,150.000000 
7987,2021,147.04,0.160335,150.000000 
7988,2069,159.24,0.168819,150.000000 
7989,2026,148.32,-0.032974,150.000000 
7990,2026,148.32,0.147620,150.000000 
7991,2025,148.07,0.147624,150.000000 
7992,2023,147.56,0.151862,150.000000 
7993,2021,147.04,0.160338,150.000000 
7994,2023,147.56,0.168822,150.000000 
7995,2031,149.60,0.160351,150.000000 
7996,2022,147.30,0.126505,150.000000 
7997,2036,150.88,0.164596,150.000000 
7998,2024,147.81,0.105405,150.000000 
7999,2032,149.86,0.156125,150.000000 
8000,2020,146.79,0.122291,150.000000 
8001,2029,149.09,0.173087,150.000000 
8002,2023,147.56,0.134978,150.000000 
8003,2018,146.27,0.160377,150.000000 
8004,2022,147.30,0.181590,150.000000 
8005,2018,146.27,0.164630,150.000000 
8006,2021,147.04,0.181605,150.000000 
8007,2028,148.84,0.168885,150.000000 
8008,2022,147.30,0.139246,150.000000 
8009,2022,147.30,0.164655,150.000000 
8010,2022,147.30,0.164662,150.000000 
8011,2017,146.02,0.164668,150.000000 
8012,2022,147.30,0.185889,150.000000 
8013,2022,147.30,0.164684,150.000000 
8014,2020,146.79,0.164691,150.000000 
8015,2026,148.32,0.173178,150.000000 
8016,2025,148.07,0.147761,150.000000 
8017,2021,147.04,0.151998,150.000000 
8018,2025,148.07,0.168953,150.000000 
8019,2030,149.35,0.152010,150.000000 
8020,2026,148.32,0.130861,150.000000 
8021,2025,148.07,0.147783,150.000000 
8022,2022,147.30,0.152020,150.000000 
8023,2024,147.81,0.164735,150.000000 
8024,1998,141.12,0.156266,150.000000 
8025,2020,146.79,0.266920,150.000000 
8026,2022,147.30,0.173249,150.000000 
8027,2015,145.50,0.164775,150.000000 
8028,2031,149.60,0.194492,150.000000 
8029,2021,147.04,0.126703,150.000000 
8030,2026,148.32,0.169033,150.000000 
8031,2027,148.58,0.147857,150.000000 
8032,2006,143.19,0.143628,150.000000 
8033,2021,147.04,0.232826,150.000000 
8034,2023,147.56,0.169064,150.000000 
8035,2027,148.58,0.160593,150.000000 
8036,2021,147.04,0.143661,150.000000 
8037,2022,147.30,0.169080,150.000000 
8038,2021,147.04,0.164847,150.000000 
8039,2016,145.76,0.169093,150.000000 
8040,2020,146.79,0.190322,150.000000 
8041,2025,148.07,0.173352,150.000000 
8042,2022,147.30,0.152168,150.000000 
8043,2032,149.86,0.164883,150.000000 
8044,2018,146.27,0.122575,150.000000 
8045,2020,146.79,0.181858,150.000000 
8046,2022,147.30,0.173380,150.000000 
8047,2029,149.09,0.164906,150.000000 
8048,2026,148.32,0.135277,150.000000 
8049,2023,147.56,0.147971,150.000000 
8050,2023,147.56,0.160681,150.000000 
8051,2020,146.79,0.160686,150.000000 
8052,2021,147.04,0.173412,150.000000 
8053,2021,147.04,0.169178,150.000000 
8054,2019,146.53,0.169185,150.000000 
8055,2023,147.56,0.177676,150.000000 
8056,2022,147.30,0.160722,150.000000 
8057,2022,147.30,0.164966,150.000000 
8058,2022,147.30,0.164973,150.000000 
8059,2017,146.02,0.164979,150.000000 
8060,2021,147.04,0.186200,150.000000 
8061,2023,147.56,0.169235,150.000000 
8062,2022,147.30,0.160764,150.000000 
8063,2021,147.04,0.165008,150.000000 
8064,2025,148.07,0.169254,150.000000 
8065,1978,135.94,0.152311,150.000000 
8066,2022,147.30,0.353010,150.000000 
8067,2023,147.56,0.165059,150.000000 
8068,2025,148.07,0.160827,150.000000 
8069,2022,147.30,0.152361,150.000000 
8070,2021,147.04,0.165076,150.000000 
8071,2019,146.53,0.169322,150.000000 
8072,2019,146.53,0.177814,150.000000 
8073,2023,147.56,0.177822,150.000000 
8074,2021,147.04,0.160868,150.000000 
8075,2022,147.30,0.169352,150.000000 
8076,2021,147.04,0.165119,150.000000 
8077,2025,148.07,0.169365,150.000000 
8078,2021,147.04,0.152422,150.000000 
8079,2022,147.30,0.169377,150.000000 
8080,2026,148.32,0.165144,150.000000 
8081,2025,148.07,0.148207,150.000000 
8082,2023,147.56,0.152444,150.000000 
8083,2024,147.81,0.160921,150.000000 
8084,2032,149.86,0.156690,150.000000 
8085,2028,148.84,0.122856,150.000000 
8086,2026,148.32,0.139763,150.000000 
8087,2027,148.58,0.148229,150.000000 
8088,2021,147.04,0.144001,150.000000 
8089,2019,146.53,0.169420,150.000000 
8090,2026,148.32,0.177911,150.000000 
8091,2026,148.32,0.148252,150.000000 
8092,2028,148.84,0.148256,150.000000 
8093,2025,148.07,0.139797,150.000000 
8094,2027,148.58,0.152496,150.000000 
8095,2022,147.30,0.144035,150.000000 
8096,2029,149.09,0.165215,150.000000 
8097,2023,147.56,0.135585,150.000000 
8098,2022,147.30,0.160985,150.000000 
8099,2023,147.56,0.165229,150.000000 
8100,2014,145.25,0.160997,150.000000 
8101,2025,148.07,0.199202,150.000000 
8102,2022,147.30,0.152542,150.000000 
8103,2027,148.58,0.165257,150.000000 
8104,2025,148.07,0.144087,150.000000 
8105,2021,147.04,0.152557,150.000000 
8106,2023,147.56,0.169511,150.000000 
8107,2022,147.30,0.161040,150.000000 
8108,2026,148.32,0.165284,150.000000 
8109,2023,147.56,0.148347,150.000000 
8110,2022,147.30,0.161056,150.000000 
8111,2026,148.32,0.165301,150.000000 
8112,2027,148.58,0.148363,150.000000 
8113,2026,148.32,0.144135,150.000000 
8114,2019,146.53,0.148371,150.000000 
8115,2025,148.07,0.178042,150.000000 
8116,2026,148.32,0.152616,150.000000 
8117,2026,148.32,0.148387,150.000000 
8118,2026,148.32,0.148391,150.000000 
8119,2028,148.84,0.148395,150.000000 
8120,2022,147.30,0.139936,150.000000 
8121,2026,148.32,0.165346,150.000000 
8122,2031,149.60,0.148408,150.000000 
8123,2026,148.32,0.127267,150.000000 
8124,2026,148.32,0.148413,150.000000 
8125,2023,147.56,0.148417,150.000000 
8126,2027,148.58,0.161127,150.000000 
8127,2034,150.37,0.144195,150.000000 
8128,2023,147.56,0.114615,150.000000 
8129,2030,149.35,0.161135,150.000000 
8130,2026,148.32,0.131516,150.000000 
8131,2024,147.81,0.148437,150.000000 
8132,2028,148.84,0.156910,150.000000 
8133,2029,149.09,0.139983,150.000000 
8134,2026,148.32,0.135757,150.000000 
8135,2021,147.04,0.148451,150.000000 
8136,2029,149.09,0.169639,150.000000 
8137,2023,147.56,0.135770,150.000000 
8138,2026,148.32,0.161170,150.000000 
8139,2032,149.86,0.148470,150.000000 
8140,2027,148.58,0.123104,150.000000 
8141,2029,149.09,0.144242,150.000000 
8142,2029,149.09,0.135786,150.000000 
8143,2017,146.02,0.135788,150.000000 
8144,2030,149.35,0.186640,150.000000 
8145,2066,158.49,0.131572,150.000000 
8146,2026,148.32,-0.019613,150.000000 
8147,2023,147.56,0.148473,150.000000 
8148,2025,148.07,0.161183,150.000000 
8149,2023,147.56,0.152716,150.000000 
8150,2023,147.56,0.161193,150.000000 
8151,2037,151.13,0.161199,150.000000 
8152,2022,147.30,0.102028,150.000000 
8153,2019,146.53,0.165440,150.000000 
8154,2020,146.79,0.178170,150.000000 
8155,2019,146.53,0.173936,150.000000 
8156,2025,148.07,0.178186,150.000000 
8157,2023,147.56,0.152760,150.000000 
8158,2023,147.56,0.161237,150.000000 
8159,2025,148.07,0.161243,150.000000 
8160,2012,144.73,0.152777,150.000000 
8161,2018,146.27,0.207958,150.000000 
8162,2022,147.30,0.182472,150.000000 
8163,2019,146.53,0.165513,150.000000 
8164,2016,145.76,0.178243,150.000000 
8165,2022,147.30,0.190989,150.000000 
8166,2017,146.02,0.165538,150.000000 
8167,2019,146.53,0.186758,150.000000 
8168,2019,146.53,0.178277,150.000000 
8169,2027,148.58,0.178286,150.000000 
8170,2021,147.04,0.144394,150.000000 
8171,2032,149.86,0.169813,150.000000 
8172,2022,147.30,0.123266,150.000000 
8173,2022,147.30,0.165581,150.000000 
8174,2026,148.32,0.165587,150.000000 
8175,2022,147.30,0.148650,150.000000 
8176,2022,147.30,0.165598,150.000000 
8177,2029,149.09,0.165604,150.000000 
8178,2026,148.32,0.135975,150.000000 
8179,2039,151.64,0.148669,150.000000 
8180,2026,148.32,0.093772,150.000000 
8181,2024,147.81,0.148669,150.000000 
8182,2020,146.79,0.157142,150.000000 
8183,2021,147.04,0.174103,150.000000 
8184,2018,146.27,0.169869,150.000000 
8185,2021,147.04,0.182605,150.000000 
8186,2038,151.39,0.169885,150.000000 
8187,2017,146.02,0.098022,150.000000 
8188,2021,147.04,0.186863,150.000000 
8189,2017,146.02,0.169898,150.000000 
8190,2023,147.56,0.186880,150.000000 
8191,2016,145.76,0.161437,150.000000 
8192,2017,146.02,0.191142,150.000000 
8193,2023,147.56,0.186905,150.000000 
8194,2021,147.04,0.161462,150.000000 
8195,2023,147.56,0.169946,150.000000 
8196,2023,147.56,0.161475,150.000000 
8197,2017,146.02,0.161481,150.000000 
8198,2021,147.04,0.186939,150.000000 
8199,2019,146.53,0.169974,150.000000 
8200,2021,147.04,0.178465,150.000000 
8201,2018,146.27,0.169989,150.000000 
8202,2023,147.56,0.182725,150.000000 
8203,2021,147.04,0.161527,150.000000 
8204,2017,146.02,0.170011,150.000000 
8205,2021,147.04,0.186993,150.000000 
8206,2019,146.53,0.170028,150.000000 
8207,2021,147.04,0.178519,150.000000 
8208,2015,145.50,0.170043,150.000000 
8209,2027,148.58,0.195521,150.000000 
8210,2018,146.27,0.144645,150.000000 
8211,2021,147.04,0.182793,150.000000 
8212,2022,147.30,0.170073,150.000000 
8213,2023,147.56,0.165840,150.000000 
8214,2022,147.30,0.161608,150.000000 
8215,2023,147.56,0.165852,150.000000 
8216,2016,145.76,0.161621,150.000000 
8217,2025,148.07,0.191326,150.000000 
8218,2026,148.32,0.153164,150.000000 
8219,2023,147.56,0.148936,150.000000 
8220,2029,149.09,0.161645,150.000000 
8221,2019,146.53,0.136253,150.000000 
8222,2026,148.32,0.178615,150.000000 
8223,2027,148.58,0.148956,150.000000 
8224,2030,149.35,0.144727,150.000000 
8225,2022,147.30,0.132043,150.000000 
8226,2029,149.09,0.165908,150.000000 
8227,2023,147.56,0.136279,150.000000 
8228,2031,149.60,0.161679,150.000000 
8229,2026,148.32,0.127833,150.000000 
8230,2025,148.07,0.148980,150.000000 
8231,2031,149.60,0.153217,150.000000 
8232,2027,148.58,0.127843,150.000000 
8233,2024,147.81,0.144757,150.000000 
8234,2026,148.32,0.157462,150.000000 
8235,2025,148.07,0.148998,150.000000 
8236,2030,149.35,0.153236,150.000000 
8237,2026,148.32,0.132087,150.000000 
8238,2028,148.84,0.149008,150.000000 
8239,2025,148.07,0.140549,150.000000 
8240,2032,149.86,0.153248,150.000000 
8241,2025,148.07,0.123649,150.000000 
8242,2026,148.32,0.153253,150.000000 
8243,2029,149.09,0.149025,150.000000 
8244,2022,147.30,0.136336,150.000000 
8245,2028,148.84,0.165974,150.000000 
8246,2029,149.09,0.140574,150.000000 
8247,2015,145.50,0.136348,150.000000 
8248,2025,148.07,0.195696,150.000000 
8249,2029,149.09,0.153286,150.000000 
8250,2028,148.84,0.136365,150.000000 
8251,2045,153.17,0.140596,150.000000 
8252,2025,148.07,0.068910,150.000000 
8253,2032,149.86,0.153288,150.000000 
8254,2030,149.35,0.123689,150.000000 
8255,2016,145.76,0.132140,150.000000 
8256,2030,149.35,0.191466,150.000000 
8257,2026,148.32,0.132151,150.000000 
8258,2028,148.84,0.149073,150.000000 
8259,2032,149.86,0.140614,150.000000 
8260,2021,147.04,0.123709,150.000000 
8261,2026,148.32,0.170263,150.000000 
8262,2026,148.32,0.149087,150.000000 
8263,2027,148.58,0.149091,150.000000 
8264,2019,146.53,0.144862,150.000000 
8265,2021,147.04,0.178766,150.000000 
8266,2027,148.58,0.170290,150.000000 
8267,2026,148.32,0.144881,150.000000 
8268,2030,149.35,0.149117,150.000000 
8269,2025,148.07,0.132201,150.000000 
8270,1808,90.36,0.153356,150.000000 
8271,2030,149.35,1.107925,150.000000 
8272,2032,149.86,0.132349,150.000000 
8273,2019,146.53,0.123900,150.000000 
8274,2022,147.30,0.178938,150.000000 
8275,2015,145.50,0.166223,150.000000 
8276,2025,148.07,0.195940,150.000000 
8277,2027,148.58,0.153530,150.000000 
8278,2027,148.58,0.145068,150.000000 
8279,2031,149.60,0.145072,150.000000 
8280,2031,149.60,0.128162,150.000000 
8281,2023,147.56,0.128163,150.000000 
8282,2026,148.32,0.162015,150.000000 
8283,2020,146.79,0.149315,150.000000 
8284,2023,147.56,0.174744,150.000000 
8285,1902,115.89,0.162032,150.000000 
8286,2027,148.58,0.685871,150.000000 
8287,2025,148.07,0.145181,150.000000 
8288,2025,148.07,0.153651,150.000000 
8289,2026,148.32,0.153655,150.000000 
8290,2025,148.07,0.149426,150.000000 
8291,2028,148.84,0.153664,150.000000 
8292,2028,148.84,0.140972,150.000000 
8293,2032,149.86,0.140975,150.000000 
8294,2027,148.58,0.124070,150.000000 
8295,2030,149.35,0.145208,150.000000 
8296,2032,149.86,0.132524,150.000000 
8297,2032,149.86,0.124075,150.000000 
8298,2032,149.86,0.124075,150.000000 
8299,2031,149.60,0.124076,150.000000 
8300,2028,148.84,0.128301,150.000000 
8301,2032,149.86,0.140985,150.000000 
8302,2031,149.60,0.124080,150.000000 
8303,2017,146.02,0.128305,150.000000 
8304,2036,150.88,0.187610,150.000000 
8305,2031,149.60,0.107207,150.000000 
8306,2029,149.09,0.128313,150.000000 
8307,2031,149.60,0.136768,150.000000 
8308,2033,150.11,0.128316,150.000000 
8309,2031,149.60,0.119869,150.000000 
8310,2033,150.11,0.128317,150.000000 
8311,2030,149.35,0.119870,150.000000 
8312,2037,151.13,0.132544,150.000000 
8313,2030,149.35,0.102994,150.000000 
8314,2032,149.86,0.132543,150.000000 
8315,2032,149.86,0.124093,150.000000 
8316,2032,149.86,0.124094,150.000000 
8317,2030,149.35,0.124094,150.000000 
8318,2030,149.35,0.132545,150.000000 
8319,2027,148.58,0.132547,150.000000 
8320,2021,147.04,0.145236,150.000000 
8321,2030,149.35,0.170655,150.000000 
8322,2027,148.58,0.132559,150.000000 
8323,2030,149.35,0.145248,150.000000 
8324,2028,148.84,0.132564,150.000000 
8325,2021,147.04,0.141022,150.000000 
8326,2029,149.09,0.170671,150.000000 
8327,2027,148.58,0.136803,150.000000 
8328,2030,149.35,0.145264,150.000000 
8329,2025,148.07,0.132581,150.000000 
8330,2027,148.58,0.153735,150.000000 
8331,2027,148.58,0.145274,150.000000 
8332,2030,149.35,0.145277,150.000000 
8333,2029,149.09,0.132593,150.000000 
8334,2032,149.86,0.136823,150.000000 
8335,2031,149.60,0.124146,150.000000 
8336,2035,150.62,0.128371,150.000000 
8337,2027,148.58,0.111483,150.000000 
8338,2029,149.09,0.145284,150.000000 
8339,2030,149.35,0.136828,150.000000 
8340,2030,149.35,0.132602,150.000000 
8341,2030,149.35,0.132604,150.000000 
8342,2028,148.84,0.132606,150.000000 
8343,2032,149.86,0.141064,150.000000 
8344,2047,153.68,0.124159,150.000000 
8345,2030,149.35,0.060972,150.000000 
8346,2032,149.86,0.132601,150.000000 
8347,2029,149.09,0.124152,150.000000 
8348,2039,151.64,0.136831,150.000000 
8349,2026,148.32,0.094625,150.000000 
8350,2029,149.09,0.149521,150.000000 
8351,2018,146.27,0.136833,150.000000 
8352,2029,149.09,0.183440,150.000000 
8353,2031,149.60,0.136844,150.000000 
8354,2029,149.09,0.128393,150.000000 
8355,2032,149.86,0.136847,150.000000 
8356,2032,149.86,0.124171,150.000000 
8357,2031,149.60,0.124171,150.000000 
8358,2030,149.35,0.128396,150.000000 
8359,2029,149.09,0.132624,150.000000 
8360,2030,149.35,0.136853,150.000000 
8361,2032,149.86,0.132627,150.000000 
8362,2027,148.58,0.124178,150.000000 
8363,2037,151.13,0.145316,150.000000 
8364,2031,149.60,0.103081,150.000000 
8365,2028,148.84,0.128404,150.000000 
8366,2029,149.09,0.141087,150.000000 
8367,2032,149.86,0.136861,150.000000 
8368,2030,149.35,0.124185,150.000000 
8369,2030,149.35,0.132636,150.000000 
8370,2030,149.35,0.132638,150.000000 
8371,2030,149.35,0.132639,150.000000 
8372,2032,149.86,0.132641,150.000000 
8373,2034,150.37,0.124191,150.000000 
8374,2028,148.84,0.115747,150.000000 
8375,2017,146.02,0.141098,150.000000 
8376,2027,148.58,0.187722,150.000000 
8377,2029,149.09,0.145341,150.000000 
8378,2023,147.56,0.136885,150.000000 
8379,2042,152.41,0.162285,150.000000 
8380,2030,149.35,0.082052,150.000000 
8381,2027,148.58,0.132660,150.000000 
8382,2022,147.30,0.145348,150.000000 
8383,2029,149.09,0.166528,150.000000 
8384,2031,149.60,0.136899,150.000000 
8385,2026,148.32,0.128447,150.000000 
8386,2020,146.79,0.149594,150.000000 
8387,2018,146.27,0.175023,150.000000 
8388,2025,148.07,0.183517,150.000000 
8389,2026,148.32,0.153848,150.000000 
8390,1962,131.76,0.149619,150.000000 
8391,2026,148.32,0.423636,150.000000 
8392,2018,146.27,0.149666,150.000000 
8393,2023,147.56,0.183582,150.000000 
8394,2023,147.56,0.162385,150.000000 
8395,2025,148.07,0.162390,150.000000 
8396,2022,147.30,0.153924,150.000000 
8397,2023,147.56,0.166639,150.000000 
8398,2022,147.30,0.162407,150.000000 
8399,2023,147.56,0.166651,150.000000 
8400,2023,147.56,0.162419,150.000000 
8401,2022,147.30,0.162425,150.000000 
8402,2028,148.84,0.166669,150.000000 
8403,2012,144.73,0.141269,150.000000 
8404,2022,147.30,0.209145,150.000000 
8405,2022,147.30,0.166691,150.000000 
8406,2021,147.04,0.166697,150.000000 
8407,2027,148.58,0.170944,150.000000 
8408,2026,148.32,0.145535,150.000000 
8409,2022,147.30,0.149771,150.000000 
8410,2025,148.07,0.166718,150.000000 
8411,2027,148.58,0.154014,150.000000 
8412,2022,147.30,0.145553,150.000000 
8413,2021,147.04,0.166733,150.000000 
8414,2025,148.07,0.170979,150.000000 
8415,2021,147.04,0.154036,150.000000 
8416,2022,147.30,0.170991,150.000000 
8417,2018,146.27,0.166758,150.000000 
8418,2022,147.30,0.183732,150.000000 
8419,2027,148.58,0.166773,150.000000 
8420,2023,147.56,0.145603,150.000000 
8421,2025,148.07,0.162545,150.000000 
8422,2022,147.30,0.154078,150.000000 
8423,2027,148.58,0.166793,150.000000 
8424,2022,147.30,0.145623,150.000000 
8425,2023,147.56,0.166803,150.000000 
8426,2022,147.30,0.162571,150.000000 
8427,2023,147.56,0.166815,150.000000 
8428,2022,147.30,0.162583,150.000000 
8429,2027,148.58,0.166828,150.000000 
8430,2025,148.07,0.145658,150.000000 
8431,2021,147.04,0.154127,150.000000 
8432,2022,147.30,0.171082,150.000000 
8433,2020,146.79,0.166849,150.000000 
8434,2021,147.04,0.175336,150.000000 
8435,2020,146.79,0.171103,150.000000 
8436,2020,146.79,0.175351,150.000000 
8437,2018,146.27,0.175359,150.000000 
8438,2023,147.56,0.183854,150.000000 
8439,2028,148.84,0.162656,150.000000 
8440,2028,148.84,0.141493,150.000000 
8441,2023,147.56,0.141496,150.000000 
8442,2021,147.04,0.162667,150.000000 
8443,2029,149.09,0.171151,150.000000 
8444,2022,147.30,0.137282,150.000000 
8445,2030,149.35,0.166921,150.000000 
8446,2027,148.58,0.133063,150.000000 
8447,2030,149.35,0.145752,150.000000 
8448,2029,149.09,0.133068,150.000000 
8449,2026,148.32,0.137298,150.000000 
8450,2029,149.09,0.149992,150.000000 
8451,2027,148.58,0.137304,150.000000 
8452,2025,148.07,0.145765,150.000000 
8453,2020,146.79,0.154235,150.000000 
8454,2026,148.32,0.175431,150.000000 
8455,2027,148.58,0.150014,150.000000 
8456,2036,150.88,0.145785,150.000000 
8457,2021,147.04,0.107767,150.000000 
8458,2021,147.04,0.171202,150.000000 
8459,2021,147.04,0.171209,150.000000 
8460,2019,146.53,0.171216,150.000000 
8461,2022,147.30,0.179708,150.000000 
8462,2023,147.56,0.166992,150.000000 
8463,2018,146.27,0.162760,150.000000 
8464,2012,144.73,0.183972,150.000000 
8465,2022,147.30,0.209479,150.000000 
8466,2022,147.30,0.167026,150.000000 
8467,2023,147.56,0.167032,150.000000 
8468,2035,150.62,0.162800,150.000000 
8469,2029,149.09,0.112065,150.000000 
8470,2026,148.32,0.137407,150.000000 
8471,2027,148.58,0.150101,150.000000 
8472,2028,148.84,0.145873,150.000000 
8473,2027,148.58,0.141645,150.000000 
8474,2026,148.32,0.145879,150.000000 
8475,2029,149.09,0.150115,150.000000 
8476,2025,148.07,0.137427,150.000000 
8477,2028,148.84,0.154354,150.000000 
8478,2032,149.86,0.141662,150.000000 
8479,2025,148.07,0.124758,150.000000 
8480,2030,149.35,0.154362,150.000000 
8481,2030,149.35,0.133213,150.000000 
8482,2027,148.58,0.133215,150.000000 
8483,2030,149.35,0.145904,150.000000 
8484,2025,148.07,0.133220,150.000000 
8485,2031,149.60,0.154375,150.000000 
8486,2031,149.60,0.129000,150.000000 
8487,2027,148.58,0.129001,150.000000 
8488,2029,149.09,0.145915,150.000000 
8489,2028,148.84,0.137459,150.000000 
8490,2019,146.53,0.141690,150.000000 
8491,2029,149.09,0.179824,150.000000 
8492,2028,148.84,0.137472,150.000000 
8493,2027,148.58,0.141703,150.000000 
8494,2021,147.04,0.145937,150.000000 
8495,2026,148.32,0.171356,150.000000 
8496,2026,148.32,0.150180,150.000000 
8497,2029,149.09,0.150183,150.000000 
8498,2042,152.41,0.137495,150.000000 
8499,2027,148.58,0.082656,150.000000 
8500,2031,149.60,0.145951,150.000000 
8501,2030,149.35,0.129041,150.000000 
8502,2028,148.84,0.133268,150.000000 
8503,2023,147.56,0.141727,150.000000 
8504,2023,147.56,0.162898,150.000000 
8505,2022,147.30,0.162904,150.000000 
8506,2027,148.58,0.167148,150.000000 
8507,2027,148.58,0.145978,150.000000 
8508,2022,147.30,0.145982,150.000000 
8509,2017,146.02,0.167161,150.000000 
8510,2019,146.53,0.188382,150.000000 
8511,2019,146.53,0.179901,150.000000 
8512,2021,147.04,0.179909,150.000000 
8513,2022,147.30,0.171433,150.000000 
8514,2020,146.79,0.167201,150.000000 
8515,2023,147.56,0.175688,150.000000 
8516,2022,147.30,0.162976,150.000000 
8517,2020,146.79,0.167220,150.000000 
8518,2005,142.93,0.175708,150.000000 
8519,2021,147.04,0.239517,150.000000 
8520,2027,148.58,0.171491,150.000000 
8521,2025,148.07,0.146082,150.000000 
8522,1985,137.76,0.154551,150.000000 
8523,2023,147.56,0.325147,150.000000 
8524,2021,147.04,0.163057,150.000000 
8525,2022,147.30,0.171541,150.000000 
8526,2021,147.04,0.167308,150.000000 
8527,2025,148.07,0.171554,150.000000 
8528,2021,147.04,0.154611,150.000000 
8529,1962,131.76,0.171566,150.000000 
8530,2023,147.56,0.424402,150.000000 
8531,2021,147.04,0.163138,150.000000 
8532,2026,148.32,0.171622,150.000000 
8533,2022,147.30,0.150446,150.000000 
8534,2023,147.56,0.167394,150.000000 
8535,2024,147.81,0.163162,150.000000 
8536,2015,145.50,0.158931,150.000000 
8537,1979,136.20,0.197121,150.000000 
8538,2022,147.30,0.351101,150.000000 
8539,2020,146.79,0.167455,150.000000 
8540,2022,147.30,0.175942,150.000000 
8541,2026,148.32,0.167469,150.000000 
8542,2026,148.32,0.150531,150.000000 
8543,2023,147.56,0.150535,150.000000 
8544,2029,149.09,0.163245,150.000000 
8545,2022,147.30,0.137853,150.000000 
8546,2026,148.32,0.167491,150.000000 
8547,2023,147.56,0.150554,150.000000 
8548,2022,147.30,0.163263,150.000000 
8549,2023,147.56,0.167507,150.000000 
8550,2027,148.58,0.163275,150.000000 
8551,2022,147.30,0.146343,150.000000 
8552,2022,147.30,0.167523,150.000000 
8553,2054,155.45,0.167529,150.000000 
8554,2025,148.07,0.032663,150.000000 
8555,2025,148.07,0.154812,150.000000 
8556,2026,148.32,0.154817,150.000000 
8557,2022,147.30,0.150588,150.000000 
8558,2025,148.07,0.167536,150.000000 
8559,2022,147.30,0.154832,150.000000 
8560,2031,149.60,0.167547,150.000000 
8561,2025,148.07,0.129464,150.000000 
8562,2026,148.32,0.154844,150.000000 
8563,2026,148.32,0.150615,150.000000 
8564,2027,148.58,0.150619,150.000000 
8565,2022,147.30,0.146391,150.000000 
8566,2025,148.07,0.167570,150.000000 
8567,2027,148.58,0.154866,150.000000 
8568,2027,148.58,0.146405,150.000000 
8569,2025,148.07,0.146408,150.000000 
8570,2041,152.15,0.154878,150.000000 
8571,2027,148.58,0.087325,150.000000 
8572,2025,148.07,0.146411,150.000000 
8573,2022,147.30,0.154880,150.000000 
8574,2024,147.81,0.167595,150.000000 
8575,2030,149.35,0.159127,150.000000 
8576,2030,149.35,0.133743,150.000000 
8577,2026,148.32,0.133745,150.000000 
8578,2022,147.30,0.150666,150.000000 
8579,2026,148.32,0.167614,150.000000 
8580,2022,147.30,0.150677,150.000000 
8581,2021,147.04,0.167624,150.000000 
8582,2027,148.58,0.171871,150.000000 
8583,2026,148.32,0.146462,150.000000 
8584,2023,147.56,0.150698,150.000000 
8585,2026,148.32,0.163407,150.000000 
8586,2029,149.09,0.150707,150.000000 
8587,2028,148.84,0.138019,150.000000 
8588,2025,148.07,0.142250,150.000000 
8589,2032,149.86,0.154950,150.000000 
8590,2027,148.58,0.125350,150.000000 
8591,2026,148.32,0.146489,150.000000 
8592,2025,148.07,0.150725,150.000000 
8593,2030,149.35,0.154962,150.000000 
8594,2023,147.56,0.133813,150.000000 
8595,2021,147.04,0.163440,150.000000 
8596,2029,149.09,0.171924,150.000000 
8597,2000,141.64,0.138055,150.000000 
8598,2025,148.07,0.261319,150.000000 
8599,2025,148.07,0.155003,150.000000 
8600,2030,149.35,0.155008,150.000000 
8601,2071,159.75,0.133859,150.000000 
8602,2030,149.35,-0.038168,150.000000 
8603,2030,149.35,0.133837,150.000000 
8604,2031,149.60,0.133839,150.000000 
8605,2022,147.30,0.129614,150.000000 
8606,2026,148.32,0.167705,150.000000 
8607,2029,149.09,0.150768,150.000000 
8608,2030,149.35,0.138079,150.000000 
8609,2023,147.56,0.133854,150.000000 
8610,2030,149.35,0.163481,150.000000 
8611,2029,149.09,0.133861,150.000000 
8612,2030,149.35,0.138091,150.000000 
8613,2022,147.30,0.133865,150.000000 
8614,1951,128.87,0.167730,150.000000 
8615,2028,148.84,0.472527,150.000000 
8616,2029,149.09,0.142380,150.000000 
8617,2029,149.09,0.138154,150.000000 
8618,2027,148.58,0.138156,150.000000 
8619,2027,148.58,0.146618,150.000000 
8620,2029,149.09,0.146621,150.000000 
8621,2031,149.60,0.138165,150.000000 
8622,2029,149.09,0.129713,150.000000 
8623,2029,149.09,0.138168,150.000000 
8624,2028,148.84,0.138170,150.000000 
8625,2029,149.09,0.142401,150.000000 
8626,2030,149.35,0.138175,150.000000 
8627,2031,149.60,0.133949,150.000000 
8628,2023,147.56,0.129725,150.000000 
8629,2023,147.56,0.163577,150.000000 
8630,2030,149.35,0.163583,150.000000 
8631,2032,149.86,0.133964,150.000000 
8632,2039,151.64,0.125514,150.000000 
